table,record_id,check_id,check,dimension
contacts,C10889,missing_email_contacts,Missing email (contacts),Completeness
contacts,C10076,missing_email_contacts,Missing email (contacts),Completeness
contacts,C10261,missing_email_contacts,Missing email (contacts),Completeness
contacts,C10422,missing_email_contacts,Missing email (contacts),Completeness
contacts,C11226,missing_email_contacts,Missing email (contacts),Completeness
contacts,C10759,missing_email_contacts,Missing email (contacts),Completeness
contacts,C11288,missing_email_contacts,Missing email (contacts),Completeness
contacts,C10762,missing_email_contacts,Missing email (contacts),Completeness
contacts,C10816,missing_email_contacts,Missing email (contacts),Completeness
contacts,C10930,missing_email_contacts,Missing email (contacts),Completeness
contacts,C10156,missing_email_contacts,Missing email (contacts),Completeness
contacts,C11183,missing_email_contacts,Missing email (contacts),Completeness
contacts,C10088,missing_email_contacts,Missing email (contacts),Completeness
contacts,C10266,missing_email_contacts,Missing email (contacts),Completeness
contacts,C10813,missing_email_contacts,Missing email (contacts),Completeness
contacts,C10932,missing_email_contacts,Missing email (contacts),Completeness
contacts,C10227,missing_email_contacts,Missing email (contacts),Completeness
contacts,C10617,missing_email_contacts,Missing email (contacts),Completeness
contacts,C10723,missing_email_contacts,Missing email (contacts),Completeness
contacts,C10006,missing_email_contacts,Missing email (contacts),Completeness
contacts,C10529,missing_email_contacts,Missing email (contacts),Completeness
contacts,C10213,missing_email_contacts,Missing email (contacts),Completeness
contacts,C10677,missing_email_contacts,Missing email (contacts),Completeness
contacts,C10984,missing_email_contacts,Missing email (contacts),Completeness
contacts,C10593,missing_email_contacts,Missing email (contacts),Completeness
contacts,C10708,missing_email_contacts,Missing email (contacts),Completeness
contacts,C10810,missing_email_contacts,Missing email (contacts),Completeness
contacts,C10440,missing_email_contacts,Missing email (contacts),Completeness
contacts,C11235,missing_email_contacts,Missing email (contacts),Completeness
contacts,C10251,missing_email_contacts,Missing email (contacts),Completeness
contacts,C11010,missing_email_contacts,Missing email (contacts),Completeness
contacts,C11029,missing_email_contacts,Missing email (contacts),Completeness
contacts,C10841,missing_email_contacts,Missing email (contacts),Completeness
contacts,C10159,missing_email_contacts,Missing email (contacts),Completeness
contacts,C10521,missing_email_contacts,Missing email (contacts),Completeness
contacts,C11098,missing_email_contacts,Missing email (contacts),Completeness
contacts,C11223,missing_email_contacts,Missing email (contacts),Completeness
contacts,C10217,missing_email_contacts,Missing email (contacts),Completeness
contacts,C11066,missing_email_contacts,Missing email (contacts),Completeness
contacts,C10977,missing_email_contacts,Missing email (contacts),Completeness
contacts,C10284,missing_email_contacts,Missing email (contacts),Completeness
contacts,C11274,missing_email_contacts,Missing email (contacts),Completeness
contacts,C10603,missing_email_contacts,Missing email (contacts),Completeness
contacts,C10655,missing_email_contacts,Missing email (contacts),Completeness
contacts,C10349,missing_email_contacts,Missing email (contacts),Completeness
contacts,C11039,missing_email_contacts,Missing email (contacts),Completeness
contacts,C10301,missing_email_contacts,Missing email (contacts),Completeness
contacts,C11111,missing_email_contacts,Missing email (contacts),Completeness
contacts,C10103,missing_email_contacts,Missing email (contacts),Completeness
contacts,C10151,missing_email_contacts,Missing email (contacts),Completeness
contacts,C10197,missing_email_contacts,Missing email (contacts),Completeness
contacts,C10202,missing_email_contacts,Missing email (contacts),Completeness
contacts,C10384,missing_email_contacts,Missing email (contacts),Completeness
contacts,C11207,missing_email_contacts,Missing email (contacts),Completeness
contacts,C11218,missing_email_contacts,Missing email (contacts),Completeness
contacts,C10645,missing_email_contacts,Missing email (contacts),Completeness
contacts,C10563,missing_email_contacts,Missing email (contacts),Completeness
contacts,C10379,missing_email_contacts,Missing email (contacts),Completeness
contacts,C10791,missing_email_contacts,Missing email (contacts),Completeness
contacts,C11076,missing_email_contacts,Missing email (contacts),Completeness
contacts,C10455,missing_email_contacts,Missing email (contacts),Completeness
contacts,C10401,missing_email_contacts,Missing email (contacts),Completeness
contacts,C11025,missing_email_contacts,Missing email (contacts),Completeness
contacts,C10564,missing_email_contacts,Missing email (contacts),Completeness
contacts,C10276,missing_email_contacts,Missing email (contacts),Completeness
contacts,C10805,missing_email_contacts,Missing email (contacts),Completeness
contacts,C10486,missing_phone_contacts,Missing phone (contacts),Completeness
contacts,C10233,missing_phone_contacts,Missing phone (contacts),Completeness
contacts,C11277,missing_phone_contacts,Missing phone (contacts),Completeness
contacts,C10739,missing_phone_contacts,Missing phone (contacts),Completeness
contacts,C10552,missing_phone_contacts,Missing phone (contacts),Completeness
contacts,C10843,missing_phone_contacts,Missing phone (contacts),Completeness
contacts,C10478,missing_phone_contacts,Missing phone (contacts),Completeness
contacts,C10936,missing_phone_contacts,Missing phone (contacts),Completeness
contacts,C10575,missing_phone_contacts,Missing phone (contacts),Completeness
contacts,C10175,missing_phone_contacts,Missing phone (contacts),Completeness
contacts,C10128,missing_phone_contacts,Missing phone (contacts),Completeness
contacts,C10772,missing_phone_contacts,Missing phone (contacts),Completeness
contacts,C10802,missing_phone_contacts,Missing phone (contacts),Completeness
contacts,C10289,missing_phone_contacts,Missing phone (contacts),Completeness
contacts,C10572,missing_phone_contacts,Missing phone (contacts),Completeness
contacts,C11217,missing_phone_contacts,Missing phone (contacts),Completeness
contacts,C10867,missing_phone_contacts,Missing phone (contacts),Completeness
contacts,C10953,missing_phone_contacts,Missing phone (contacts),Completeness
contacts,C10174,missing_phone_contacts,Missing phone (contacts),Completeness
contacts,C10818,missing_phone_contacts,Missing phone (contacts),Completeness
contacts,C10908,missing_phone_contacts,Missing phone (contacts),Completeness
contacts,C10306,missing_phone_contacts,Missing phone (contacts),Completeness
contacts,C11183,missing_phone_contacts,Missing phone (contacts),Completeness
contacts,C10348,missing_phone_contacts,Missing phone (contacts),Completeness
contacts,C10477,missing_phone_contacts,Missing phone (contacts),Completeness
contacts,C10333,missing_phone_contacts,Missing phone (contacts),Completeness
contacts,C10994,missing_phone_contacts,Missing phone (contacts),Completeness
contacts,C10138,missing_phone_contacts,Missing phone (contacts),Completeness
contacts,C10590,missing_phone_contacts,Missing phone (contacts),Completeness
contacts,C10274,missing_phone_contacts,Missing phone (contacts),Completeness
contacts,C10845,missing_phone_contacts,Missing phone (contacts),Completeness
contacts,C11046,missing_phone_contacts,Missing phone (contacts),Completeness
contacts,C11140,missing_phone_contacts,Missing phone (contacts),Completeness
contacts,C10672,missing_phone_contacts,Missing phone (contacts),Completeness
contacts,C11161,missing_phone_contacts,Missing phone (contacts),Completeness
contacts,C11079,missing_phone_contacts,Missing phone (contacts),Completeness
contacts,C10638,missing_phone_contacts,Missing phone (contacts),Completeness
contacts,C11298,missing_phone_contacts,Missing phone (contacts),Completeness
contacts,C10783,missing_phone_contacts,Missing phone (contacts),Completeness
contacts,C10558,missing_phone_contacts,Missing phone (contacts),Completeness
contacts,C11284,missing_phone_contacts,Missing phone (contacts),Completeness
contacts,C10215,missing_phone_contacts,Missing phone (contacts),Completeness
contacts,C10213,missing_phone_contacts,Missing phone (contacts),Completeness
contacts,C10072,missing_phone_contacts,Missing phone (contacts),Completeness
contacts,C10045,missing_phone_contacts,Missing phone (contacts),Completeness
contacts,C10359,missing_phone_contacts,Missing phone (contacts),Completeness
contacts,C10204,missing_phone_contacts,Missing phone (contacts),Completeness
contacts,C10704,missing_phone_contacts,Missing phone (contacts),Completeness
contacts,C10080,missing_phone_contacts,Missing phone (contacts),Completeness
contacts,C10541,missing_phone_contacts,Missing phone (contacts),Completeness
contacts,C10583,missing_phone_contacts,Missing phone (contacts),Completeness
contacts,C10307,missing_phone_contacts,Missing phone (contacts),Completeness
contacts,C10097,missing_phone_contacts,Missing phone (contacts),Completeness
contacts,C10993,missing_phone_contacts,Missing phone (contacts),Completeness
contacts,C10305,missing_phone_contacts,Missing phone (contacts),Completeness
contacts,C11091,missing_phone_contacts,Missing phone (contacts),Completeness
contacts,C11018,missing_phone_contacts,Missing phone (contacts),Completeness
contacts,C10062,missing_phone_contacts,Missing phone (contacts),Completeness
contacts,C10144,missing_phone_contacts,Missing phone (contacts),Completeness
contacts,C11043,missing_phone_contacts,Missing phone (contacts),Completeness
contacts,C10525,missing_phone_contacts,Missing phone (contacts),Completeness
contacts,C11255,missing_phone_contacts,Missing phone (contacts),Completeness
contacts,C10133,missing_phone_contacts,Missing phone (contacts),Completeness
contacts,C10948,missing_phone_contacts,Missing phone (contacts),Completeness
contacts,C10713,missing_phone_contacts,Missing phone (contacts),Completeness
contacts,C10421,missing_phone_contacts,Missing phone (contacts),Completeness
contacts,C10185,missing_phone_contacts,Missing phone (contacts),Completeness
contacts,C10041,missing_phone_contacts,Missing phone (contacts),Completeness
contacts,C11010,missing_phone_contacts,Missing phone (contacts),Completeness
contacts,C10454,missing_phone_contacts,Missing phone (contacts),Completeness
contacts,C10694,missing_phone_contacts,Missing phone (contacts),Completeness
contacts,C10662,missing_phone_contacts,Missing phone (contacts),Completeness
contacts,C10555,missing_phone_contacts,Missing phone (contacts),Completeness
contacts,C10576,missing_phone_contacts,Missing phone (contacts),Completeness
contacts,C10834,missing_phone_contacts,Missing phone (contacts),Completeness
contacts,C10257,missing_phone_contacts,Missing phone (contacts),Completeness
contacts,C10335,missing_phone_contacts,Missing phone (contacts),Completeness
contacts,C10179,missing_phone_contacts,Missing phone (contacts),Completeness
contacts,C10356,missing_phone_contacts,Missing phone (contacts),Completeness
contacts,C11066,missing_phone_contacts,Missing phone (contacts),Completeness
contacts,C11077,missing_phone_contacts,Missing phone (contacts),Completeness
contacts,C10580,missing_phone_contacts,Missing phone (contacts),Completeness
contacts,C10188,missing_phone_contacts,Missing phone (contacts),Completeness
contacts,C10801,missing_phone_contacts,Missing phone (contacts),Completeness
contacts,C10512,missing_phone_contacts,Missing phone (contacts),Completeness
contacts,C10935,missing_phone_contacts,Missing phone (contacts),Completeness
contacts,C10837,missing_phone_contacts,Missing phone (contacts),Completeness
contacts,C10470,missing_phone_contacts,Missing phone (contacts),Completeness
contacts,C10399,missing_phone_contacts,Missing phone (contacts),Completeness
contacts,C10511,missing_phone_contacts,Missing phone (contacts),Completeness
contacts,C10784,missing_phone_contacts,Missing phone (contacts),Completeness
contacts,C10980,missing_phone_contacts,Missing phone (contacts),Completeness
contacts,C10606,missing_phone_contacts,Missing phone (contacts),Completeness
contacts,C10037,missing_phone_contacts,Missing phone (contacts),Completeness
contacts,C11045,missing_phone_contacts,Missing phone (contacts),Completeness
contacts,C10469,missing_phone_contacts,Missing phone (contacts),Completeness
contacts,C10687,missing_phone_contacts,Missing phone (contacts),Completeness
contacts,C11124,missing_phone_contacts,Missing phone (contacts),Completeness
contacts,C11249,missing_phone_contacts,Missing phone (contacts),Completeness
contacts,C10345,missing_phone_contacts,Missing phone (contacts),Completeness
contacts,C11244,missing_phone_contacts,Missing phone (contacts),Completeness
contacts,C10681,missing_phone_contacts,Missing phone (contacts),Completeness
contacts,C11109,missing_phone_contacts,Missing phone (contacts),Completeness
contacts,C10484,missing_phone_contacts,Missing phone (contacts),Completeness
contacts,C10742,missing_phone_contacts,Missing phone (contacts),Completeness
contacts,C10725,missing_phone_contacts,Missing phone (contacts),Completeness
contacts,C10098,missing_phone_contacts,Missing phone (contacts),Completeness
contacts,C10406,missing_phone_contacts,Missing phone (contacts),Completeness
contacts,C11162,missing_phone_contacts,Missing phone (contacts),Completeness
contacts,C10337,missing_phone_contacts,Missing phone (contacts),Completeness
contacts,C10295,missing_phone_contacts,Missing phone (contacts),Completeness
contacts,C11016,missing_phone_contacts,Missing phone (contacts),Completeness
contacts,C10455,missing_phone_contacts,Missing phone (contacts),Completeness
contacts,C10995,missing_phone_contacts,Missing phone (contacts),Completeness
contacts,C11025,missing_phone_contacts,Missing phone (contacts),Completeness
contacts,C10241,missing_phone_contacts,Missing phone (contacts),Completeness
contacts,C10315,missing_phone_contacts,Missing phone (contacts),Completeness
contacts,C10747,missing_phone_contacts,Missing phone (contacts),Completeness
contacts,C10860,missing_phone_contacts,Missing phone (contacts),Completeness
contacts,C10678,missing_industry_contacts,Missing industry (contacts),Completeness
contacts,C10548,missing_industry_contacts,Missing industry (contacts),Completeness
contacts,C10078,missing_industry_contacts,Missing industry (contacts),Completeness
contacts,C10887,missing_industry_contacts,Missing industry (contacts),Completeness
contacts,C10741,missing_industry_contacts,Missing industry (contacts),Completeness
contacts,C10754,missing_industry_contacts,Missing industry (contacts),Completeness
contacts,C10261,missing_industry_contacts,Missing industry (contacts),Completeness
contacts,C10063,missing_industry_contacts,Missing industry (contacts),Completeness
contacts,C10428,missing_industry_contacts,Missing industry (contacts),Completeness
contacts,C10967,missing_industry_contacts,Missing industry (contacts),Completeness
contacts,C10872,missing_industry_contacts,Missing industry (contacts),Completeness
contacts,C11296,missing_industry_contacts,Missing industry (contacts),Completeness
contacts,C10535,missing_industry_contacts,Missing industry (contacts),Completeness
contacts,C11065,missing_industry_contacts,Missing industry (contacts),Completeness
contacts,C10921,missing_industry_contacts,Missing industry (contacts),Completeness
contacts,C11094,missing_industry_contacts,Missing industry (contacts),Completeness
contacts,C10298,missing_industry_contacts,Missing industry (contacts),Completeness
contacts,C11035,missing_industry_contacts,Missing industry (contacts),Completeness
contacts,C10115,missing_industry_contacts,Missing industry (contacts),Completeness
contacts,C10964,missing_industry_contacts,Missing industry (contacts),Completeness
contacts,C10409,missing_industry_contacts,Missing industry (contacts),Completeness
contacts,C11293,missing_industry_contacts,Missing industry (contacts),Completeness
contacts,C10575,missing_industry_contacts,Missing industry (contacts),Completeness
contacts,C10807,missing_industry_contacts,Missing industry (contacts),Completeness
contacts,C10534,missing_industry_contacts,Missing industry (contacts),Completeness
contacts,C10339,missing_industry_contacts,Missing industry (contacts),Completeness
contacts,C11314,missing_industry_contacts,Missing industry (contacts),Completeness
contacts,C10029,missing_industry_contacts,Missing industry (contacts),Completeness
contacts,C10934,missing_industry_contacts,Missing industry (contacts),Completeness
contacts,C11181,missing_industry_contacts,Missing industry (contacts),Completeness
contacts,C10031,missing_industry_contacts,Missing industry (contacts),Completeness
contacts,C10070,missing_industry_contacts,Missing industry (contacts),Completeness
contacts,C10367,missing_industry_contacts,Missing industry (contacts),Completeness
contacts,C10572,missing_industry_contacts,Missing industry (contacts),Completeness
contacts,C10113,missing_industry_contacts,Missing industry (contacts),Completeness
contacts,C11088,missing_industry_contacts,Missing industry (contacts),Completeness
contacts,C10582,missing_industry_contacts,Missing industry (contacts),Completeness
contacts,C10909,missing_industry_contacts,Missing industry (contacts),Completeness
contacts,C10322,missing_industry_contacts,Missing industry (contacts),Completeness
contacts,C10814,missing_industry_contacts,Missing industry (contacts),Completeness
contacts,C11285,missing_industry_contacts,Missing industry (contacts),Completeness
contacts,C10952,missing_industry_contacts,Missing industry (contacts),Completeness
contacts,C10912,missing_industry_contacts,Missing industry (contacts),Completeness
contacts,C10312,missing_industry_contacts,Missing industry (contacts),Completeness
contacts,C10429,missing_industry_contacts,Missing industry (contacts),Completeness
contacts,C10651,missing_industry_contacts,Missing industry (contacts),Completeness
contacts,C10908,missing_industry_contacts,Missing industry (contacts),Completeness
contacts,C11127,missing_industry_contacts,Missing industry (contacts),Completeness
contacts,C11183,missing_industry_contacts,Missing industry (contacts),Completeness
contacts,C10970,missing_industry_contacts,Missing industry (contacts),Completeness
contacts,C10294,missing_industry_contacts,Missing industry (contacts),Completeness
contacts,C10461,missing_industry_contacts,Missing industry (contacts),Completeness
contacts,C10059,missing_industry_contacts,Missing industry (contacts),Completeness
contacts,C11134,missing_industry_contacts,Missing industry (contacts),Completeness
contacts,C11036,missing_industry_contacts,Missing industry (contacts),Completeness
contacts,C10129,missing_industry_contacts,Missing industry (contacts),Completeness
contacts,C10138,missing_industry_contacts,Missing industry (contacts),Completeness
contacts,C11151,missing_industry_contacts,Missing industry (contacts),Completeness
contacts,C11157,missing_industry_contacts,Missing industry (contacts),Completeness
contacts,C10224,missing_industry_contacts,Missing industry (contacts),Completeness
contacts,C10590,missing_industry_contacts,Missing industry (contacts),Completeness
contacts,C10415,missing_industry_contacts,Missing industry (contacts),Completeness
contacts,C11178,missing_industry_contacts,Missing industry (contacts),Completeness
contacts,C10914,missing_industry_contacts,Missing industry (contacts),Completeness
contacts,C10528,missing_industry_contacts,Missing industry (contacts),Completeness
contacts,C10003,missing_industry_contacts,Missing industry (contacts),Completeness
contacts,C11140,missing_industry_contacts,Missing industry (contacts),Completeness
contacts,C10513,missing_industry_contacts,Missing industry (contacts),Completeness
contacts,C11212,missing_industry_contacts,Missing industry (contacts),Completeness
contacts,C10319,missing_industry_contacts,Missing industry (contacts),Completeness
contacts,C10005,missing_industry_contacts,Missing industry (contacts),Completeness
contacts,C10100,missing_industry_contacts,Missing industry (contacts),Completeness
contacts,C11079,missing_industry_contacts,Missing industry (contacts),Completeness
contacts,C10638,missing_industry_contacts,Missing industry (contacts),Completeness
contacts,C10067,missing_industry_contacts,Missing industry (contacts),Completeness
contacts,C10781,missing_industry_contacts,Missing industry (contacts),Completeness
contacts,C10809,missing_industry_contacts,Missing industry (contacts),Completeness
contacts,C11155,missing_industry_contacts,Missing industry (contacts),Completeness
contacts,C11121,missing_industry_contacts,Missing industry (contacts),Completeness
contacts,C11259,missing_industry_contacts,Missing industry (contacts),Completeness
contacts,C10536,missing_industry_contacts,Missing industry (contacts),Completeness
contacts,C10529,missing_industry_contacts,Missing industry (contacts),Completeness
contacts,C11168,missing_industry_contacts,Missing industry (contacts),Completeness
contacts,C10650,missing_industry_contacts,Missing industry (contacts),Completeness
contacts,C10047,missing_industry_contacts,Missing industry (contacts),Completeness
contacts,C10106,missing_industry_contacts,Missing industry (contacts),Completeness
contacts,C10636,missing_industry_contacts,Missing industry (contacts),Completeness
contacts,C11008,missing_industry_contacts,Missing industry (contacts),Completeness
contacts,C10523,missing_industry_contacts,Missing industry (contacts),Completeness
contacts,C10465,missing_industry_contacts,Missing industry (contacts),Completeness
contacts,C10594,missing_industry_contacts,Missing industry (contacts),Completeness
contacts,C10888,missing_industry_contacts,Missing industry (contacts),Completeness
contacts,C10599,missing_industry_contacts,Missing industry (contacts),Completeness
contacts,C10388,missing_industry_contacts,Missing industry (contacts),Completeness
contacts,C10082,missing_industry_contacts,Missing industry (contacts),Completeness
contacts,C10436,missing_industry_contacts,Missing industry (contacts),Completeness
contacts,C10404,missing_industry_contacts,Missing industry (contacts),Completeness
contacts,C10104,missing_industry_contacts,Missing industry (contacts),Completeness
contacts,C10609,missing_industry_contacts,Missing industry (contacts),Completeness
contacts,C10145,missing_industry_contacts,Missing industry (contacts),Completeness
contacts,C10373,missing_industry_contacts,Missing industry (contacts),Completeness
contacts,C10898,missing_industry_contacts,Missing industry (contacts),Completeness
contacts,C11062,missing_industry_contacts,Missing industry (contacts),Completeness
contacts,C10557,missing_industry_contacts,Missing industry (contacts),Completeness
contacts,C10144,missing_industry_contacts,Missing industry (contacts),Completeness
contacts,C10708,missing_industry_contacts,Missing industry (contacts),Completeness
contacts,C10676,missing_industry_contacts,Missing industry (contacts),Completeness
contacts,C10858,missing_industry_contacts,Missing industry (contacts),Completeness
contacts,C10258,missing_industry_contacts,Missing industry (contacts),Completeness
contacts,C11043,missing_industry_contacts,Missing industry (contacts),Completeness
contacts,C10996,missing_industry_contacts,Missing industry (contacts),Completeness
contacts,C10212,missing_industry_contacts,Missing industry (contacts),Completeness
contacts,C11133,missing_industry_contacts,Missing industry (contacts),Completeness
contacts,C10948,missing_industry_contacts,Missing industry (contacts),Completeness
contacts,C10172,missing_industry_contacts,Missing industry (contacts),Completeness
contacts,C10450,missing_industry_contacts,Missing industry (contacts),Completeness
contacts,C10300,missing_industry_contacts,Missing industry (contacts),Completeness
contacts,C10855,missing_industry_contacts,Missing industry (contacts),Completeness
contacts,C10947,missing_industry_contacts,Missing industry (contacts),Completeness
contacts,C10383,missing_industry_contacts,Missing industry (contacts),Completeness
contacts,C10734,missing_industry_contacts,Missing industry (contacts),Completeness
contacts,C11011,missing_industry_contacts,Missing industry (contacts),Completeness
contacts,C10662,missing_industry_contacts,Missing industry (contacts),Completeness
contacts,C11299,missing_industry_contacts,Missing industry (contacts),Completeness
contacts,C10500,missing_industry_contacts,Missing industry (contacts),Completeness
contacts,C10167,missing_industry_contacts,Missing industry (contacts),Completeness
contacts,C10576,missing_industry_contacts,Missing industry (contacts),Completeness
contacts,C10426,missing_industry_contacts,Missing industry (contacts),Completeness
contacts,C10544,missing_industry_contacts,Missing industry (contacts),Completeness
contacts,C10851,missing_industry_contacts,Missing industry (contacts),Completeness
contacts,C10515,missing_industry_contacts,Missing industry (contacts),Completeness
contacts,C10324,missing_industry_contacts,Missing industry (contacts),Completeness
contacts,C10607,missing_industry_contacts,Missing industry (contacts),Completeness
contacts,C10900,missing_industry_contacts,Missing industry (contacts),Completeness
contacts,C10222,missing_industry_contacts,Missing industry (contacts),Completeness
contacts,C10757,missing_industry_contacts,Missing industry (contacts),Completeness
contacts,C10761,missing_industry_contacts,Missing industry (contacts),Completeness
contacts,C11125,missing_industry_contacts,Missing industry (contacts),Completeness
contacts,C10911,missing_industry_contacts,Missing industry (contacts),Completeness
contacts,C10703,missing_industry_contacts,Missing industry (contacts),Completeness
contacts,C10487,missing_industry_contacts,Missing industry (contacts),Completeness
contacts,C11274,missing_industry_contacts,Missing industry (contacts),Completeness
contacts,C10637,missing_industry_contacts,Missing industry (contacts),Completeness
contacts,C10907,missing_industry_contacts,Missing industry (contacts),Completeness
contacts,C10740,missing_industry_contacts,Missing industry (contacts),Completeness
contacts,C10656,missing_industry_contacts,Missing industry (contacts),Completeness
contacts,C10655,missing_industry_contacts,Missing industry (contacts),Completeness
contacts,C10866,missing_industry_contacts,Missing industry (contacts),Completeness
contacts,C10876,missing_industry_contacts,Missing industry (contacts),Completeness
contacts,C10619,missing_industry_contacts,Missing industry (contacts),Completeness
contacts,C11204,missing_industry_contacts,Missing industry (contacts),Completeness
contacts,C11179,missing_industry_contacts,Missing industry (contacts),Completeness
contacts,C10124,missing_industry_contacts,Missing industry (contacts),Completeness
contacts,C10574,missing_industry_contacts,Missing industry (contacts),Completeness
contacts,C10697,missing_industry_contacts,Missing industry (contacts),Completeness
contacts,C10726,missing_industry_contacts,Missing industry (contacts),Completeness
contacts,C10653,missing_industry_contacts,Missing industry (contacts),Completeness
contacts,C10684,missing_industry_contacts,Missing industry (contacts),Completeness
contacts,C10035,missing_industry_contacts,Missing industry (contacts),Completeness
contacts,C10961,missing_industry_contacts,Missing industry (contacts),Completeness
contacts,C10127,missing_industry_contacts,Missing industry (contacts),Completeness
contacts,C11295,missing_industry_contacts,Missing industry (contacts),Completeness
contacts,C10496,missing_industry_contacts,Missing industry (contacts),Completeness
contacts,C10546,missing_industry_contacts,Missing industry (contacts),Completeness
contacts,C11110,missing_industry_contacts,Missing industry (contacts),Completeness
contacts,C10229,missing_industry_contacts,Missing industry (contacts),Completeness
contacts,C11131,missing_industry_contacts,Missing industry (contacts),Completeness
contacts,C10687,missing_industry_contacts,Missing industry (contacts),Completeness
contacts,C10639,missing_industry_contacts,Missing industry (contacts),Completeness
contacts,C10956,missing_industry_contacts,Missing industry (contacts),Completeness
contacts,C10053,missing_industry_contacts,Missing industry (contacts),Completeness
contacts,C10403,missing_industry_contacts,Missing industry (contacts),Completeness
contacts,C10253,missing_industry_contacts,Missing industry (contacts),Completeness
contacts,C11156,missing_industry_contacts,Missing industry (contacts),Completeness
contacts,C10262,missing_industry_contacts,Missing industry (contacts),Completeness
contacts,C10640,missing_industry_contacts,Missing industry (contacts),Completeness
contacts,C11307,missing_industry_contacts,Missing industry (contacts),Completeness
contacts,C11244,missing_industry_contacts,Missing industry (contacts),Completeness
contacts,C10279,missing_industry_contacts,Missing industry (contacts),Completeness
contacts,C10293,missing_industry_contacts,Missing industry (contacts),Completeness
contacts,C10122,missing_industry_contacts,Missing industry (contacts),Completeness
contacts,C11254,missing_industry_contacts,Missing industry (contacts),Completeness
contacts,C10001,missing_industry_contacts,Missing industry (contacts),Completeness
contacts,C11190,missing_industry_contacts,Missing industry (contacts),Completeness
contacts,C10441,missing_industry_contacts,Missing industry (contacts),Completeness
contacts,C10317,missing_industry_contacts,Missing industry (contacts),Completeness
contacts,C10645,missing_industry_contacts,Missing industry (contacts),Completeness
contacts,C11038,missing_industry_contacts,Missing industry (contacts),Completeness
contacts,C10206,missing_industry_contacts,Missing industry (contacts),Completeness
contacts,C10642,missing_industry_contacts,Missing industry (contacts),Completeness
contacts,C10683,missing_industry_contacts,Missing industry (contacts),Completeness
contacts,C10098,missing_industry_contacts,Missing industry (contacts),Completeness
contacts,C10502,missing_industry_contacts,Missing industry (contacts),Completeness
contacts,C11017,missing_industry_contacts,Missing industry (contacts),Completeness
contacts,C10391,missing_industry_contacts,Missing industry (contacts),Completeness
contacts,C10647,missing_industry_contacts,Missing industry (contacts),Completeness
contacts,C11152,missing_industry_contacts,Missing industry (contacts),Completeness
contacts,C10064,missing_industry_contacts,Missing industry (contacts),Completeness
contacts,C10492,missing_industry_contacts,Missing industry (contacts),Completeness
contacts,C10379,missing_industry_contacts,Missing industry (contacts),Completeness
contacts,C10216,missing_industry_contacts,Missing industry (contacts),Completeness
contacts,C10791,missing_industry_contacts,Missing industry (contacts),Completeness
contacts,C11076,missing_industry_contacts,Missing industry (contacts),Completeness
contacts,C10565,missing_industry_contacts,Missing industry (contacts),Completeness
contacts,C10034,missing_industry_contacts,Missing industry (contacts),Completeness
contacts,C10508,missing_industry_contacts,Missing industry (contacts),Completeness
contacts,C10776,missing_industry_contacts,Missing industry (contacts),Completeness
contacts,C10600,missing_industry_contacts,Missing industry (contacts),Completeness
contacts,C10387,missing_industry_contacts,Missing industry (contacts),Completeness
contacts,C11184,missing_industry_contacts,Missing industry (contacts),Completeness
contacts,C10087,missing_industry_contacts,Missing industry (contacts),Completeness
contacts,C10486,missing_lead_source_contacts,Missing lead source (contacts),Completeness
contacts,C10420,missing_lead_source_contacts,Missing lead source (contacts),Completeness
contacts,C10889,missing_lead_source_contacts,Missing lead source (contacts),Completeness
contacts,C10666,missing_lead_source_contacts,Missing lead source (contacts),Completeness
contacts,C10051,missing_lead_source_contacts,Missing lead source (contacts),Completeness
contacts,C11072,missing_lead_source_contacts,Missing lead source (contacts),Completeness
contacts,C10967,missing_lead_source_contacts,Missing lead source (contacts),Completeness
contacts,C11034,missing_lead_source_contacts,Missing lead source (contacts),Completeness
contacts,C11050,missing_lead_source_contacts,Missing lead source (contacts),Completeness
contacts,C10309,missing_lead_source_contacts,Missing lead source (contacts),Completeness
contacts,C10377,missing_lead_source_contacts,Missing lead source (contacts),Completeness
contacts,C11094,missing_lead_source_contacts,Missing lead source (contacts),Completeness
contacts,C10430,missing_lead_source_contacts,Missing lead source (contacts),Completeness
contacts,C11113,missing_lead_source_contacts,Missing lead source (contacts),Completeness
contacts,C10254,missing_lead_source_contacts,Missing lead source (contacts),Completeness
contacts,C10081,missing_lead_source_contacts,Missing lead source (contacts),Completeness
contacts,C10526,missing_lead_source_contacts,Missing lead source (contacts),Completeness
contacts,C11035,missing_lead_source_contacts,Missing lead source (contacts),Completeness
contacts,C10478,missing_lead_source_contacts,Missing lead source (contacts),Completeness
contacts,C10527,missing_lead_source_contacts,Missing lead source (contacts),Completeness
contacts,C10351,missing_lead_source_contacts,Missing lead source (contacts),Completeness
contacts,C10259,missing_lead_source_contacts,Missing lead source (contacts),Completeness
contacts,C11084,missing_lead_source_contacts,Missing lead source (contacts),Completeness
contacts,C10175,missing_lead_source_contacts,Missing lead source (contacts),Completeness
contacts,C10433,missing_lead_source_contacts,Missing lead source (contacts),Completeness
contacts,C10867,missing_lead_source_contacts,Missing lead source (contacts),Completeness
contacts,C10168,missing_lead_source_contacts,Missing lead source (contacts),Completeness
contacts,C10054,missing_lead_source_contacts,Missing lead source (contacts),Completeness
contacts,C10056,missing_lead_source_contacts,Missing lead source (contacts),Completeness
contacts,C10405,missing_lead_source_contacts,Missing lead source (contacts),Completeness
contacts,C10010,missing_lead_source_contacts,Missing lead source (contacts),Completeness
contacts,C10374,missing_lead_source_contacts,Missing lead source (contacts),Completeness
contacts,C10873,missing_lead_source_contacts,Missing lead source (contacts),Completeness
contacts,C10630,missing_lead_source_contacts,Missing lead source (contacts),Completeness
contacts,C10447,missing_lead_source_contacts,Missing lead source (contacts),Completeness
contacts,C10156,missing_lead_source_contacts,Missing lead source (contacts),Completeness
contacts,C11153,missing_lead_source_contacts,Missing lead source (contacts),Completeness
contacts,C11159,missing_lead_source_contacts,Missing lead source (contacts),Completeness
contacts,C10178,missing_lead_source_contacts,Missing lead source (contacts),Completeness
contacts,C10287,missing_lead_source_contacts,Missing lead source (contacts),Completeness
contacts,C11099,missing_lead_source_contacts,Missing lead source (contacts),Completeness
contacts,C10979,missing_lead_source_contacts,Missing lead source (contacts),Completeness
contacts,C11268,missing_lead_source_contacts,Missing lead source (contacts),Completeness
contacts,C11317,missing_lead_source_contacts,Missing lead source (contacts),Completeness
contacts,C10348,missing_lead_source_contacts,Missing lead source (contacts),Completeness
contacts,C10059,missing_lead_source_contacts,Missing lead source (contacts),Completeness
contacts,C10846,missing_lead_source_contacts,Missing lead source (contacts),Completeness
contacts,C10083,missing_lead_source_contacts,Missing lead source (contacts),Completeness
contacts,C10714,missing_lead_source_contacts,Missing lead source (contacts),Completeness
contacts,C11024,missing_lead_source_contacts,Missing lead source (contacts),Completeness
contacts,C10325,missing_lead_source_contacts,Missing lead source (contacts),Completeness
contacts,C10695,missing_lead_source_contacts,Missing lead source (contacts),Completeness
contacts,C10030,missing_lead_source_contacts,Missing lead source (contacts),Completeness
contacts,C10242,missing_lead_source_contacts,Missing lead source (contacts),Completeness
contacts,C11000,missing_lead_source_contacts,Missing lead source (contacts),Completeness
contacts,C10513,missing_lead_source_contacts,Missing lead source (contacts),Completeness
contacts,C10314,missing_lead_source_contacts,Missing lead source (contacts),Completeness
contacts,C10442,missing_lead_source_contacts,Missing lead source (contacts),Completeness
contacts,C10319,missing_lead_source_contacts,Missing lead source (contacts),Completeness
contacts,C10005,missing_lead_source_contacts,Missing lead source (contacts),Completeness
contacts,C10783,missing_lead_source_contacts,Missing lead source (contacts),Completeness
contacts,C10838,missing_lead_source_contacts,Missing lead source (contacts),Completeness
contacts,C10311,missing_lead_source_contacts,Missing lead source (contacts),Completeness
contacts,C10106,missing_lead_source_contacts,Missing lead source (contacts),Completeness
contacts,C10055,missing_lead_source_contacts,Missing lead source (contacts),Completeness
contacts,C10615,missing_lead_source_contacts,Missing lead source (contacts),Completeness
contacts,C11008,missing_lead_source_contacts,Missing lead source (contacts),Completeness
contacts,C10060,missing_lead_source_contacts,Missing lead source (contacts),Completeness
contacts,C10110,missing_lead_source_contacts,Missing lead source (contacts),Completeness
contacts,C10670,missing_lead_source_contacts,Missing lead source (contacts),Completeness
contacts,C10137,missing_lead_source_contacts,Missing lead source (contacts),Completeness
contacts,C10888,missing_lead_source_contacts,Missing lead source (contacts),Completeness
contacts,C10583,missing_lead_source_contacts,Missing lead source (contacts),Completeness
contacts,C10248,missing_lead_source_contacts,Missing lead source (contacts),Completeness
contacts,C10334,missing_lead_source_contacts,Missing lead source (contacts),Completeness
contacts,C10744,missing_lead_source_contacts,Missing lead source (contacts),Completeness
contacts,C10388,missing_lead_source_contacts,Missing lead source (contacts),Completeness
contacts,C10828,missing_lead_source_contacts,Missing lead source (contacts),Completeness
contacts,C10457,missing_lead_source_contacts,Missing lead source (contacts),Completeness
contacts,C10780,missing_lead_source_contacts,Missing lead source (contacts),Completeness
contacts,C10736,missing_lead_source_contacts,Missing lead source (contacts),Completeness
contacts,C10898,missing_lead_source_contacts,Missing lead source (contacts),Completeness
contacts,C10460,missing_lead_source_contacts,Missing lead source (contacts),Completeness
contacts,C11219,missing_lead_source_contacts,Missing lead source (contacts),Completeness
contacts,C11150,missing_lead_source_contacts,Missing lead source (contacts),Completeness
contacts,C10148,missing_lead_source_contacts,Missing lead source (contacts),Completeness
contacts,C10671,missing_lead_source_contacts,Missing lead source (contacts),Completeness
contacts,C11266,missing_lead_source_contacts,Missing lead source (contacts),Completeness
contacts,C10530,missing_lead_source_contacts,Missing lead source (contacts),Completeness
contacts,C10811,missing_lead_source_contacts,Missing lead source (contacts),Completeness
contacts,C10326,missing_lead_source_contacts,Missing lead source (contacts),Completeness
contacts,C10164,missing_lead_source_contacts,Missing lead source (contacts),Completeness
contacts,C10028,missing_lead_source_contacts,Missing lead source (contacts),Completeness
contacts,C11087,missing_lead_source_contacts,Missing lead source (contacts),Completeness
contacts,C10108,missing_lead_source_contacts,Missing lead source (contacts),Completeness
contacts,C10568,missing_lead_source_contacts,Missing lead source (contacts),Completeness
contacts,C11269,missing_lead_source_contacts,Missing lead source (contacts),Completeness
contacts,C10483,missing_lead_source_contacts,Missing lead source (contacts),Completeness
contacts,C10395,missing_lead_source_contacts,Missing lead source (contacts),Completeness
contacts,C10176,missing_lead_source_contacts,Missing lead source (contacts),Completeness
contacts,C10500,missing_lead_source_contacts,Missing lead source (contacts),Completeness
contacts,C10848,missing_lead_source_contacts,Missing lead source (contacts),Completeness
contacts,C10555,missing_lead_source_contacts,Missing lead source (contacts),Completeness
contacts,C10689,missing_lead_source_contacts,Missing lead source (contacts),Completeness
contacts,C10324,missing_lead_source_contacts,Missing lead source (contacts),Completeness
contacts,C10099,missing_lead_source_contacts,Missing lead source (contacts),Completeness
contacts,C10836,missing_lead_source_contacts,Missing lead source (contacts),Completeness
contacts,C10521,missing_lead_source_contacts,Missing lead source (contacts),Completeness
contacts,C10733,missing_lead_source_contacts,Missing lead source (contacts),Completeness
contacts,C11098,missing_lead_source_contacts,Missing lead source (contacts),Completeness
contacts,C10911,missing_lead_source_contacts,Missing lead source (contacts),Completeness
contacts,C10977,missing_lead_source_contacts,Missing lead source (contacts),Completeness
contacts,C10117,missing_lead_source_contacts,Missing lead source (contacts),Completeness
contacts,C10126,missing_lead_source_contacts,Missing lead source (contacts),Completeness
contacts,C10669,missing_lead_source_contacts,Missing lead source (contacts),Completeness
contacts,C10369,missing_lead_source_contacts,Missing lead source (contacts),Completeness
contacts,C10866,missing_lead_source_contacts,Missing lead source (contacts),Completeness
contacts,C10046,missing_lead_source_contacts,Missing lead source (contacts),Completeness
contacts,C10571,missing_lead_source_contacts,Missing lead source (contacts),Completeness
contacts,C10050,missing_lead_source_contacts,Missing lead source (contacts),Completeness
contacts,C11039,missing_lead_source_contacts,Missing lead source (contacts),Completeness
contacts,C10035,missing_lead_source_contacts,Missing lead source (contacts),Completeness
contacts,C10992,missing_lead_source_contacts,Missing lead source (contacts),Completeness
contacts,C11019,missing_lead_source_contacts,Missing lead source (contacts),Completeness
contacts,C11283,missing_lead_source_contacts,Missing lead source (contacts),Completeness
contacts,C10469,missing_lead_source_contacts,Missing lead source (contacts),Completeness
contacts,C10160,missing_lead_source_contacts,Missing lead source (contacts),Completeness
contacts,C10956,missing_lead_source_contacts,Missing lead source (contacts),Completeness
contacts,C11124,missing_lead_source_contacts,Missing lead source (contacts),Completeness
contacts,C10623,missing_lead_source_contacts,Missing lead source (contacts),Completeness
contacts,C11137,missing_lead_source_contacts,Missing lead source (contacts),Completeness
contacts,C10202,missing_lead_source_contacts,Missing lead source (contacts),Completeness
contacts,C10835,missing_lead_source_contacts,Missing lead source (contacts),Completeness
contacts,C10246,missing_lead_source_contacts,Missing lead source (contacts),Completeness
contacts,C10219,missing_lead_source_contacts,Missing lead source (contacts),Completeness
contacts,C10095,missing_lead_source_contacts,Missing lead source (contacts),Completeness
contacts,C10206,missing_lead_source_contacts,Missing lead source (contacts),Completeness
contacts,C10392,missing_lead_source_contacts,Missing lead source (contacts),Completeness
contacts,C11028,missing_lead_source_contacts,Missing lead source (contacts),Completeness
contacts,C10502,missing_lead_source_contacts,Missing lead source (contacts),Completeness
contacts,C10929,missing_lead_source_contacts,Missing lead source (contacts),Completeness
contacts,C11017,missing_lead_source_contacts,Missing lead source (contacts),Completeness
contacts,C10378,missing_lead_source_contacts,Missing lead source (contacts),Completeness
contacts,C10288,missing_lead_source_contacts,Missing lead source (contacts),Completeness
contacts,C10418,missing_lead_source_contacts,Missing lead source (contacts),Completeness
contacts,C10647,missing_lead_source_contacts,Missing lead source (contacts),Completeness
contacts,C10295,missing_lead_source_contacts,Missing lead source (contacts),Completeness
contacts,C11016,missing_lead_source_contacts,Missing lead source (contacts),Completeness
contacts,C10201,missing_lead_source_contacts,Missing lead source (contacts),Completeness
contacts,C10161,missing_lead_source_contacts,Missing lead source (contacts),Completeness
contacts,C10315,missing_lead_source_contacts,Missing lead source (contacts),Completeness
contacts,C11267,missing_lead_source_contacts,Missing lead source (contacts),Completeness
contacts,C10562,missing_lead_source_contacts,Missing lead source (contacts),Completeness
contacts,C10686,missing_lead_source_contacts,Missing lead source (contacts),Completeness
contacts,C10510,missing_lead_source_contacts,Missing lead source (contacts),Completeness
contacts,C11082,missing_lead_source_contacts,Missing lead source (contacts),Completeness
contacts,C11123,missing_lead_source_contacts,Missing lead source (contacts),Completeness
contacts,C11095,missing_lead_source_contacts,Missing lead source (contacts),Completeness
contacts,C10705,missing_owner_contacts,Missing owner (contacts),Completeness
contacts,C10754,missing_owner_contacts,Missing owner (contacts),Completeness
contacts,C10076,missing_owner_contacts,Missing owner (contacts),Completeness
contacts,C10631,missing_owner_contacts,Missing owner (contacts),Completeness
contacts,C10771,missing_owner_contacts,Missing owner (contacts),Completeness
contacts,C10352,missing_owner_contacts,Missing owner (contacts),Completeness
contacts,C11035,missing_owner_contacts,Missing owner (contacts),Completeness
contacts,C10578,missing_owner_contacts,Missing owner (contacts),Completeness
contacts,C10351,missing_owner_contacts,Missing owner (contacts),Completeness
contacts,C10259,missing_owner_contacts,Missing owner (contacts),Completeness
contacts,C10291,missing_owner_contacts,Missing owner (contacts),Completeness
contacts,C10826,missing_owner_contacts,Missing owner (contacts),Completeness
contacts,C10952,missing_owner_contacts,Missing owner (contacts),Completeness
contacts,C11183,missing_owner_contacts,Missing owner (contacts),Completeness
contacts,C10990,missing_owner_contacts,Missing owner (contacts),Completeness
contacts,C10743,missing_owner_contacts,Missing owner (contacts),Completeness
contacts,C10318,missing_owner_contacts,Missing owner (contacts),Completeness
contacts,C10141,missing_owner_contacts,Missing owner (contacts),Completeness
contacts,C10224,missing_owner_contacts,Missing owner (contacts),Completeness
contacts,C10528,missing_owner_contacts,Missing owner (contacts),Completeness
contacts,C10012,missing_owner_contacts,Missing owner (contacts),Completeness
contacts,C10006,missing_owner_contacts,Missing owner (contacts),Completeness
contacts,C10311,missing_owner_contacts,Missing owner (contacts),Completeness
contacts,C10194,missing_owner_contacts,Missing owner (contacts),Completeness
contacts,C10359,missing_owner_contacts,Missing owner (contacts),Completeness
contacts,C10721,missing_owner_contacts,Missing owner (contacts),Completeness
contacts,C10305,missing_owner_contacts,Missing owner (contacts),Completeness
contacts,C10404,missing_owner_contacts,Missing owner (contacts),Completeness
contacts,C10499,missing_owner_contacts,Missing owner (contacts),Completeness
contacts,C11229,missing_owner_contacts,Missing owner (contacts),Completeness
contacts,C10662,missing_owner_contacts,Missing owner (contacts),Completeness
contacts,C10601,missing_owner_contacts,Missing owner (contacts),Completeness
contacts,C10167,missing_owner_contacts,Missing owner (contacts),Completeness
contacts,C11077,missing_owner_contacts,Missing owner (contacts),Completeness
contacts,C11112,missing_owner_contacts,Missing owner (contacts),Completeness
contacts,C10935,missing_owner_contacts,Missing owner (contacts),Completeness
contacts,C10341,missing_owner_contacts,Missing owner (contacts),Completeness
contacts,C10157,missing_owner_contacts,Missing owner (contacts),Completeness
contacts,C10016,missing_owner_contacts,Missing owner (contacts),Completeness
contacts,C11145,missing_owner_contacts,Missing owner (contacts),Completeness
contacts,C10152,missing_owner_contacts,Missing owner (contacts),Completeness
contacts,C11208,missing_owner_contacts,Missing owner (contacts),Completeness
contacts,C10641,missing_owner_contacts,Missing owner (contacts),Completeness
contacts,C11164,missing_owner_contacts,Missing owner (contacts),Completeness
contacts,C10441,missing_owner_contacts,Missing owner (contacts),Completeness
contacts,C10663,missing_owner_contacts,Missing owner (contacts),Completeness
contacts,C10648,missing_owner_contacts,Missing owner (contacts),Completeness
contacts,C10804,missing_owner_contacts,Missing owner (contacts),Completeness
contacts,C11086,missing_owner_contacts,Missing owner (contacts),Completeness
contacts,C10201,missing_owner_contacts,Missing owner (contacts),Completeness
contacts,C11286,missing_owner_contacts,Missing owner (contacts),Completeness
contacts,C11082,missing_owner_contacts,Missing owner (contacts),Completeness
contacts,C10087,missing_owner_contacts,Missing owner (contacts),Completeness
contacts,C11291,missing_job_title_contacts,Missing job title (contacts),Completeness
contacts,C10940,missing_job_title_contacts,Missing job title (contacts),Completeness
contacts,C11278,missing_job_title_contacts,Missing job title (contacts),Completeness
contacts,C10462,missing_job_title_contacts,Missing job title (contacts),Completeness
contacts,C10309,missing_job_title_contacts,Missing job title (contacts),Completeness
contacts,C11296,missing_job_title_contacts,Missing job title (contacts),Completeness
contacts,C11226,missing_job_title_contacts,Missing job title (contacts),Completeness
contacts,C10192,missing_job_title_contacts,Missing job title (contacts),Completeness
contacts,C10331,missing_job_title_contacts,Missing job title (contacts),Completeness
contacts,C10759,missing_job_title_contacts,Missing job title (contacts),Completeness
contacts,C10438,missing_job_title_contacts,Missing job title (contacts),Completeness
contacts,C10478,missing_job_title_contacts,Missing job title (contacts),Completeness
contacts,C10527,missing_job_title_contacts,Missing job title (contacts),Completeness
contacts,C10409,missing_job_title_contacts,Missing job title (contacts),Completeness
contacts,C11197,missing_job_title_contacts,Missing job title (contacts),Completeness
contacts,C11293,missing_job_title_contacts,Missing job title (contacts),Completeness
contacts,C10936,missing_job_title_contacts,Missing job title (contacts),Completeness
contacts,C10086,missing_job_title_contacts,Missing job title (contacts),Completeness
contacts,C10534,missing_job_title_contacts,Missing job title (contacts),Completeness
contacts,C10339,missing_job_title_contacts,Missing job title (contacts),Completeness
contacts,C10802,missing_job_title_contacts,Missing job title (contacts),Completeness
contacts,C10346,missing_job_title_contacts,Missing job title (contacts),Completeness
contacts,C10411,missing_job_title_contacts,Missing job title (contacts),Completeness
contacts,C10803,missing_job_title_contacts,Missing job title (contacts),Completeness
contacts,C11088,missing_job_title_contacts,Missing job title (contacts),Completeness
contacts,C10382,missing_job_title_contacts,Missing job title (contacts),Completeness
contacts,C10198,missing_job_title_contacts,Missing job title (contacts),Completeness
contacts,C11135,missing_job_title_contacts,Missing job title (contacts),Completeness
contacts,C10244,missing_job_title_contacts,Missing job title (contacts),Completeness
contacts,C11144,missing_job_title_contacts,Missing job title (contacts),Completeness
contacts,C10746,missing_job_title_contacts,Missing job title (contacts),Completeness
contacts,C11003,missing_job_title_contacts,Missing job title (contacts),Completeness
contacts,C10538,missing_job_title_contacts,Missing job title (contacts),Completeness
contacts,C10405,missing_job_title_contacts,Missing job title (contacts),Completeness
contacts,C10010,missing_job_title_contacts,Missing job title (contacts),Completeness
contacts,C10818,missing_job_title_contacts,Missing job title (contacts),Completeness
contacts,C10361,missing_job_title_contacts,Missing job title (contacts),Completeness
contacts,C10447,missing_job_title_contacts,Missing job title (contacts),Completeness
contacts,C10178,missing_job_title_contacts,Missing job title (contacts),Completeness
contacts,C10581,missing_job_title_contacts,Missing job title (contacts),Completeness
contacts,C10743,missing_job_title_contacts,Missing job title (contacts),Completeness
contacts,C10745,missing_job_title_contacts,Missing job title (contacts),Completeness
contacts,C10481,missing_job_title_contacts,Missing job title (contacts),Completeness
contacts,C11089,missing_job_title_contacts,Missing job title (contacts),Completeness
contacts,C10332,missing_job_title_contacts,Missing job title (contacts),Completeness
contacts,C10355,missing_job_title_contacts,Missing job title (contacts),Completeness
contacts,C11251,missing_job_title_contacts,Missing job title (contacts),Completeness
contacts,C10916,missing_job_title_contacts,Missing job title (contacts),Completeness
contacts,C10464,missing_job_title_contacts,Missing job title (contacts),Completeness
contacts,C10528,missing_job_title_contacts,Missing job title (contacts),Completeness
contacts,C11140,missing_job_title_contacts,Missing job title (contacts),Completeness
contacts,C10618,missing_job_title_contacts,Missing job title (contacts),Completeness
contacts,C10988,missing_job_title_contacts,Missing job title (contacts),Completeness
contacts,C10067,missing_job_title_contacts,Missing job title (contacts),Completeness
contacts,C10560,missing_job_title_contacts,Missing job title (contacts),Completeness
contacts,C10922,missing_job_title_contacts,Missing job title (contacts),Completeness
contacts,C11128,missing_job_title_contacts,Missing job title (contacts),Completeness
contacts,C10838,missing_job_title_contacts,Missing job title (contacts),Completeness
contacts,C10311,missing_job_title_contacts,Missing job title (contacts),Completeness
contacts,C10215,missing_job_title_contacts,Missing job title (contacts),Completeness
contacts,C10910,missing_job_title_contacts,Missing job title (contacts),Completeness
contacts,C10650,missing_job_title_contacts,Missing job title (contacts),Completeness
contacts,C10665,missing_job_title_contacts,Missing job title (contacts),Completeness
contacts,C10047,missing_job_title_contacts,Missing job title (contacts),Completeness
contacts,C10839,missing_job_title_contacts,Missing job title (contacts),Completeness
contacts,C10862,missing_job_title_contacts,Missing job title (contacts),Completeness
contacts,C10594,missing_job_title_contacts,Missing job title (contacts),Completeness
contacts,C10080,missing_job_title_contacts,Missing job title (contacts),Completeness
contacts,C10588,missing_job_title_contacts,Missing job title (contacts),Completeness
contacts,C10744,missing_job_title_contacts,Missing job title (contacts),Completeness
contacts,C10445,missing_job_title_contacts,Missing job title (contacts),Completeness
contacts,C10436,missing_job_title_contacts,Missing job title (contacts),Completeness
contacts,C10404,missing_job_title_contacts,Missing job title (contacts),Completeness
contacts,C10849,missing_job_title_contacts,Missing job title (contacts),Completeness
contacts,C11313,missing_job_title_contacts,Missing job title (contacts),Completeness
contacts,C10007,missing_job_title_contacts,Missing job title (contacts),Completeness
contacts,C11193,missing_job_title_contacts,Missing job title (contacts),Completeness
contacts,C10963,missing_job_title_contacts,Missing job title (contacts),Completeness
contacts,C10079,missing_job_title_contacts,Missing job title (contacts),Completeness
contacts,C10386,missing_job_title_contacts,Missing job title (contacts),Completeness
contacts,C10172,missing_job_title_contacts,Missing job title (contacts),Completeness
contacts,C10450,missing_job_title_contacts,Missing job title (contacts),Completeness
contacts,C11276,missing_job_title_contacts,Missing job title (contacts),Completeness
contacts,C10811,missing_job_title_contacts,Missing job title (contacts),Completeness
contacts,C10326,missing_job_title_contacts,Missing job title (contacts),Completeness
contacts,C10164,missing_job_title_contacts,Missing job title (contacts),Completeness
contacts,C10657,missing_job_title_contacts,Missing job title (contacts),Completeness
contacts,C10214,missing_job_title_contacts,Missing job title (contacts),Completeness
contacts,C10132,missing_job_title_contacts,Missing job title (contacts),Completeness
contacts,C10893,missing_job_title_contacts,Missing job title (contacts),Completeness
contacts,C11120,missing_job_title_contacts,Missing job title (contacts),Completeness
contacts,C11240,missing_job_title_contacts,Missing job title (contacts),Completeness
contacts,C10735,missing_job_title_contacts,Missing job title (contacts),Completeness
contacts,C11047,missing_job_title_contacts,Missing job title (contacts),Completeness
contacts,C10943,missing_job_title_contacts,Missing job title (contacts),Completeness
contacts,C10728,missing_job_title_contacts,Missing job title (contacts),Completeness
contacts,C11054,missing_job_title_contacts,Missing job title (contacts),Completeness
contacts,C10396,missing_job_title_contacts,Missing job title (contacts),Completeness
contacts,C10167,missing_job_title_contacts,Missing job title (contacts),Completeness
contacts,C11237,missing_job_title_contacts,Missing job title (contacts),Completeness
contacts,C10179,missing_job_title_contacts,Missing job title (contacts),Completeness
contacts,C10093,missing_job_title_contacts,Missing job title (contacts),Completeness
contacts,C10637,missing_job_title_contacts,Missing job title (contacts),Completeness
contacts,C10907,missing_job_title_contacts,Missing job title (contacts),Completeness
contacts,C10655,missing_job_title_contacts,Missing job title (contacts),Completeness
contacts,C10574,missing_job_title_contacts,Missing job title (contacts),Completeness
contacts,C10882,missing_job_title_contacts,Missing job title (contacts),Completeness
contacts,C10758,missing_job_title_contacts,Missing job title (contacts),Completeness
contacts,C10245,missing_job_title_contacts,Missing job title (contacts),Completeness
contacts,C11295,missing_job_title_contacts,Missing job title (contacts),Completeness
contacts,C10283,missing_job_title_contacts,Missing job title (contacts),Completeness
contacts,C10797,missing_job_title_contacts,Missing job title (contacts),Completeness
contacts,C10026,missing_job_title_contacts,Missing job title (contacts),Completeness
contacts,C10687,missing_job_title_contacts,Missing job title (contacts),Completeness
contacts,C10207,missing_job_title_contacts,Missing job title (contacts),Completeness
contacts,C10928,missing_job_title_contacts,Missing job title (contacts),Completeness
contacts,C10402,missing_job_title_contacts,Missing job title (contacts),Completeness
contacts,C10608,missing_job_title_contacts,Missing job title (contacts),Completeness
contacts,C10400,missing_job_title_contacts,Missing job title (contacts),Completeness
contacts,C11136,missing_job_title_contacts,Missing job title (contacts),Completeness
contacts,C11287,missing_job_title_contacts,Missing job title (contacts),Completeness
contacts,C11221,missing_job_title_contacts,Missing job title (contacts),Completeness
contacts,C10502,missing_job_title_contacts,Missing job title (contacts),Completeness
contacts,C10134,missing_job_title_contacts,Missing job title (contacts),Completeness
contacts,C10379,missing_job_title_contacts,Missing job title (contacts),Completeness
contacts,C10187,missing_job_title_contacts,Missing job title (contacts),Completeness
contacts,C10791,missing_job_title_contacts,Missing job title (contacts),Completeness
contacts,C10034,missing_job_title_contacts,Missing job title (contacts),Completeness
contacts,C11267,missing_job_title_contacts,Missing job title (contacts),Completeness
contacts,C11286,missing_job_title_contacts,Missing job title (contacts),Completeness
contacts,C10510,missing_job_title_contacts,Missing job title (contacts),Completeness
contacts,C10955,missing_job_title_contacts,Missing job title (contacts),Completeness
deals,D50014,missing_amount_deals,Missing amount (deals),Completeness
deals,D50060,missing_amount_deals,Missing amount (deals),Completeness
deals,D50085,missing_amount_deals,Missing amount (deals),Completeness
deals,D50099,missing_amount_deals,Missing amount (deals),Completeness
deals,D50125,missing_amount_deals,Missing amount (deals),Completeness
deals,D50127,missing_amount_deals,Missing amount (deals),Completeness
deals,D50129,missing_amount_deals,Missing amount (deals),Completeness
deals,D50130,missing_amount_deals,Missing amount (deals),Completeness
deals,D50132,missing_amount_deals,Missing amount (deals),Completeness
deals,D50151,missing_amount_deals,Missing amount (deals),Completeness
deals,D50167,missing_amount_deals,Missing amount (deals),Completeness
deals,D50183,missing_amount_deals,Missing amount (deals),Completeness
deals,D50197,missing_amount_deals,Missing amount (deals),Completeness
deals,D50219,missing_amount_deals,Missing amount (deals),Completeness
deals,D50234,missing_amount_deals,Missing amount (deals),Completeness
deals,D50256,missing_amount_deals,Missing amount (deals),Completeness
deals,D50284,missing_amount_deals,Missing amount (deals),Completeness
deals,D50286,missing_amount_deals,Missing amount (deals),Completeness
deals,D50288,missing_amount_deals,Missing amount (deals),Completeness
deals,D50299,missing_amount_deals,Missing amount (deals),Completeness
deals,D50301,missing_amount_deals,Missing amount (deals),Completeness
deals,D50302,missing_amount_deals,Missing amount (deals),Completeness
deals,D50306,missing_amount_deals,Missing amount (deals),Completeness
deals,D50342,missing_amount_deals,Missing amount (deals),Completeness
deals,D50416,missing_amount_deals,Missing amount (deals),Completeness
deals,D50504,missing_amount_deals,Missing amount (deals),Completeness
deals,D50542,missing_amount_deals,Missing amount (deals),Completeness
deals,D50570,missing_amount_deals,Missing amount (deals),Completeness
deals,D50603,missing_amount_deals,Missing amount (deals),Completeness
deals,D50616,missing_amount_deals,Missing amount (deals),Completeness
deals,D50618,missing_amount_deals,Missing amount (deals),Completeness
deals,D50639,missing_amount_deals,Missing amount (deals),Completeness
deals,D50640,missing_amount_deals,Missing amount (deals),Completeness
deals,D50652,missing_amount_deals,Missing amount (deals),Completeness
deals,D50658,missing_amount_deals,Missing amount (deals),Completeness
deals,D50661,missing_amount_deals,Missing amount (deals),Completeness
deals,D50680,missing_amount_deals,Missing amount (deals),Completeness
deals,D50706,missing_amount_deals,Missing amount (deals),Completeness
deals,D50726,missing_amount_deals,Missing amount (deals),Completeness
deals,D50752,missing_amount_deals,Missing amount (deals),Completeness
deals,D50778,missing_amount_deals,Missing amount (deals),Completeness
deals,D50789,missing_amount_deals,Missing amount (deals),Completeness
deals,D50815,missing_amount_deals,Missing amount (deals),Completeness
deals,D50841,missing_amount_deals,Missing amount (deals),Completeness
deals,D50843,missing_amount_deals,Missing amount (deals),Completeness
deals,D50866,missing_amount_deals,Missing amount (deals),Completeness
deals,D50872,missing_amount_deals,Missing amount (deals),Completeness
deals,D50873,missing_amount_deals,Missing amount (deals),Completeness
deals,D50901,missing_amount_deals,Missing amount (deals),Completeness
deals,D50919,missing_amount_deals,Missing amount (deals),Completeness
deals,D51005,missing_amount_deals,Missing amount (deals),Completeness
deals,D51030,missing_amount_deals,Missing amount (deals),Completeness
deals,D51065,missing_amount_deals,Missing amount (deals),Completeness
deals,D51071,missing_amount_deals,Missing amount (deals),Completeness
deals,D51072,missing_amount_deals,Missing amount (deals),Completeness
deals,D51090,missing_amount_deals,Missing amount (deals),Completeness
deals,D51098,missing_amount_deals,Missing amount (deals),Completeness
deals,D51102,missing_amount_deals,Missing amount (deals),Completeness
deals,D51137,missing_amount_deals,Missing amount (deals),Completeness
deals,D51146,missing_amount_deals,Missing amount (deals),Completeness
deals,D51154,missing_amount_deals,Missing amount (deals),Completeness
deals,D51202,missing_amount_deals,Missing amount (deals),Completeness
deals,D51210,missing_amount_deals,Missing amount (deals),Completeness
deals,D51225,missing_amount_deals,Missing amount (deals),Completeness
deals,D51236,missing_amount_deals,Missing amount (deals),Completeness
deals,D51297,missing_amount_deals,Missing amount (deals),Completeness
deals,D51306,missing_amount_deals,Missing amount (deals),Completeness
deals,D51358,missing_amount_deals,Missing amount (deals),Completeness
deals,D51359,missing_amount_deals,Missing amount (deals),Completeness
deals,D51392,missing_amount_deals,Missing amount (deals),Completeness
deals,D51450,missing_amount_deals,Missing amount (deals),Completeness
deals,D51460,missing_amount_deals,Missing amount (deals),Completeness
deals,D51469,missing_amount_deals,Missing amount (deals),Completeness
deals,D51487,missing_amount_deals,Missing amount (deals),Completeness
deals,D51490,missing_amount_deals,Missing amount (deals),Completeness
contacts,C11291,duplicate_contacts,Duplicate contacts,Uniqueness
contacts,C11275,duplicate_contacts,Duplicate contacts,Uniqueness
contacts,C11222,duplicate_contacts,Duplicate contacts,Uniqueness
contacts,C11311,duplicate_contacts,Duplicate contacts,Uniqueness
contacts,C11257,duplicate_contacts,Duplicate contacts,Uniqueness
contacts,C11278,duplicate_contacts,Duplicate contacts,Uniqueness
contacts,C11304,duplicate_contacts,Duplicate contacts,Uniqueness
contacts,C11224,duplicate_contacts,Duplicate contacts,Uniqueness
contacts,C11296,duplicate_contacts,Duplicate contacts,Uniqueness
contacts,C11226,duplicate_contacts,Duplicate contacts,Uniqueness
contacts,C11281,duplicate_contacts,Duplicate contacts,Uniqueness
contacts,C11277,duplicate_contacts,Duplicate contacts,Uniqueness
contacts,C11288,duplicate_contacts,Duplicate contacts,Uniqueness
contacts,C11293,duplicate_contacts,Duplicate contacts,Uniqueness
contacts,C11256,duplicate_contacts,Duplicate contacts,Uniqueness
contacts,C11306,duplicate_contacts,Duplicate contacts,Uniqueness
contacts,C11319,duplicate_contacts,Duplicate contacts,Uniqueness
contacts,C11209,duplicate_contacts,Duplicate contacts,Uniqueness
contacts,C11314,duplicate_contacts,Duplicate contacts,Uniqueness
contacts,C11220,duplicate_contacts,Duplicate contacts,Uniqueness
contacts,C11262,duplicate_contacts,Duplicate contacts,Uniqueness
contacts,C11309,duplicate_contacts,Duplicate contacts,Uniqueness
contacts,C11312,duplicate_contacts,Duplicate contacts,Uniqueness
contacts,C11206,duplicate_contacts,Duplicate contacts,Uniqueness
contacts,C11253,duplicate_contacts,Duplicate contacts,Uniqueness
contacts,C11217,duplicate_contacts,Duplicate contacts,Uniqueness
contacts,C11201,duplicate_contacts,Duplicate contacts,Uniqueness
contacts,C11285,duplicate_contacts,Duplicate contacts,Uniqueness
contacts,C10140,duplicate_contacts,Duplicate contacts,Uniqueness
contacts,C11231,duplicate_contacts,Duplicate contacts,Uniqueness
contacts,C11214,duplicate_contacts,Duplicate contacts,Uniqueness
contacts,C11315,duplicate_contacts,Duplicate contacts,Uniqueness
contacts,C11272,duplicate_contacts,Duplicate contacts,Uniqueness
contacts,C11268,duplicate_contacts,Duplicate contacts,Uniqueness
contacts,C11317,duplicate_contacts,Duplicate contacts,Uniqueness
contacts,C11250,duplicate_contacts,Duplicate contacts,Uniqueness
contacts,C11246,duplicate_contacts,Duplicate contacts,Uniqueness
contacts,C11225,duplicate_contacts,Duplicate contacts,Uniqueness
contacts,C11251,duplicate_contacts,Duplicate contacts,Uniqueness
contacts,C11310,duplicate_contacts,Duplicate contacts,Uniqueness
contacts,C11212,duplicate_contacts,Duplicate contacts,Uniqueness
contacts,C11265,duplicate_contacts,Duplicate contacts,Uniqueness
contacts,C11298,duplicate_contacts,Duplicate contacts,Uniqueness
contacts,C11252,duplicate_contacts,Duplicate contacts,Uniqueness
contacts,C11202,duplicate_contacts,Duplicate contacts,Uniqueness
contacts,C11233,duplicate_contacts,Duplicate contacts,Uniqueness
contacts,C11259,duplicate_contacts,Duplicate contacts,Uniqueness
contacts,C11210,duplicate_contacts,Duplicate contacts,Uniqueness
contacts,C11284,duplicate_contacts,Duplicate contacts,Uniqueness
contacts,C11302,duplicate_contacts,Duplicate contacts,Uniqueness
contacts,C11203,duplicate_contacts,Duplicate contacts,Uniqueness
contacts,C11316,duplicate_contacts,Duplicate contacts,Uniqueness
contacts,C11279,duplicate_contacts,Duplicate contacts,Uniqueness
contacts,C11234,duplicate_contacts,Duplicate contacts,Uniqueness
contacts,C11308,duplicate_contacts,Duplicate contacts,Uniqueness
contacts,C11230,duplicate_contacts,Duplicate contacts,Uniqueness
contacts,C11232,duplicate_contacts,Duplicate contacts,Uniqueness
contacts,C11271,duplicate_contacts,Duplicate contacts,Uniqueness
contacts,C11216,duplicate_contacts,Duplicate contacts,Uniqueness
contacts,C11219,duplicate_contacts,Duplicate contacts,Uniqueness
contacts,C11273,duplicate_contacts,Duplicate contacts,Uniqueness
contacts,C11313,duplicate_contacts,Duplicate contacts,Uniqueness
contacts,C11255,duplicate_contacts,Duplicate contacts,Uniqueness
contacts,C11245,duplicate_contacts,Duplicate contacts,Uniqueness
contacts,C11260,duplicate_contacts,Duplicate contacts,Uniqueness
contacts,C11266,duplicate_contacts,Duplicate contacts,Uniqueness
contacts,C11235,duplicate_contacts,Duplicate contacts,Uniqueness
contacts,C11248,duplicate_contacts,Duplicate contacts,Uniqueness
contacts,C11270,duplicate_contacts,Duplicate contacts,Uniqueness
contacts,C11276,duplicate_contacts,Duplicate contacts,Uniqueness
contacts,C11290,duplicate_contacts,Duplicate contacts,Uniqueness
contacts,C11303,duplicate_contacts,Duplicate contacts,Uniqueness
contacts,C11229,duplicate_contacts,Duplicate contacts,Uniqueness
contacts,C11305,duplicate_contacts,Duplicate contacts,Uniqueness
contacts,C11269,duplicate_contacts,Duplicate contacts,Uniqueness
contacts,C11227,duplicate_contacts,Duplicate contacts,Uniqueness
contacts,C11240,duplicate_contacts,Duplicate contacts,Uniqueness
contacts,C11299,duplicate_contacts,Duplicate contacts,Uniqueness
contacts,C11236,duplicate_contacts,Duplicate contacts,Uniqueness
contacts,C11263,duplicate_contacts,Duplicate contacts,Uniqueness
contacts,C11237,duplicate_contacts,Duplicate contacts,Uniqueness
contacts,C11292,duplicate_contacts,Duplicate contacts,Uniqueness
contacts,C11241,duplicate_contacts,Duplicate contacts,Uniqueness
contacts,C11223,duplicate_contacts,Duplicate contacts,Uniqueness
contacts,C11280,duplicate_contacts,Duplicate contacts,Uniqueness
contacts,C11318,duplicate_contacts,Duplicate contacts,Uniqueness
contacts,C11274,duplicate_contacts,Duplicate contacts,Uniqueness
contacts,C11205,duplicate_contacts,Duplicate contacts,Uniqueness
contacts,C11204,duplicate_contacts,Duplicate contacts,Uniqueness
contacts,C11282,duplicate_contacts,Duplicate contacts,Uniqueness
contacts,C11264,duplicate_contacts,Duplicate contacts,Uniqueness
contacts,C11258,duplicate_contacts,Duplicate contacts,Uniqueness
contacts,C11295,duplicate_contacts,Duplicate contacts,Uniqueness
contacts,C11289,duplicate_contacts,Duplicate contacts,Uniqueness
contacts,C11228,duplicate_contacts,Duplicate contacts,Uniqueness
contacts,C11243,duplicate_contacts,Duplicate contacts,Uniqueness
contacts,C11283,duplicate_contacts,Duplicate contacts,Uniqueness
contacts,C11297,duplicate_contacts,Duplicate contacts,Uniqueness
contacts,C11213,duplicate_contacts,Duplicate contacts,Uniqueness
contacts,C11208,duplicate_contacts,Duplicate contacts,Uniqueness
contacts,C11249,duplicate_contacts,Duplicate contacts,Uniqueness
contacts,C11247,duplicate_contacts,Duplicate contacts,Uniqueness
contacts,C11307,duplicate_contacts,Duplicate contacts,Uniqueness
contacts,C11244,duplicate_contacts,Duplicate contacts,Uniqueness
contacts,C11239,duplicate_contacts,Duplicate contacts,Uniqueness
contacts,C11200,duplicate_contacts,Duplicate contacts,Uniqueness
contacts,C11254,duplicate_contacts,Duplicate contacts,Uniqueness
contacts,C11242,duplicate_contacts,Duplicate contacts,Uniqueness
contacts,C11261,duplicate_contacts,Duplicate contacts,Uniqueness
contacts,C11207,duplicate_contacts,Duplicate contacts,Uniqueness
contacts,C11287,duplicate_contacts,Duplicate contacts,Uniqueness
contacts,C11218,duplicate_contacts,Duplicate contacts,Uniqueness
contacts,C11221,duplicate_contacts,Duplicate contacts,Uniqueness
contacts,C11211,duplicate_contacts,Duplicate contacts,Uniqueness
contacts,C11300,duplicate_contacts,Duplicate contacts,Uniqueness
contacts,C11267,duplicate_contacts,Duplicate contacts,Uniqueness
contacts,C11286,duplicate_contacts,Duplicate contacts,Uniqueness
contacts,C11215,duplicate_contacts,Duplicate contacts,Uniqueness
contacts,C11238,duplicate_contacts,Duplicate contacts,Uniqueness
contacts,C11294,duplicate_contacts,Duplicate contacts,Uniqueness
contacts,C10610,invalid_email,Badly formatted emails,Validity
contacts,C10023,invalid_email,Badly formatted emails,Validity
contacts,C10298,invalid_email,Badly formatted emails,Validity
contacts,C10756,invalid_email,Badly formatted emails,Validity
contacts,C10086,invalid_email,Badly formatted emails,Validity
contacts,C10155,invalid_email,Badly formatted emails,Validity
contacts,C10363,invalid_email,Badly formatted emails,Validity
contacts,C10275,invalid_email,Badly formatted emails,Validity
contacts,C11285,invalid_email,Badly formatted emails,Validity
contacts,C11159,invalid_email,Badly formatted emails,Validity
contacts,C11272,invalid_email,Badly formatted emails,Validity
contacts,C10354,invalid_email,Badly formatted emails,Validity
contacts,C10994,invalid_email,Badly formatted emails,Validity
contacts,C10714,invalid_email,Badly formatted emails,Validity
contacts,C10591,invalid_email,Badly formatted emails,Validity
contacts,C10012,invalid_email,Badly formatted emails,Validity
contacts,C11210,invalid_email,Badly formatted emails,Validity
contacts,C10060,invalid_email,Badly formatted emails,Validity
contacts,C10194,invalid_email,Badly formatted emails,Validity
contacts,C11313,invalid_email,Badly formatted emails,Validity
contacts,C10007,invalid_email,Badly formatted emails,Validity
contacts,C11193,invalid_email,Badly formatted emails,Validity
contacts,C11260,invalid_email,Badly formatted emails,Validity
contacts,C10133,invalid_email,Badly formatted emails,Validity
contacts,C10942,invalid_email,Badly formatted emails,Validity
contacts,C10069,invalid_email,Badly formatted emails,Validity
contacts,C10193,invalid_email,Badly formatted emails,Validity
contacts,C10173,invalid_email,Badly formatted emails,Validity
contacts,C10162,invalid_email,Badly formatted emails,Validity
contacts,C10132,invalid_email,Badly formatted emails,Validity
contacts,C11269,invalid_email,Badly formatted emails,Validity
contacts,C11236,invalid_email,Badly formatted emails,Validity
contacts,C10271,invalid_email,Badly formatted emails,Validity
contacts,C10750,invalid_email,Badly formatted emails,Validity
contacts,C11179,invalid_email,Badly formatted emails,Validity
contacts,C10399,invalid_email,Badly formatted emails,Validity
contacts,C10625,invalid_email,Badly formatted emails,Validity
contacts,C10150,invalid_email,Badly formatted emails,Validity
contacts,C11192,invalid_email,Badly formatted emails,Validity
contacts,C10981,invalid_email,Badly formatted emails,Validity
contacts,C10929,invalid_email,Badly formatted emails,Validity
contacts,C10418,invalid_email,Badly formatted emails,Validity
contacts,C11162,invalid_email,Badly formatted emails,Validity
contacts,C11016,invalid_email,Badly formatted emails,Validity
contacts,C10729,invalid_email,Badly formatted emails,Validity
contacts,C10315,invalid_email,Badly formatted emails,Validity
contacts,C10189,invalid_email,Badly formatted emails,Validity
contacts,C10975,invalid_email,Badly formatted emails,Validity
contacts,C10021,invalid_email,Badly formatted emails,Validity
contacts,C10385,invalid_email,Badly formatted emails,Validity
contacts,C11288,invalid_phone,Unusable phone numbers,Validity
contacts,C10847,invalid_phone,Unusable phone numbers,Validity
contacts,C10706,invalid_phone,Unusable phone numbers,Validity
contacts,C10602,invalid_phone,Unusable phone numbers,Validity
contacts,C10585,invalid_phone,Unusable phone numbers,Validity
contacts,C10294,invalid_phone,Unusable phone numbers,Validity
contacts,C11198,invalid_phone,Unusable phone numbers,Validity
contacts,C10846,invalid_phone,Unusable phone numbers,Validity
contacts,C11176,invalid_phone,Unusable phone numbers,Validity
contacts,C11155,invalid_phone,Unusable phone numbers,Validity
contacts,C11233,invalid_phone,Unusable phone numbers,Validity
contacts,C10901,invalid_phone,Unusable phone numbers,Validity
contacts,C10792,invalid_phone,Unusable phone numbers,Validity
contacts,C10449,invalid_phone,Unusable phone numbers,Validity
contacts,C11191,invalid_phone,Unusable phone numbers,Validity
contacts,C11049,invalid_phone,Unusable phone numbers,Validity
contacts,C10495,invalid_phone,Unusable phone numbers,Validity
contacts,C10028,invalid_phone,Unusable phone numbers,Validity
contacts,C10444,invalid_phone,Unusable phone numbers,Validity
contacts,C10368,invalid_phone,Unusable phone numbers,Validity
contacts,C10547,invalid_phone,Unusable phone numbers,Validity
contacts,C11054,invalid_phone,Unusable phone numbers,Validity
contacts,C11031,invalid_phone,Unusable phone numbers,Validity
contacts,C10882,invalid_phone,Unusable phone numbers,Validity
contacts,C11005,invalid_phone,Unusable phone numbers,Validity
contacts,C10320,invalid_phone,Unusable phone numbers,Validity
contacts,C10517,invalid_phone,Unusable phone numbers,Validity
contacts,C10225,invalid_phone,Unusable phone numbers,Validity
contacts,C10749,invalid_phone,Unusable phone numbers,Validity
contacts,C10160,invalid_phone,Unusable phone numbers,Validity
contacts,C10509,invalid_phone,Unusable phone numbers,Validity
contacts,C10293,invalid_phone,Unusable phone numbers,Validity
contacts,C10001,invalid_phone,Unusable phone numbers,Validity
contacts,C10642,invalid_phone,Unusable phone numbers,Validity
contacts,C10520,invalid_phone,Unusable phone numbers,Validity
contacts,C11180,invalid_phone,Unusable phone numbers,Validity
deals,D50257,non_positive_amount,Zero or negative deal amounts,Validity
deals,D50360,non_positive_amount,Zero or negative deal amounts,Validity
deals,D50552,non_positive_amount,Zero or negative deal amounts,Validity
deals,D50589,non_positive_amount,Zero or negative deal amounts,Validity
deals,D50672,non_positive_amount,Zero or negative deal amounts,Validity
deals,D50816,non_positive_amount,Zero or negative deal amounts,Validity
deals,D50837,non_positive_amount,Zero or negative deal amounts,Validity
deals,D51063,non_positive_amount,Zero or negative deal amounts,Validity
deals,D51109,non_positive_amount,Zero or negative deal amounts,Validity
deals,D51193,non_positive_amount,Zero or negative deal amounts,Validity
deals,D51246,non_positive_amount,Zero or negative deal amounts,Validity
deals,D51290,non_positive_amount,Zero or negative deal amounts,Validity
deals,D51409,non_positive_amount,Zero or negative deal amounts,Validity
deals,D51421,non_positive_amount,Zero or negative deal amounts,Validity
contacts,C11069,future_created_contacts,Created dates in the future (contacts),Validity
contacts,C10140,future_created_contacts,Created dates in the future (contacts),Validity
contacts,C10630,future_created_contacts,Created dates in the future (contacts),Validity
contacts,C11103,future_created_contacts,Created dates in the future (contacts),Validity
contacts,C10536,future_created_contacts,Created dates in the future (contacts),Validity
contacts,C10386,future_created_contacts,Created dates in the future (contacts),Validity
contacts,C11318,future_created_contacts,Created dates in the future (contacts),Validity
contacts,C10678,inconsistent_city_contacts,Inconsistent city labels (contacts),Consistency
contacts,C10453,inconsistent_city_contacts,Inconsistent city labels (contacts),Consistency
contacts,C10247,inconsistent_city_contacts,Inconsistent city labels (contacts),Consistency
contacts,C10342,inconsistent_city_contacts,Inconsistent city labels (contacts),Consistency
contacts,C10974,inconsistent_city_contacts,Inconsistent city labels (contacts),Consistency
contacts,C11304,inconsistent_city_contacts,Inconsistent city labels (contacts),Consistency
contacts,C10626,inconsistent_city_contacts,Inconsistent city labels (contacts),Consistency
contacts,C11281,inconsistent_city_contacts,Inconsistent city labels (contacts),Consistency
contacts,C10661,inconsistent_city_contacts,Inconsistent city labels (contacts),Consistency
contacts,C10410,inconsistent_city_contacts,Inconsistent city labels (contacts),Consistency
contacts,C10843,inconsistent_city_contacts,Inconsistent city labels (contacts),Consistency
contacts,C10351,inconsistent_city_contacts,Inconsistent city labels (contacts),Consistency
contacts,C11084,inconsistent_city_contacts,Inconsistent city labels (contacts),Consistency
contacts,C10086,inconsistent_city_contacts,Inconsistent city labels (contacts),Consistency
contacts,C10123,inconsistent_city_contacts,Inconsistent city labels (contacts),Consistency
contacts,C10522,inconsistent_city_contacts,Inconsistent city labels (contacts),Consistency
contacts,C11209,inconsistent_city_contacts,Inconsistent city labels (contacts),Consistency
contacts,C10297,inconsistent_city_contacts,Inconsistent city labels (contacts),Consistency
contacts,C10737,inconsistent_city_contacts,Inconsistent city labels (contacts),Consistency
contacts,C10048,inconsistent_city_contacts,Inconsistent city labels (contacts),Consistency
contacts,C10363,inconsistent_city_contacts,Inconsistent city labels (contacts),Consistency
contacts,C10433,inconsistent_city_contacts,Inconsistent city labels (contacts),Consistency
contacts,C11061,inconsistent_city_contacts,Inconsistent city labels (contacts),Consistency
contacts,C10479,inconsistent_city_contacts,Inconsistent city labels (contacts),Consistency
contacts,C10985,inconsistent_city_contacts,Inconsistent city labels (contacts),Consistency
contacts,C10654,inconsistent_city_contacts,Inconsistent city labels (contacts),Consistency
contacts,C10394,inconsistent_city_contacts,Inconsistent city labels (contacts),Consistency
contacts,C10585,inconsistent_city_contacts,Inconsistent city labels (contacts),Consistency
contacts,C10096,inconsistent_city_contacts,Inconsistent city labels (contacts),Consistency
contacts,C10467,inconsistent_city_contacts,Inconsistent city labels (contacts),Consistency
contacts,C11153,inconsistent_city_contacts,Inconsistent city labels (contacts),Consistency
contacts,C10294,inconsistent_city_contacts,Inconsistent city labels (contacts),Consistency
contacts,C10774,inconsistent_city_contacts,Inconsistent city labels (contacts),Consistency
contacts,C10413,inconsistent_city_contacts,Inconsistent city labels (contacts),Consistency
contacts,C10129,inconsistent_city_contacts,Inconsistent city labels (contacts),Consistency
contacts,C10292,inconsistent_city_contacts,Inconsistent city labels (contacts),Consistency
contacts,C11151,inconsistent_city_contacts,Inconsistent city labels (contacts),Consistency
contacts,C10543,inconsistent_city_contacts,Inconsistent city labels (contacts),Consistency
contacts,C11024,inconsistent_city_contacts,Inconsistent city labels (contacts),Consistency
contacts,C10415,inconsistent_city_contacts,Inconsistent city labels (contacts),Consistency
contacts,C11185,inconsistent_city_contacts,Inconsistent city labels (contacts),Consistency
contacts,C10136,inconsistent_city_contacts,Inconsistent city labels (contacts),Consistency
contacts,C10914,inconsistent_city_contacts,Inconsistent city labels (contacts),Consistency
contacts,C10905,inconsistent_city_contacts,Inconsistent city labels (contacts),Consistency
contacts,C10591,inconsistent_city_contacts,Inconsistent city labels (contacts),Consistency
contacts,C10634,inconsistent_city_contacts,Inconsistent city labels (contacts),Consistency
contacts,C10005,inconsistent_city_contacts,Inconsistent city labels (contacts),Consistency
contacts,C11161,inconsistent_city_contacts,Inconsistent city labels (contacts),Consistency
contacts,C11079,inconsistent_city_contacts,Inconsistent city labels (contacts),Consistency
contacts,C10755,inconsistent_city_contacts,Inconsistent city labels (contacts),Consistency
contacts,C10665,inconsistent_city_contacts,Inconsistent city labels (contacts),Consistency
contacts,C10280,inconsistent_city_contacts,Inconsistent city labels (contacts),Consistency
contacts,C10519,inconsistent_city_contacts,Inconsistent city labels (contacts),Consistency
contacts,C10857,inconsistent_city_contacts,Inconsistent city labels (contacts),Consistency
contacts,C10993,inconsistent_city_contacts,Inconsistent city labels (contacts),Consistency
contacts,C10609,inconsistent_city_contacts,Inconsistent city labels (contacts),Consistency
contacts,C10062,inconsistent_city_contacts,Inconsistent city labels (contacts),Consistency
contacts,C10895,inconsistent_city_contacts,Inconsistent city labels (contacts),Consistency
contacts,C11232,inconsistent_city_contacts,Inconsistent city labels (contacts),Consistency
contacts,C11271,inconsistent_city_contacts,Inconsistent city labels (contacts),Consistency
contacts,C10449,inconsistent_city_contacts,Inconsistent city labels (contacts),Consistency
contacts,C10593,inconsistent_city_contacts,Inconsistent city labels (contacts),Consistency
contacts,C10898,inconsistent_city_contacts,Inconsistent city labels (contacts),Consistency
contacts,C11313,inconsistent_city_contacts,Inconsistent city labels (contacts),Consistency
contacts,C10924,inconsistent_city_contacts,Inconsistent city labels (contacts),Consistency
contacts,C10133,inconsistent_city_contacts,Inconsistent city labels (contacts),Consistency
contacts,C11266,inconsistent_city_contacts,Inconsistent city labels (contacts),Consistency
contacts,C10973,inconsistent_city_contacts,Inconsistent city labels (contacts),Consistency
contacts,C10965,inconsistent_city_contacts,Inconsistent city labels (contacts),Consistency
contacts,C11227,inconsistent_city_contacts,Inconsistent city labels (contacts),Consistency
contacts,C10997,inconsistent_city_contacts,Inconsistent city labels (contacts),Consistency
contacts,C10694,inconsistent_city_contacts,Inconsistent city labels (contacts),Consistency
contacts,C11047,inconsistent_city_contacts,Inconsistent city labels (contacts),Consistency
contacts,C10943,inconsistent_city_contacts,Inconsistent city labels (contacts),Consistency
contacts,C11057,inconsistent_city_contacts,Inconsistent city labels (contacts),Consistency
contacts,C10393,inconsistent_city_contacts,Inconsistent city labels (contacts),Consistency
contacts,C10760,inconsistent_city_contacts,Inconsistent city labels (contacts),Consistency
contacts,C10417,inconsistent_city_contacts,Inconsistent city labels (contacts),Consistency
contacts,C10604,inconsistent_city_contacts,Inconsistent city labels (contacts),Consistency
contacts,C11022,inconsistent_city_contacts,Inconsistent city labels (contacts),Consistency
contacts,C11031,inconsistent_city_contacts,Inconsistent city labels (contacts),Consistency
contacts,C11237,inconsistent_city_contacts,Inconsistent city labels (contacts),Consistency
contacts,C10768,inconsistent_city_contacts,Inconsistent city labels (contacts),Consistency
contacts,C10607,inconsistent_city_contacts,Inconsistent city labels (contacts),Consistency
contacts,C10521,inconsistent_city_contacts,Inconsistent city labels (contacts),Consistency
contacts,C11223,inconsistent_city_contacts,Inconsistent city labels (contacts),Consistency
contacts,C10340,inconsistent_city_contacts,Inconsistent city labels (contacts),Consistency
contacts,C10789,inconsistent_city_contacts,Inconsistent city labels (contacts),Consistency
contacts,C10703,inconsistent_city_contacts,Inconsistent city labels (contacts),Consistency
contacts,C10188,inconsistent_city_contacts,Inconsistent city labels (contacts),Consistency
contacts,C10487,inconsistent_city_contacts,Inconsistent city labels (contacts),Consistency
contacts,C10004,inconsistent_city_contacts,Inconsistent city labels (contacts),Consistency
contacts,C10691,inconsistent_city_contacts,Inconsistent city labels (contacts),Consistency
contacts,C10149,inconsistent_city_contacts,Inconsistent city labels (contacts),Consistency
contacts,C10124,inconsistent_city_contacts,Inconsistent city labels (contacts),Consistency
contacts,C10050,inconsistent_city_contacts,Inconsistent city labels (contacts),Consistency
contacts,C10958,inconsistent_city_contacts,Inconsistent city labels (contacts),Consistency
contacts,C10684,inconsistent_city_contacts,Inconsistent city labels (contacts),Consistency
contacts,C10927,inconsistent_city_contacts,Inconsistent city labels (contacts),Consistency
contacts,C10283,inconsistent_city_contacts,Inconsistent city labels (contacts),Consistency
contacts,C10749,inconsistent_city_contacts,Inconsistent city labels (contacts),Consistency
contacts,C11124,inconsistent_city_contacts,Inconsistent city labels (contacts),Consistency
contacts,C10053,inconsistent_city_contacts,Inconsistent city labels (contacts),Consistency
contacts,C11249,inconsistent_city_contacts,Inconsistent city labels (contacts),Consistency
contacts,C10954,inconsistent_city_contacts,Inconsistent city labels (contacts),Consistency
contacts,C11239,inconsistent_city_contacts,Inconsistent city labels (contacts),Consistency
contacts,C10883,inconsistent_city_contacts,Inconsistent city labels (contacts),Consistency
contacts,C10202,inconsistent_city_contacts,Inconsistent city labels (contacts),Consistency
contacts,C10441,inconsistent_city_contacts,Inconsistent city labels (contacts),Consistency
contacts,C10663,inconsistent_city_contacts,Inconsistent city labels (contacts),Consistency
contacts,C10681,inconsistent_city_contacts,Inconsistent city labels (contacts),Consistency
contacts,C10524,inconsistent_city_contacts,Inconsistent city labels (contacts),Consistency
contacts,C10748,inconsistent_city_contacts,Inconsistent city labels (contacts),Consistency
contacts,C10891,inconsistent_city_contacts,Inconsistent city labels (contacts),Consistency
contacts,C11038,inconsistent_city_contacts,Inconsistent city labels (contacts),Consistency
contacts,C10870,inconsistent_city_contacts,Inconsistent city labels (contacts),Consistency
contacts,C10960,inconsistent_city_contacts,Inconsistent city labels (contacts),Consistency
contacts,C10725,inconsistent_city_contacts,Inconsistent city labels (contacts),Consistency
contacts,C10098,inconsistent_city_contacts,Inconsistent city labels (contacts),Consistency
contacts,C10040,inconsistent_city_contacts,Inconsistent city labels (contacts),Consistency
contacts,C10378,inconsistent_city_contacts,Inconsistent city labels (contacts),Consistency
contacts,C10064,inconsistent_city_contacts,Inconsistent city labels (contacts),Consistency
contacts,C10995,inconsistent_city_contacts,Inconsistent city labels (contacts),Consistency
contacts,C10776,inconsistent_city_contacts,Inconsistent city labels (contacts),Consistency
contacts,C10600,inconsistent_city_contacts,Inconsistent city labels (contacts),Consistency
contacts,C10166,inconsistent_city_contacts,Inconsistent city labels (contacts),Consistency
contacts,C11154,inconsistent_city_contacts,Inconsistent city labels (contacts),Consistency
contacts,C11238,inconsistent_city_contacts,Inconsistent city labels (contacts),Consistency
contacts,C11294,inconsistent_city_contacts,Inconsistent city labels (contacts),Consistency
contacts,C10610,inconsistent_country_contacts,Inconsistent country labels (contacts),Consistency
contacts,C10940,inconsistent_country_contacts,Inconsistent country labels (contacts),Consistency
contacts,C10210,inconsistent_country_contacts,Inconsistent country labels (contacts),Consistency
contacts,C10741,inconsistent_country_contacts,Inconsistent country labels (contacts),Consistency
contacts,C11311,inconsistent_country_contacts,Inconsistent country labels (contacts),Consistency
contacts,C10631,inconsistent_country_contacts,Inconsistent country labels (contacts),Consistency
contacts,C10767,inconsistent_country_contacts,Inconsistent country labels (contacts),Consistency
contacts,C10023,inconsistent_country_contacts,Inconsistent country labels (contacts),Consistency
contacts,C10233,inconsistent_country_contacts,Inconsistent country labels (contacts),Consistency
contacts,C11288,inconsistent_country_contacts,Inconsistent country labels (contacts),Consistency
contacts,C10296,inconsistent_country_contacts,Inconsistent country labels (contacts),Consistency
contacts,C10522,inconsistent_country_contacts,Inconsistent country labels (contacts),Consistency
contacts,C10772,inconsistent_country_contacts,Inconsistent country labels (contacts),Consistency
contacts,C11209,inconsistent_country_contacts,Inconsistent country labels (contacts),Consistency
contacts,C10339,inconsistent_country_contacts,Inconsistent country labels (contacts),Consistency
contacts,C10367,inconsistent_country_contacts,Inconsistent country labels (contacts),Consistency
contacts,C10198,inconsistent_country_contacts,Inconsistent country labels (contacts),Consistency
contacts,C11135,inconsistent_country_contacts,Inconsistent country labels (contacts),Consistency
contacts,C11100,inconsistent_country_contacts,Inconsistent country labels (contacts),Consistency
contacts,C11083,inconsistent_country_contacts,Inconsistent country labels (contacts),Consistency
contacts,C10909,inconsistent_country_contacts,Inconsistent country labels (contacts),Consistency
contacts,C10514,inconsistent_country_contacts,Inconsistent country labels (contacts),Consistency
contacts,C10374,inconsistent_country_contacts,Inconsistent country labels (contacts),Consistency
contacts,C10630,inconsistent_country_contacts,Inconsistent country labels (contacts),Consistency
contacts,C10585,inconsistent_country_contacts,Inconsistent country labels (contacts),Consistency
contacts,C10679,inconsistent_country_contacts,Inconsistent country labels (contacts),Consistency
contacts,C10621,inconsistent_country_contacts,Inconsistent country labels (contacts),Consistency
contacts,C11099,inconsistent_country_contacts,Inconsistent country labels (contacts),Consistency
contacts,C10354,inconsistent_country_contacts,Inconsistent country labels (contacts),Consistency
contacts,C10765,inconsistent_country_contacts,Inconsistent country labels (contacts),Consistency
contacts,C10745,inconsistent_country_contacts,Inconsistent country labels (contacts),Consistency
contacts,C10390,inconsistent_country_contacts,Inconsistent country labels (contacts),Consistency
contacts,C11023,inconsistent_country_contacts,Inconsistent country labels (contacts),Consistency
contacts,C10712,inconsistent_country_contacts,Inconsistent country labels (contacts),Consistency
contacts,C11157,inconsistent_country_contacts,Inconsistent country labels (contacts),Consistency
contacts,C10464,inconsistent_country_contacts,Inconsistent country labels (contacts),Consistency
contacts,C11026,inconsistent_country_contacts,Inconsistent country labels (contacts),Consistency
contacts,C10111,inconsistent_country_contacts,Inconsistent country labels (contacts),Consistency
contacts,C11161,inconsistent_country_contacts,Inconsistent country labels (contacts),Consistency
contacts,C10922,inconsistent_country_contacts,Inconsistent country labels (contacts),Consistency
contacts,C11187,inconsistent_country_contacts,Inconsistent country labels (contacts),Consistency
contacts,C11202,inconsistent_country_contacts,Inconsistent country labels (contacts),Consistency
contacts,C10273,inconsistent_country_contacts,Inconsistent country labels (contacts),Consistency
contacts,C11302,inconsistent_country_contacts,Inconsistent country labels (contacts),Consistency
contacts,C10072,inconsistent_country_contacts,Inconsistent country labels (contacts),Consistency
contacts,C10839,inconsistent_country_contacts,Inconsistent country labels (contacts),Consistency
contacts,C11203,inconsistent_country_contacts,Inconsistent country labels (contacts),Consistency
contacts,C10869,inconsistent_country_contacts,Inconsistent country labels (contacts),Consistency
contacts,C10583,inconsistent_country_contacts,Inconsistent country labels (contacts),Consistency
contacts,C10097,inconsistent_country_contacts,Inconsistent country labels (contacts),Consistency
contacts,C11308,inconsistent_country_contacts,Inconsistent country labels (contacts),Consistency
contacts,C10223,inconsistent_country_contacts,Inconsistent country labels (contacts),Consistency
contacts,C11062,inconsistent_country_contacts,Inconsistent country labels (contacts),Consistency
contacts,C10557,inconsistent_country_contacts,Inconsistent country labels (contacts),Consistency
contacts,C11191,inconsistent_country_contacts,Inconsistent country labels (contacts),Consistency
contacts,C10946,inconsistent_country_contacts,Inconsistent country labels (contacts),Consistency
contacts,C10079,inconsistent_country_contacts,Inconsistent country labels (contacts),Consistency
contacts,C10000,inconsistent_country_contacts,Inconsistent country labels (contacts),Consistency
contacts,C10948,inconsistent_country_contacts,Inconsistent country labels (contacts),Consistency
contacts,C10090,inconsistent_country_contacts,Inconsistent country labels (contacts),Consistency
contacts,C11229,inconsistent_country_contacts,Inconsistent country labels (contacts),Consistency
contacts,C11305,inconsistent_country_contacts,Inconsistent country labels (contacts),Consistency
contacts,C10041,inconsistent_country_contacts,Inconsistent country labels (contacts),Consistency
contacts,C11120,inconsistent_country_contacts,Inconsistent country labels (contacts),Consistency
contacts,C10468,inconsistent_country_contacts,Inconsistent country labels (contacts),Consistency
contacts,C10824,inconsistent_country_contacts,Inconsistent country labels (contacts),Consistency
contacts,C10918,inconsistent_country_contacts,Inconsistent country labels (contacts),Consistency
contacts,C10906,inconsistent_country_contacts,Inconsistent country labels (contacts),Consistency
contacts,C10859,inconsistent_country_contacts,Inconsistent country labels (contacts),Consistency
contacts,C11011,inconsistent_country_contacts,Inconsistent country labels (contacts),Consistency
contacts,C10728,inconsistent_country_contacts,Inconsistent country labels (contacts),Consistency
contacts,C10419,inconsistent_country_contacts,Inconsistent country labels (contacts),Consistency
contacts,C11236,inconsistent_country_contacts,Inconsistent country labels (contacts),Consistency
contacts,C10576,inconsistent_country_contacts,Inconsistent country labels (contacts),Consistency
contacts,C11241,inconsistent_country_contacts,Inconsistent country labels (contacts),Consistency
contacts,C10075,inconsistent_country_contacts,Inconsistent country labels (contacts),Consistency
contacts,C10446,inconsistent_country_contacts,Inconsistent country labels (contacts),Consistency
contacts,C11196,inconsistent_country_contacts,Inconsistent country labels (contacts),Consistency
contacts,C10950,inconsistent_country_contacts,Inconsistent country labels (contacts),Consistency
contacts,C10102,inconsistent_country_contacts,Inconsistent country labels (contacts),Consistency
contacts,C11042,inconsistent_country_contacts,Inconsistent country labels (contacts),Consistency
contacts,C10313,inconsistent_country_contacts,Inconsistent country labels (contacts),Consistency
contacts,C10971,inconsistent_country_contacts,Inconsistent country labels (contacts),Consistency
contacts,C10245,inconsistent_country_contacts,Inconsistent country labels (contacts),Consistency
contacts,C10154,inconsistent_country_contacts,Inconsistent country labels (contacts),Consistency
contacts,C10961,inconsistent_country_contacts,Inconsistent country labels (contacts),Consistency
contacts,C10658,inconsistent_country_contacts,Inconsistent country labels (contacts),Consistency
contacts,C10687,inconsistent_country_contacts,Inconsistent country labels (contacts),Consistency
contacts,C10877,inconsistent_country_contacts,Inconsistent country labels (contacts),Consistency
contacts,C10550,inconsistent_country_contacts,Inconsistent country labels (contacts),Consistency
contacts,C10928,inconsistent_country_contacts,Inconsistent country labels (contacts),Consistency
contacts,C11200,inconsistent_country_contacts,Inconsistent country labels (contacts),Consistency
contacts,C10219,inconsistent_country_contacts,Inconsistent country labels (contacts),Consistency
contacts,C10441,inconsistent_country_contacts,Inconsistent country labels (contacts),Consistency
contacts,C10663,inconsistent_country_contacts,Inconsistent country labels (contacts),Consistency
contacts,C11218,inconsistent_country_contacts,Inconsistent country labels (contacts),Consistency
contacts,C10288,inconsistent_country_contacts,Inconsistent country labels (contacts),Consistency
contacts,C11086,inconsistent_country_contacts,Inconsistent country labels (contacts),Consistency
contacts,C10520,inconsistent_country_contacts,Inconsistent country labels (contacts),Consistency
contacts,C10379,inconsistent_country_contacts,Inconsistent country labels (contacts),Consistency
contacts,C10878,inconsistent_country_contacts,Inconsistent country labels (contacts),Consistency
contacts,C11300,inconsistent_country_contacts,Inconsistent country labels (contacts),Consistency
contacts,C10474,inconsistent_country_contacts,Inconsistent country labels (contacts),Consistency
contacts,C10871,inconsistent_country_contacts,Inconsistent country labels (contacts),Consistency
contacts,C11238,inconsistent_country_contacts,Inconsistent country labels (contacts),Consistency
contacts,C10121,inconsistent_country_contacts,Inconsistent country labels (contacts),Consistency
contacts,C10486,inconsistent_industry_contacts,Inconsistent industry labels (contacts),Consistency
contacts,C10286,inconsistent_industry_contacts,Inconsistent industry labels (contacts),Consistency
contacts,C10221,inconsistent_industry_contacts,Inconsistent industry labels (contacts),Consistency
contacts,C10974,inconsistent_industry_contacts,Inconsistent industry labels (contacts),Consistency
contacts,C10309,inconsistent_industry_contacts,Inconsistent industry labels (contacts),Consistency
contacts,C11068,inconsistent_industry_contacts,Inconsistent industry labels (contacts),Consistency
contacts,C10218,inconsistent_industry_contacts,Inconsistent industry labels (contacts),Consistency
contacts,C10196,inconsistent_industry_contacts,Inconsistent industry labels (contacts),Consistency
contacts,C10707,inconsistent_industry_contacts,Inconsistent industry labels (contacts),Consistency
contacts,C10346,inconsistent_industry_contacts,Inconsistent industry labels (contacts),Consistency
contacts,C10155,inconsistent_industry_contacts,Inconsistent industry labels (contacts),Consistency
contacts,C10881,inconsistent_industry_contacts,Inconsistent industry labels (contacts),Consistency
contacts,C10716,inconsistent_industry_contacts,Inconsistent industry labels (contacts),Consistency
contacts,C10479,inconsistent_industry_contacts,Inconsistent industry labels (contacts),Consistency
contacts,C10306,inconsistent_industry_contacts,Inconsistent industry labels (contacts),Consistency
contacts,C10316,inconsistent_industry_contacts,Inconsistent industry labels (contacts),Consistency
contacts,C10660,inconsistent_industry_contacts,Inconsistent industry labels (contacts),Consistency
contacts,C10796,inconsistent_industry_contacts,Inconsistent industry labels (contacts),Consistency
contacts,C11089,inconsistent_industry_contacts,Inconsistent industry labels (contacts),Consistency
contacts,C10986,inconsistent_industry_contacts,Inconsistent industry labels (contacts),Consistency
contacts,C10808,inconsistent_industry_contacts,Inconsistent industry labels (contacts),Consistency
contacts,C10770,inconsistent_industry_contacts,Inconsistent industry labels (contacts),Consistency
contacts,C10932,inconsistent_industry_contacts,Inconsistent industry labels (contacts),Consistency
contacts,C10237,inconsistent_industry_contacts,Inconsistent industry labels (contacts),Consistency
contacts,C10213,inconsistent_industry_contacts,Inconsistent industry labels (contacts),Consistency
contacts,C11203,inconsistent_industry_contacts,Inconsistent industry labels (contacts),Consistency
contacts,C10949,inconsistent_industry_contacts,Inconsistent industry labels (contacts),Consistency
contacts,C10670,inconsistent_industry_contacts,Inconsistent industry labels (contacts),Consistency
contacts,C10583,inconsistent_industry_contacts,Inconsistent industry labels (contacts),Consistency
contacts,C10165,inconsistent_industry_contacts,Inconsistent industry labels (contacts),Consistency
contacts,C10302,inconsistent_industry_contacts,Inconsistent industry labels (contacts),Consistency
contacts,C10305,inconsistent_industry_contacts,Inconsistent industry labels (contacts),Consistency
contacts,C10094,inconsistent_industry_contacts,Inconsistent industry labels (contacts),Consistency
contacts,C10673,inconsistent_industry_contacts,Inconsistent industry labels (contacts),Consistency
contacts,C10457,inconsistent_industry_contacts,Inconsistent industry labels (contacts),Consistency
contacts,C10895,inconsistent_industry_contacts,Inconsistent industry labels (contacts),Consistency
contacts,C10223,inconsistent_industry_contacts,Inconsistent industry labels (contacts),Consistency
contacts,C10539,inconsistent_industry_contacts,Inconsistent industry labels (contacts),Consistency
contacts,C11030,inconsistent_industry_contacts,Inconsistent industry labels (contacts),Consistency
contacts,C10226,inconsistent_industry_contacts,Inconsistent industry labels (contacts),Consistency
contacts,C11147,inconsistent_industry_contacts,Inconsistent industry labels (contacts),Consistency
contacts,C10408,inconsistent_industry_contacts,Inconsistent industry labels (contacts),Consistency
contacts,C11235,inconsistent_industry_contacts,Inconsistent industry labels (contacts),Consistency
contacts,C10713,inconsistent_industry_contacts,Inconsistent industry labels (contacts),Consistency
contacts,C10499,inconsistent_industry_contacts,Inconsistent industry labels (contacts),Consistency
contacts,C10652,inconsistent_industry_contacts,Inconsistent industry labels (contacts),Consistency
contacts,C10132,inconsistent_industry_contacts,Inconsistent industry labels (contacts),Consistency
contacts,C10038,inconsistent_industry_contacts,Inconsistent industry labels (contacts),Consistency
contacts,C10824,inconsistent_industry_contacts,Inconsistent industry labels (contacts),Consistency
contacts,C10738,inconsistent_industry_contacts,Inconsistent industry labels (contacts),Consistency
contacts,C10393,inconsistent_industry_contacts,Inconsistent industry labels (contacts),Consistency
contacts,C10601,inconsistent_industry_contacts,Inconsistent industry labels (contacts),Consistency
contacts,C10841,inconsistent_industry_contacts,Inconsistent industry labels (contacts),Consistency
contacts,C10267,inconsistent_industry_contacts,Inconsistent industry labels (contacts),Consistency
contacts,C11237,inconsistent_industry_contacts,Inconsistent industry labels (contacts),Consistency
contacts,C10521,inconsistent_industry_contacts,Inconsistent industry labels (contacts),Consistency
contacts,C11280,inconsistent_industry_contacts,Inconsistent industry labels (contacts),Consistency
contacts,C10085,inconsistent_industry_contacts,Inconsistent industry labels (contacts),Consistency
contacts,C10075,inconsistent_industry_contacts,Inconsistent industry labels (contacts),Consistency
contacts,C10446,inconsistent_industry_contacts,Inconsistent industry labels (contacts),Consistency
contacts,C10790,inconsistent_industry_contacts,Inconsistent industry labels (contacts),Consistency
contacts,C10786,inconsistent_industry_contacts,Inconsistent industry labels (contacts),Consistency
contacts,C10102,inconsistent_industry_contacts,Inconsistent industry labels (contacts),Consistency
contacts,C10052,inconsistent_industry_contacts,Inconsistent industry labels (contacts),Consistency
contacts,C10313,inconsistent_industry_contacts,Inconsistent industry labels (contacts),Consistency
contacts,C10149,inconsistent_industry_contacts,Inconsistent industry labels (contacts),Consistency
contacts,C11173,inconsistent_industry_contacts,Inconsistent industry labels (contacts),Consistency
contacts,C10142,inconsistent_industry_contacts,Inconsistent industry labels (contacts),Consistency
contacts,C11005,inconsistent_industry_contacts,Inconsistent industry labels (contacts),Consistency
contacts,C10511,inconsistent_industry_contacts,Inconsistent industry labels (contacts),Consistency
contacts,C10927,inconsistent_industry_contacts,Inconsistent industry labels (contacts),Consistency
contacts,C10980,inconsistent_industry_contacts,Inconsistent industry labels (contacts),Consistency
contacts,C10992,inconsistent_industry_contacts,Inconsistent industry labels (contacts),Consistency
contacts,C11096,inconsistent_industry_contacts,Inconsistent industry labels (contacts),Consistency
contacts,C10517,inconsistent_industry_contacts,Inconsistent industry labels (contacts),Consistency
contacts,C11045,inconsistent_industry_contacts,Inconsistent industry labels (contacts),Consistency
contacts,C11297,inconsistent_industry_contacts,Inconsistent industry labels (contacts),Consistency
contacts,C10151,inconsistent_industry_contacts,Inconsistent industry labels (contacts),Consistency
contacts,C10928,inconsistent_industry_contacts,Inconsistent industry labels (contacts),Consistency
contacts,C10146,inconsistent_industry_contacts,Inconsistent industry labels (contacts),Consistency
contacts,C10143,inconsistent_industry_contacts,Inconsistent industry labels (contacts),Consistency
contacts,C10197,inconsistent_industry_contacts,Inconsistent industry labels (contacts),Consistency
contacts,C11261,inconsistent_industry_contacts,Inconsistent industry labels (contacts),Consistency
contacts,C11020,inconsistent_industry_contacts,Inconsistent industry labels (contacts),Consistency
contacts,C10406,inconsistent_industry_contacts,Inconsistent industry labels (contacts),Consistency
contacts,C10592,inconsistent_industry_contacts,Inconsistent industry labels (contacts),Consistency
contacts,C10187,inconsistent_industry_contacts,Inconsistent industry labels (contacts),Consistency
contacts,C10815,inconsistent_industry_contacts,Inconsistent industry labels (contacts),Consistency
contacts,C10252,inconsistent_industry_contacts,Inconsistent industry labels (contacts),Consistency
contacts,C11123,inconsistent_industry_contacts,Inconsistent industry labels (contacts),Consistency
contacts,C10903,inconsistent_lead_source_contacts,Inconsistent lead source labels (contacts),Consistency
contacts,C10247,inconsistent_lead_source_contacts,Inconsistent lead source labels (contacts),Consistency
contacts,C10044,inconsistent_lead_source_contacts,Inconsistent lead source labels (contacts),Consistency
contacts,C10631,inconsistent_lead_source_contacts,Inconsistent lead source labels (contacts),Consistency
contacts,C10331,inconsistent_lead_source_contacts,Inconsistent lead source labels (contacts),Consistency
contacts,C10759,inconsistent_lead_source_contacts,Inconsistent lead source labels (contacts),Consistency
contacts,C10803,inconsistent_lead_source_contacts,Inconsistent lead source labels (contacts),Consistency
contacts,C11088,inconsistent_lead_source_contacts,Inconsistent lead source labels (contacts),Consistency
contacts,C11027,inconsistent_lead_source_contacts,Inconsistent lead source labels (contacts),Consistency
contacts,C10654,inconsistent_lead_source_contacts,Inconsistent lead source labels (contacts),Consistency
contacts,C10952,inconsistent_lead_source_contacts,Inconsistent lead source labels (contacts),Consistency
contacts,C10598,inconsistent_lead_source_contacts,Inconsistent lead source labels (contacts),Consistency
contacts,C10096,inconsistent_lead_source_contacts,Inconsistent lead source labels (contacts),Consistency
contacts,C10306,inconsistent_lead_source_contacts,Inconsistent lead source labels (contacts),Consistency
contacts,C10467,inconsistent_lead_source_contacts,Inconsistent lead source labels (contacts),Consistency
contacts,C10553,inconsistent_lead_source_contacts,Inconsistent lead source labels (contacts),Consistency
contacts,C11183,inconsistent_lead_source_contacts,Inconsistent lead source labels (contacts),Consistency
contacts,C10294,inconsistent_lead_source_contacts,Inconsistent lead source labels (contacts),Consistency
contacts,C10774,inconsistent_lead_source_contacts,Inconsistent lead source labels (contacts),Consistency
contacts,C10432,inconsistent_lead_source_contacts,Inconsistent lead source labels (contacts),Consistency
contacts,C10543,inconsistent_lead_source_contacts,Inconsistent lead source labels (contacts),Consistency
contacts,C10136,inconsistent_lead_source_contacts,Inconsistent lead source labels (contacts),Consistency
contacts,C10731,inconsistent_lead_source_contacts,Inconsistent lead source labels (contacts),Consistency
contacts,C10634,inconsistent_lead_source_contacts,Inconsistent lead source labels (contacts),Consistency
contacts,C10894,inconsistent_lead_source_contacts,Inconsistent lead source labels (contacts),Consistency
contacts,C10617,inconsistent_lead_source_contacts,Inconsistent lead source labels (contacts),Consistency
contacts,C11252,inconsistent_lead_source_contacts,Inconsistent lead source labels (contacts),Consistency
contacts,C10624,inconsistent_lead_source_contacts,Inconsistent lead source labels (contacts),Consistency
contacts,C10362,inconsistent_lead_source_contacts,Inconsistent lead source labels (contacts),Consistency
contacts,C10910,inconsistent_lead_source_contacts,Inconsistent lead source labels (contacts),Consistency
contacts,C10636,inconsistent_lead_source_contacts,Inconsistent lead source labels (contacts),Consistency
contacts,C10072,inconsistent_lead_source_contacts,Inconsistent lead source labels (contacts),Consistency
contacts,C10677,inconsistent_lead_source_contacts,Inconsistent lead source labels (contacts),Consistency
contacts,C10968,inconsistent_lead_source_contacts,Inconsistent lead source labels (contacts),Consistency
contacts,C11195,inconsistent_lead_source_contacts,Inconsistent lead source labels (contacts),Consistency
contacts,C10302,inconsistent_lead_source_contacts,Inconsistent lead source labels (contacts),Consistency
contacts,C11067,inconsistent_lead_source_contacts,Inconsistent lead source labels (contacts),Consistency
contacts,C10071,inconsistent_lead_source_contacts,Inconsistent lead source labels (contacts),Consistency
contacts,C11091,inconsistent_lead_source_contacts,Inconsistent lead source labels (contacts),Consistency
contacts,C10445,inconsistent_lead_source_contacts,Inconsistent lead source labels (contacts),Consistency
contacts,C10724,inconsistent_lead_source_contacts,Inconsistent lead source labels (contacts),Consistency
contacts,C11058,inconsistent_lead_source_contacts,Inconsistent lead source labels (contacts),Consistency
contacts,C10609,inconsistent_lead_source_contacts,Inconsistent lead source labels (contacts),Consistency
contacts,C11232,inconsistent_lead_source_contacts,Inconsistent lead source labels (contacts),Consistency
contacts,C10009,inconsistent_lead_source_contacts,Inconsistent lead source labels (contacts),Consistency
contacts,C10593,inconsistent_lead_source_contacts,Inconsistent lead source labels (contacts),Consistency
contacts,C11216,inconsistent_lead_source_contacts,Inconsistent lead source labels (contacts),Consistency
contacts,C10258,inconsistent_lead_source_contacts,Inconsistent lead source labels (contacts),Consistency
contacts,C11133,inconsistent_lead_source_contacts,Inconsistent lead source labels (contacts),Consistency
contacts,C11270,inconsistent_lead_source_contacts,Inconsistent lead source labels (contacts),Consistency
contacts,C10169,inconsistent_lead_source_contacts,Inconsistent lead source labels (contacts),Consistency
contacts,C10173,inconsistent_lead_source_contacts,Inconsistent lead source labels (contacts),Consistency
contacts,C10945,inconsistent_lead_source_contacts,Inconsistent lead source labels (contacts),Consistency
contacts,C10132,inconsistent_lead_source_contacts,Inconsistent lead source labels (contacts),Consistency
contacts,C10038,inconsistent_lead_source_contacts,Inconsistent lead source labels (contacts),Consistency
contacts,C11118,inconsistent_lead_source_contacts,Inconsistent lead source labels (contacts),Consistency
contacts,C11227,inconsistent_lead_source_contacts,Inconsistent lead source labels (contacts),Consistency
contacts,C10278,inconsistent_lead_source_contacts,Inconsistent lead source labels (contacts),Consistency
contacts,C10675,inconsistent_lead_source_contacts,Inconsistent lead source labels (contacts),Consistency
contacts,C10753,inconsistent_lead_source_contacts,Inconsistent lead source labels (contacts),Consistency
contacts,C10267,inconsistent_lead_source_contacts,Inconsistent lead source labels (contacts),Consistency
contacts,C11237,inconsistent_lead_source_contacts,Inconsistent lead source labels (contacts),Consistency
contacts,C10159,inconsistent_lead_source_contacts,Inconsistent lead source labels (contacts),Consistency
contacts,C10179,inconsistent_lead_source_contacts,Inconsistent lead source labels (contacts),Consistency
contacts,C10340,inconsistent_lead_source_contacts,Inconsistent lead source labels (contacts),Consistency
contacts,C10487,inconsistent_lead_source_contacts,Inconsistent lead source labels (contacts),Consistency
contacts,C10876,inconsistent_lead_source_contacts,Inconsistent lead source labels (contacts),Consistency
contacts,C10052,inconsistent_lead_source_contacts,Inconsistent lead source labels (contacts),Consistency
contacts,C10782,inconsistent_lead_source_contacts,Inconsistent lead source labels (contacts),Consistency
contacts,C10124,inconsistent_lead_source_contacts,Inconsistent lead source labels (contacts),Consistency
contacts,C10019,inconsistent_lead_source_contacts,Inconsistent lead source labels (contacts),Consistency
contacts,C10827,inconsistent_lead_source_contacts,Inconsistent lead source labels (contacts),Consistency
contacts,C10537,inconsistent_lead_source_contacts,Inconsistent lead source labels (contacts),Consistency
contacts,C10853,inconsistent_lead_source_contacts,Inconsistent lead source labels (contacts),Consistency
contacts,C11045,inconsistent_lead_source_contacts,Inconsistent lead source labels (contacts),Consistency
contacts,C11213,inconsistent_lead_source_contacts,Inconsistent lead source labels (contacts),Consistency
contacts,C11014,inconsistent_lead_source_contacts,Inconsistent lead source labels (contacts),Consistency
contacts,C10345,inconsistent_lead_source_contacts,Inconsistent lead source labels (contacts),Consistency
contacts,C11242,inconsistent_lead_source_contacts,Inconsistent lead source labels (contacts),Consistency
contacts,C11136,inconsistent_lead_source_contacts,Inconsistent lead source labels (contacts),Consistency
contacts,C10870,inconsistent_lead_source_contacts,Inconsistent lead source labels (contacts),Consistency
contacts,C10725,inconsistent_lead_source_contacts,Inconsistent lead source labels (contacts),Consistency
contacts,C10391,inconsistent_lead_source_contacts,Inconsistent lead source labels (contacts),Consistency
contacts,C11104,inconsistent_lead_source_contacts,Inconsistent lead source labels (contacts),Consistency
contacts,C10189,inconsistent_lead_source_contacts,Inconsistent lead source labels (contacts),Consistency
contacts,C10747,inconsistent_lead_source_contacts,Inconsistent lead source labels (contacts),Consistency
contacts,C11294,inconsistent_lead_source_contacts,Inconsistent lead source labels (contacts),Consistency
deals,D50009,inconsistent_stage_deals,Inconsistent stage labels (deals),Consistency
deals,D50057,inconsistent_stage_deals,Inconsistent stage labels (deals),Consistency
deals,D50072,inconsistent_stage_deals,Inconsistent stage labels (deals),Consistency
deals,D50132,inconsistent_stage_deals,Inconsistent stage labels (deals),Consistency
deals,D50176,inconsistent_stage_deals,Inconsistent stage labels (deals),Consistency
deals,D50247,inconsistent_stage_deals,Inconsistent stage labels (deals),Consistency
deals,D50264,inconsistent_stage_deals,Inconsistent stage labels (deals),Consistency
deals,D50279,inconsistent_stage_deals,Inconsistent stage labels (deals),Consistency
deals,D50297,inconsistent_stage_deals,Inconsistent stage labels (deals),Consistency
deals,D50309,inconsistent_stage_deals,Inconsistent stage labels (deals),Consistency
deals,D50320,inconsistent_stage_deals,Inconsistent stage labels (deals),Consistency
deals,D50338,inconsistent_stage_deals,Inconsistent stage labels (deals),Consistency
deals,D50386,inconsistent_stage_deals,Inconsistent stage labels (deals),Consistency
deals,D50397,inconsistent_stage_deals,Inconsistent stage labels (deals),Consistency
deals,D50425,inconsistent_stage_deals,Inconsistent stage labels (deals),Consistency
deals,D50491,inconsistent_stage_deals,Inconsistent stage labels (deals),Consistency
deals,D50562,inconsistent_stage_deals,Inconsistent stage labels (deals),Consistency
deals,D50617,inconsistent_stage_deals,Inconsistent stage labels (deals),Consistency
deals,D50675,inconsistent_stage_deals,Inconsistent stage labels (deals),Consistency
deals,D50824,inconsistent_stage_deals,Inconsistent stage labels (deals),Consistency
deals,D50841,inconsistent_stage_deals,Inconsistent stage labels (deals),Consistency
deals,D50907,inconsistent_stage_deals,Inconsistent stage labels (deals),Consistency
deals,D50927,inconsistent_stage_deals,Inconsistent stage labels (deals),Consistency
deals,D50958,inconsistent_stage_deals,Inconsistent stage labels (deals),Consistency
deals,D51089,inconsistent_stage_deals,Inconsistent stage labels (deals),Consistency
deals,D51095,inconsistent_stage_deals,Inconsistent stage labels (deals),Consistency
deals,D51101,inconsistent_stage_deals,Inconsistent stage labels (deals),Consistency
deals,D51125,inconsistent_stage_deals,Inconsistent stage labels (deals),Consistency
deals,D51134,inconsistent_stage_deals,Inconsistent stage labels (deals),Consistency
deals,D51139,inconsistent_stage_deals,Inconsistent stage labels (deals),Consistency
deals,D51158,inconsistent_stage_deals,Inconsistent stage labels (deals),Consistency
deals,D51167,inconsistent_stage_deals,Inconsistent stage labels (deals),Consistency
deals,D51302,inconsistent_stage_deals,Inconsistent stage labels (deals),Consistency
deals,D51329,inconsistent_stage_deals,Inconsistent stage labels (deals),Consistency
deals,D51410,inconsistent_stage_deals,Inconsistent stage labels (deals),Consistency
contacts,C10887,stale_contacts,Contacts not updated in 12+ months,Freshness
contacts,C11275,stale_contacts,Contacts not updated in 12+ months,Freshness
contacts,C10666,stale_contacts,Contacts not updated in 12+ months,Freshness
contacts,C10631,stale_contacts,Contacts not updated in 12+ months,Freshness
contacts,C10626,stale_contacts,Contacts not updated in 12+ months,Freshness
contacts,C10430,stale_contacts,Contacts not updated in 12+ months,Freshness
contacts,C11069,stale_contacts,Contacts not updated in 12+ months,Freshness
contacts,C11113,stale_contacts,Contacts not updated in 12+ months,Freshness
contacts,C10964,stale_contacts,Contacts not updated in 12+ months,Freshness
contacts,C10936,stale_contacts,Contacts not updated in 12+ months,Freshness
contacts,C10123,stale_contacts,Contacts not updated in 12+ months,Freshness
contacts,C10031,stale_contacts,Contacts not updated in 12+ months,Freshness
contacts,C11092,stale_contacts,Contacts not updated in 12+ months,Freshness
contacts,C10070,stale_contacts,Contacts not updated in 12+ months,Freshness
contacts,C10048,stale_contacts,Contacts not updated in 12+ months,Freshness
contacts,C10382,stale_contacts,Contacts not updated in 12+ months,Freshness
contacts,C11309,stale_contacts,Contacts not updated in 12+ months,Freshness
contacts,C10433,stale_contacts,Contacts not updated in 12+ months,Freshness
contacts,C10350,stale_contacts,Contacts not updated in 12+ months,Freshness
contacts,C10503,stale_contacts,Contacts not updated in 12+ months,Freshness
contacts,C10654,stale_contacts,Contacts not updated in 12+ months,Freshness
contacts,C10816,stale_contacts,Contacts not updated in 12+ months,Freshness
contacts,C11013,stale_contacts,Contacts not updated in 12+ months,Freshness
contacts,C11183,stale_contacts,Contacts not updated in 12+ months,Freshness
contacts,C10308,stale_contacts,Contacts not updated in 12+ months,Freshness
contacts,C10679,stale_contacts,Contacts not updated in 12+ months,Freshness
contacts,C10852,stale_contacts,Contacts not updated in 12+ months,Freshness
contacts,C10796,stale_contacts,Contacts not updated in 12+ months,Freshness
contacts,C10413,stale_contacts,Contacts not updated in 12+ months,Freshness
contacts,C10820,stale_contacts,Contacts not updated in 12+ months,Freshness
contacts,C10590,stale_contacts,Contacts not updated in 12+ months,Freshness
contacts,C10845,stale_contacts,Contacts not updated in 12+ months,Freshness
contacts,C10039,stale_contacts,Contacts not updated in 12+ months,Freshness
contacts,C11178,stale_contacts,Contacts not updated in 12+ months,Freshness
contacts,C10111,stale_contacts,Contacts not updated in 12+ months,Freshness
contacts,C10634,stale_contacts,Contacts not updated in 12+ months,Freshness
contacts,C10067,stale_contacts,Contacts not updated in 12+ months,Freshness
contacts,C11210,stale_contacts,Contacts not updated in 12+ months,Freshness
contacts,C10256,stale_contacts,Contacts not updated in 12+ months,Freshness
contacts,C10388,stale_contacts,Contacts not updated in 12+ months,Freshness
contacts,C10991,stale_contacts,Contacts not updated in 12+ months,Freshness
contacts,C11073,stale_contacts,Contacts not updated in 12+ months,Freshness
contacts,C10925,stale_contacts,Contacts not updated in 12+ months,Freshness
contacts,C10104,stale_contacts,Contacts not updated in 12+ months,Freshness
contacts,C10895,stale_contacts,Contacts not updated in 12+ months,Freshness
contacts,C10460,stale_contacts,Contacts not updated in 12+ months,Freshness
contacts,C11313,stale_contacts,Contacts not updated in 12+ months,Freshness
contacts,C11015,stale_contacts,Contacts not updated in 12+ months,Freshness
contacts,C11043,stale_contacts,Contacts not updated in 12+ months,Freshness
contacts,C10212,stale_contacts,Contacts not updated in 12+ months,Freshness
contacts,C10000,stale_contacts,Contacts not updated in 12+ months,Freshness
contacts,C10421,stale_contacts,Contacts not updated in 12+ months,Freshness
contacts,C10169,stale_contacts,Contacts not updated in 12+ months,Freshness
contacts,C10132,stale_contacts,Contacts not updated in 12+ months,Freshness
contacts,C10264,stale_contacts,Contacts not updated in 12+ months,Freshness
contacts,C10061,stale_contacts,Contacts not updated in 12+ months,Freshness
contacts,C10191,stale_contacts,Contacts not updated in 12+ months,Freshness
contacts,C10675,stale_contacts,Contacts not updated in 12+ months,Freshness
contacts,C10396,stale_contacts,Contacts not updated in 12+ months,Freshness
contacts,C10426,stale_contacts,Contacts not updated in 12+ months,Freshness
contacts,C10544,stale_contacts,Contacts not updated in 12+ months,Freshness
contacts,C11237,stale_contacts,Contacts not updated in 12+ months,Freshness
contacts,C10851,stale_contacts,Contacts not updated in 12+ months,Freshness
contacts,C10159,stale_contacts,Contacts not updated in 12+ months,Freshness
contacts,C10324,stale_contacts,Contacts not updated in 12+ months,Freshness
contacts,C10179,stale_contacts,Contacts not updated in 12+ months,Freshness
contacts,C10761,stale_contacts,Contacts not updated in 12+ months,Freshness
contacts,C11090,stale_contacts,Contacts not updated in 12+ months,Freshness
contacts,C10696,stale_contacts,Contacts not updated in 12+ months,Freshness
contacts,C10750,stale_contacts,Contacts not updated in 12+ months,Freshness
contacts,C10268,stale_contacts,Contacts not updated in 12+ months,Freshness
contacts,C10691,stale_contacts,Contacts not updated in 12+ months,Freshness
contacts,C10304,stale_contacts,Contacts not updated in 12+ months,Freshness
contacts,C10697,stale_contacts,Contacts not updated in 12+ months,Freshness
contacts,C10882,stale_contacts,Contacts not updated in 12+ months,Freshness
contacts,C10827,stale_contacts,Contacts not updated in 12+ months,Freshness
contacts,C10437,stale_contacts,Contacts not updated in 12+ months,Freshness
contacts,C10749,stale_contacts,Contacts not updated in 12+ months,Freshness
contacts,C10687,stale_contacts,Contacts not updated in 12+ months,Freshness
contacts,C10639,stale_contacts,Contacts not updated in 12+ months,Freshness
contacts,C10821,stale_contacts,Contacts not updated in 12+ months,Freshness
contacts,C11171,stale_contacts,Contacts not updated in 12+ months,Freshness
contacts,C10550,stale_contacts,Contacts not updated in 12+ months,Freshness
contacts,C11200,stale_contacts,Contacts not updated in 12+ months,Freshness
contacts,C10400,stale_contacts,Contacts not updated in 12+ months,Freshness
contacts,C10698,stale_contacts,Contacts not updated in 12+ months,Freshness
contacts,C10441,stale_contacts,Contacts not updated in 12+ months,Freshness
contacts,C10524,stale_contacts,Contacts not updated in 12+ months,Freshness
contacts,C10563,stale_contacts,Contacts not updated in 12+ months,Freshness
contacts,C10794,stale_contacts,Contacts not updated in 12+ months,Freshness
contacts,C10766,stale_contacts,Contacts not updated in 12+ months,Freshness
contacts,C11056,stale_contacts,Contacts not updated in 12+ months,Freshness
contacts,C11180,stale_contacts,Contacts not updated in 12+ months,Freshness
contacts,C11104,stale_contacts,Contacts not updated in 12+ months,Freshness
contacts,C10975,stale_contacts,Contacts not updated in 12+ months,Freshness
contacts,C10510,stale_contacts,Contacts not updated in 12+ months,Freshness
contacts,C11123,stale_contacts,Contacts not updated in 12+ months,Freshness
contacts,C11095,stale_contacts,Contacts not updated in 12+ months,Freshness
contacts,C11126,stale_contacts,Contacts not updated in 12+ months,Freshness
contacts,C10693,no_recent_activity,No logged activity in 6+ months,Freshness
contacts,C10610,no_recent_activity,No logged activity in 6+ months,Freshness
contacts,C10486,no_recent_activity,No logged activity in 6+ months,Freshness
contacts,C10548,no_recent_activity,No logged activity in 6+ months,Freshness
contacts,C10940,no_recent_activity,No logged activity in 6+ months,Freshness
contacts,C11105,no_recent_activity,No logged activity in 6+ months,Freshness
contacts,C10887,no_recent_activity,No logged activity in 6+ months,Freshness
contacts,C10730,no_recent_activity,No logged activity in 6+ months,Freshness
contacts,C10286,no_recent_activity,No logged activity in 6+ months,Freshness
contacts,C10705,no_recent_activity,No logged activity in 6+ months,Freshness
contacts,C11097,no_recent_activity,No logged activity in 6+ months,Freshness
contacts,C11222,no_recent_activity,No logged activity in 6+ months,Freshness
contacts,C10221,no_recent_activity,No logged activity in 6+ months,Freshness
contacts,C10584,no_recent_activity,No logged activity in 6+ months,Freshness
contacts,C10453,no_recent_activity,No logged activity in 6+ months,Freshness
contacts,C10261,no_recent_activity,No logged activity in 6+ months,Freshness
contacts,C10493,no_recent_activity,No logged activity in 6+ months,Freshness
contacts,C10247,no_recent_activity,No logged activity in 6+ months,Freshness
contacts,C10044,no_recent_activity,No logged activity in 6+ months,Freshness
contacts,C10051,no_recent_activity,No logged activity in 6+ months,Freshness
contacts,C10422,no_recent_activity,No logged activity in 6+ months,Freshness
contacts,C11072,no_recent_activity,No logged activity in 6+ months,Freshness
contacts,C11119,no_recent_activity,No logged activity in 6+ months,Freshness
contacts,C10231,no_recent_activity,No logged activity in 6+ months,Freshness
contacts,C10718,no_recent_activity,No logged activity in 6+ months,Freshness
contacts,C10342,no_recent_activity,No logged activity in 6+ months,Freshness
contacts,C11132,no_recent_activity,No logged activity in 6+ months,Freshness
contacts,C10309,no_recent_activity,No logged activity in 6+ months,Freshness
contacts,C11304,no_recent_activity,No logged activity in 6+ months,Freshness
contacts,C10344,no_recent_activity,No logged activity in 6+ months,Freshness
contacts,C11174,no_recent_activity,No logged activity in 6+ months,Freshness
contacts,C11296,no_recent_activity,No logged activity in 6+ months,Freshness
contacts,C10535,no_recent_activity,No logged activity in 6+ months,Freshness
contacts,C11226,no_recent_activity,No logged activity in 6+ months,Freshness
contacts,C10427,no_recent_activity,No logged activity in 6+ months,Freshness
contacts,C10879,no_recent_activity,No logged activity in 6+ months,Freshness
contacts,C10058,no_recent_activity,No logged activity in 6+ months,Freshness
contacts,C10377,no_recent_activity,No logged activity in 6+ months,Freshness
contacts,C10767,no_recent_activity,No logged activity in 6+ months,Freshness
contacts,C10023,no_recent_activity,No logged activity in 6+ months,Freshness
contacts,C11065,no_recent_activity,No logged activity in 6+ months,Freshness
contacts,C10043,no_recent_activity,No logged activity in 6+ months,Freshness
contacts,C10561,no_recent_activity,No logged activity in 6+ months,Freshness
contacts,C10331,no_recent_activity,No logged activity in 6+ months,Freshness
contacts,C11094,no_recent_activity,No logged activity in 6+ months,Freshness
contacts,C10298,no_recent_activity,No logged activity in 6+ months,Freshness
contacts,C10771,no_recent_activity,No logged activity in 6+ months,Freshness
contacts,C10254,no_recent_activity,No logged activity in 6+ months,Freshness
contacts,C10425,no_recent_activity,No logged activity in 6+ months,Freshness
contacts,C11277,no_recent_activity,No logged activity in 6+ months,Freshness
contacts,C10532,no_recent_activity,No logged activity in 6+ months,Freshness
contacts,C10270,no_recent_activity,No logged activity in 6+ months,Freshness
contacts,C10526,no_recent_activity,No logged activity in 6+ months,Freshness
contacts,C10410,no_recent_activity,No logged activity in 6+ months,Freshness
contacts,C10552,no_recent_activity,No logged activity in 6+ months,Freshness
contacts,C11035,no_recent_activity,No logged activity in 6+ months,Freshness
contacts,C10817,no_recent_activity,No logged activity in 6+ months,Freshness
contacts,C10885,no_recent_activity,No logged activity in 6+ months,Freshness
contacts,C10527,no_recent_activity,No logged activity in 6+ months,Freshness
contacts,C10964,no_recent_activity,No logged activity in 6+ months,Freshness
contacts,C10933,no_recent_activity,No logged activity in 6+ months,Freshness
contacts,C11288,no_recent_activity,No logged activity in 6+ months,Freshness
contacts,C11197,no_recent_activity,No logged activity in 6+ months,Freshness
contacts,C11256,no_recent_activity,No logged activity in 6+ months,Freshness
contacts,C11084,no_recent_activity,No logged activity in 6+ months,Freshness
contacts,C10549,no_recent_activity,No logged activity in 6+ months,Freshness
contacts,C10175,no_recent_activity,No logged activity in 6+ months,Freshness
contacts,C10086,no_recent_activity,No logged activity in 6+ months,Freshness
contacts,C10123,no_recent_activity,No logged activity in 6+ months,Freshness
contacts,C10534,no_recent_activity,No logged activity in 6+ months,Freshness
contacts,C10707,no_recent_activity,No logged activity in 6+ months,Freshness
contacts,C10522,no_recent_activity,No logged activity in 6+ months,Freshness
contacts,C10847,no_recent_activity,No logged activity in 6+ months,Freshness
contacts,C11209,no_recent_activity,No logged activity in 6+ months,Freshness
contacts,C10339,no_recent_activity,No logged activity in 6+ months,Freshness
contacts,C10208,no_recent_activity,No logged activity in 6+ months,Freshness
contacts,C10706,no_recent_activity,No logged activity in 6+ months,Freshness
contacts,C10778,no_recent_activity,No logged activity in 6+ months,Freshness
contacts,C10282,no_recent_activity,No logged activity in 6+ months,Freshness
contacts,C11181,no_recent_activity,No logged activity in 6+ months,Freshness
contacts,C11092,no_recent_activity,No logged activity in 6+ months,Freshness
contacts,C10346,no_recent_activity,No logged activity in 6+ months,Freshness
contacts,C11220,no_recent_activity,No logged activity in 6+ months,Freshness
contacts,C10070,no_recent_activity,No logged activity in 6+ months,Freshness
contacts,C10367,no_recent_activity,No logged activity in 6+ months,Freshness
contacts,C10737,no_recent_activity,No logged activity in 6+ months,Freshness
contacts,C10629,no_recent_activity,No logged activity in 6+ months,Freshness
contacts,C10572,no_recent_activity,No logged activity in 6+ months,Freshness
contacts,C10881,no_recent_activity,No logged activity in 6+ months,Freshness
contacts,C10999,no_recent_activity,No logged activity in 6+ months,Freshness
contacts,C10363,no_recent_activity,No logged activity in 6+ months,Freshness
contacts,C10716,no_recent_activity,No logged activity in 6+ months,Freshness
contacts,C10644,no_recent_activity,No logged activity in 6+ months,Freshness
contacts,C10433,no_recent_activity,No logged activity in 6+ months,Freshness
contacts,C10107,no_recent_activity,No logged activity in 6+ months,Freshness
contacts,C11135,no_recent_activity,No logged activity in 6+ months,Freshness
contacts,C11253,no_recent_activity,No logged activity in 6+ months,Freshness
contacts,C10350,no_recent_activity,No logged activity in 6+ months,Freshness
contacts,C11217,no_recent_activity,No logged activity in 6+ months,Freshness
contacts,C10614,no_recent_activity,No logged activity in 6+ months,Freshness
contacts,C10867,no_recent_activity,No logged activity in 6+ months,Freshness
contacts,C10602,no_recent_activity,No logged activity in 6+ months,Freshness
contacts,C10479,no_recent_activity,No logged activity in 6+ months,Freshness
contacts,C10168,no_recent_activity,No logged activity in 6+ months,Freshness
contacts,C11194,no_recent_activity,No logged activity in 6+ months,Freshness
contacts,C10701,no_recent_activity,No logged activity in 6+ months,Freshness
contacts,C10244,no_recent_activity,No logged activity in 6+ months,Freshness
contacts,C10985,no_recent_activity,No logged activity in 6+ months,Freshness
contacts,C10503,no_recent_activity,No logged activity in 6+ months,Freshness
contacts,C10654,no_recent_activity,No logged activity in 6+ months,Freshness
contacts,C11100,no_recent_activity,No logged activity in 6+ months,Freshness
contacts,C11148,no_recent_activity,No logged activity in 6+ months,Freshness
contacts,C11083,no_recent_activity,No logged activity in 6+ months,Freshness
contacts,C10054,no_recent_activity,No logged activity in 6+ months,Freshness
contacts,C10777,no_recent_activity,No logged activity in 6+ months,Freshness
contacts,C10056,no_recent_activity,No logged activity in 6+ months,Freshness
contacts,C11144,no_recent_activity,No logged activity in 6+ months,Freshness
contacts,C10163,no_recent_activity,No logged activity in 6+ months,Freshness
contacts,C10816,no_recent_activity,No logged activity in 6+ months,Freshness
contacts,C10275,no_recent_activity,No logged activity in 6+ months,Freshness
contacts,C10746,no_recent_activity,No logged activity in 6+ months,Freshness
contacts,C11013,no_recent_activity,No logged activity in 6+ months,Freshness
contacts,C10170,no_recent_activity,No logged activity in 6+ months,Freshness
contacts,C10598,no_recent_activity,No logged activity in 6+ months,Freshness
contacts,C11004,no_recent_activity,No logged activity in 6+ months,Freshness
contacts,C10199,no_recent_activity,No logged activity in 6+ months,Freshness
contacts,C10312,no_recent_activity,No logged activity in 6+ months,Freshness
contacts,C10010,no_recent_activity,No logged activity in 6+ months,Freshness
contacts,C10147,no_recent_activity,No logged activity in 6+ months,Freshness
contacts,C10429,no_recent_activity,No logged activity in 6+ months,Freshness
contacts,C10844,no_recent_activity,No logged activity in 6+ months,Freshness
contacts,C10720,no_recent_activity,No logged activity in 6+ months,Freshness
contacts,C10566,no_recent_activity,No logged activity in 6+ months,Freshness
contacts,C10394,no_recent_activity,No logged activity in 6+ months,Freshness
contacts,C10818,no_recent_activity,No logged activity in 6+ months,Freshness
contacts,C10471,no_recent_activity,No logged activity in 6+ months,Freshness
contacts,C10158,no_recent_activity,No logged activity in 6+ months,Freshness
contacts,C11146,no_recent_activity,No logged activity in 6+ months,Freshness
contacts,C10908,no_recent_activity,No logged activity in 6+ months,Freshness
contacts,C10380,no_recent_activity,No logged activity in 6+ months,Freshness
contacts,C10096,no_recent_activity,No logged activity in 6+ months,Freshness
contacts,C11159,no_recent_activity,No logged activity in 6+ months,Freshness
contacts,C11183,no_recent_activity,No logged activity in 6+ months,Freshness
contacts,C10970,no_recent_activity,No logged activity in 6+ months,Freshness
contacts,C10308,no_recent_activity,No logged activity in 6+ months,Freshness
contacts,C10398,no_recent_activity,No logged activity in 6+ months,Freshness
contacts,C10178,no_recent_activity,No logged activity in 6+ months,Freshness
contacts,C11099,no_recent_activity,No logged activity in 6+ months,Freshness
contacts,C10294,no_recent_activity,No logged activity in 6+ months,Freshness
contacts,C10354,no_recent_activity,No logged activity in 6+ months,Freshness
contacts,C10937,no_recent_activity,No logged activity in 6+ months,Freshness
contacts,C10765,no_recent_activity,No logged activity in 6+ months,Freshness
contacts,C11268,no_recent_activity,No logged activity in 6+ months,Freshness
contacts,C11317,no_recent_activity,No logged activity in 6+ months,Freshness
contacts,C10743,no_recent_activity,No logged activity in 6+ months,Freshness
contacts,C10285,no_recent_activity,No logged activity in 6+ months,Freshness
contacts,C10660,no_recent_activity,No logged activity in 6+ months,Freshness
contacts,C11250,no_recent_activity,No logged activity in 6+ months,Freshness
contacts,C11198,no_recent_activity,No logged activity in 6+ months,Freshness
contacts,C10348,no_recent_activity,No logged activity in 6+ months,Freshness
contacts,C10059,no_recent_activity,No logged activity in 6+ months,Freshness
contacts,C10390,no_recent_activity,No logged activity in 6+ months,Freshness
contacts,C11246,no_recent_activity,No logged activity in 6+ months,Freshness
contacts,C11134,no_recent_activity,No logged activity in 6+ months,Freshness
contacts,C10413,no_recent_activity,No logged activity in 6+ months,Freshness
contacts,C11175,no_recent_activity,No logged activity in 6+ months,Freshness
contacts,C11036,no_recent_activity,No logged activity in 6+ months,Freshness
contacts,C10328,no_recent_activity,No logged activity in 6+ months,Freshness
contacts,C10318,no_recent_activity,No logged activity in 6+ months,Freshness
contacts,C10129,no_recent_activity,No logged activity in 6+ months,Freshness
contacts,C10752,no_recent_activity,No logged activity in 6+ months,Freshness
contacts,C10171,no_recent_activity,No logged activity in 6+ months,Freshness
contacts,C10714,no_recent_activity,No logged activity in 6+ months,Freshness
contacts,C10874,no_recent_activity,No logged activity in 6+ months,Freshness
contacts,C10712,no_recent_activity,No logged activity in 6+ months,Freshness
contacts,C10141,no_recent_activity,No logged activity in 6+ months,Freshness
contacts,C10590,no_recent_activity,No logged activity in 6+ months,Freshness
contacts,C10274,no_recent_activity,No logged activity in 6+ months,Freshness
contacts,C11251,no_recent_activity,No logged activity in 6+ months,Freshness
contacts,C10845,no_recent_activity,No logged activity in 6+ months,Freshness
contacts,C10808,no_recent_activity,No logged activity in 6+ months,Freshness
contacts,C10464,no_recent_activity,No logged activity in 6+ months,Freshness
contacts,C10939,no_recent_activity,No logged activity in 6+ months,Freshness
contacts,C10700,no_recent_activity,No logged activity in 6+ months,Freshness
contacts,C10458,no_recent_activity,No logged activity in 6+ months,Freshness
contacts,C10039,no_recent_activity,No logged activity in 6+ months,Freshness
contacts,C11046,no_recent_activity,No logged activity in 6+ months,Freshness
contacts,C10914,no_recent_activity,No logged activity in 6+ months,Freshness
contacts,C10528,no_recent_activity,No logged activity in 6+ months,Freshness
contacts,C10731,no_recent_activity,No logged activity in 6+ months,Freshness
contacts,C11140,no_recent_activity,No logged activity in 6+ months,Freshness
contacts,C11000,no_recent_activity,No logged activity in 6+ months,Freshness
contacts,C10591,no_recent_activity,No logged activity in 6+ months,Freshness
contacts,C10314,no_recent_activity,No logged activity in 6+ months,Freshness
contacts,C10439,no_recent_activity,No logged activity in 6+ months,Freshness
contacts,C10319,no_recent_activity,No logged activity in 6+ months,Freshness
contacts,C10634,no_recent_activity,No logged activity in 6+ months,Freshness
contacts,C10894,no_recent_activity,No logged activity in 6+ months,Freshness
contacts,C10100,no_recent_activity,No logged activity in 6+ months,Freshness
contacts,C10424,no_recent_activity,No logged activity in 6+ months,Freshness
contacts,C11139,no_recent_activity,No logged activity in 6+ months,Freshness
contacts,C10596,no_recent_activity,No logged activity in 6+ months,Freshness
contacts,C10423,no_recent_activity,No logged activity in 6+ months,Freshness
contacts,C10988,no_recent_activity,No logged activity in 6+ months,Freshness
contacts,C10672,no_recent_activity,No logged activity in 6+ months,Freshness
contacts,C11161,no_recent_activity,No logged activity in 6+ months,Freshness
contacts,C11079,no_recent_activity,No logged activity in 6+ months,Freshness
contacts,C11080,no_recent_activity,No logged activity in 6+ months,Freshness
contacts,C10781,no_recent_activity,No logged activity in 6+ months,Freshness
contacts,C10211,no_recent_activity,No logged activity in 6+ months,Freshness
contacts,C10012,no_recent_activity,No logged activity in 6+ months,Freshness
contacts,C10560,no_recent_activity,No logged activity in 6+ months,Freshness
contacts,C10809,no_recent_activity,No logged activity in 6+ months,Freshness
contacts,C11041,no_recent_activity,No logged activity in 6+ months,Freshness
contacts,C10722,no_recent_activity,No logged activity in 6+ months,Freshness
contacts,C11252,no_recent_activity,No logged activity in 6+ months,Freshness
contacts,C11187,no_recent_activity,No logged activity in 6+ months,Freshness
contacts,C11155,no_recent_activity,No logged activity in 6+ months,Freshness
contacts,C11259,no_recent_activity,No logged activity in 6+ months,Freshness
contacts,C11143,no_recent_activity,No logged activity in 6+ months,Freshness
contacts,C10362,no_recent_activity,No logged activity in 6+ months,Freshness
contacts,C10558,no_recent_activity,No logged activity in 6+ months,Freshness
contacts,C10002,no_recent_activity,No logged activity in 6+ months,Freshness
contacts,C10370,no_recent_activity,No logged activity in 6+ months,Freshness
contacts,C11284,no_recent_activity,No logged activity in 6+ months,Freshness
contacts,C10215,no_recent_activity,No logged activity in 6+ months,Freshness
contacts,C10027,no_recent_activity,No logged activity in 6+ months,Freshness
contacts,C10650,no_recent_activity,No logged activity in 6+ months,Freshness
contacts,C10665,no_recent_activity,No logged activity in 6+ months,Freshness
contacts,C10256,no_recent_activity,No logged activity in 6+ months,Freshness
contacts,C10213,no_recent_activity,No logged activity in 6+ months,Freshness
contacts,C10120,no_recent_activity,No logged activity in 6+ months,Freshness
contacts,C11166,no_recent_activity,No logged activity in 6+ months,Freshness
contacts,C10072,no_recent_activity,No logged activity in 6+ months,Freshness
contacts,C10615,no_recent_activity,No logged activity in 6+ months,Freshness
contacts,C10523,no_recent_activity,No logged activity in 6+ months,Freshness
contacts,C10677,no_recent_activity,No logged activity in 6+ months,Freshness
contacts,C10533,no_recent_activity,No logged activity in 6+ months,Freshness
contacts,C10465,no_recent_activity,No logged activity in 6+ months,Freshness
contacts,C11203,no_recent_activity,No logged activity in 6+ months,Freshness
contacts,C11316,no_recent_activity,No logged activity in 6+ months,Freshness
contacts,C10092,no_recent_activity,No logged activity in 6+ months,Freshness
contacts,C10359,no_recent_activity,No logged activity in 6+ months,Freshness
contacts,C10519,no_recent_activity,No logged activity in 6+ months,Freshness
contacts,C10857,no_recent_activity,No logged activity in 6+ months,Freshness
contacts,C10182,no_recent_activity,No logged activity in 6+ months,Freshness
contacts,C10862,no_recent_activity,No logged activity in 6+ months,Freshness
contacts,C10721,no_recent_activity,No logged activity in 6+ months,Freshness
contacts,C10962,no_recent_activity,No logged activity in 6+ months,Freshness
contacts,C10704,no_recent_activity,No logged activity in 6+ months,Freshness
contacts,C10670,no_recent_activity,No logged activity in 6+ months,Freshness
contacts,C10183,no_recent_activity,No logged activity in 6+ months,Freshness
contacts,C10888,no_recent_activity,No logged activity in 6+ months,Freshness
contacts,C11074,no_recent_activity,No logged activity in 6+ months,Freshness
contacts,C10541,no_recent_activity,No logged activity in 6+ months,Freshness
contacts,C10480,no_recent_activity,No logged activity in 6+ months,Freshness
contacts,C10248,no_recent_activity,No logged activity in 6+ months,Freshness
contacts,C10334,no_recent_activity,No logged activity in 6+ months,Freshness
contacts,C10599,no_recent_activity,No logged activity in 6+ months,Freshness
contacts,C10993,no_recent_activity,No logged activity in 6+ months,Freshness
contacts,C11234,no_recent_activity,No logged activity in 6+ months,Freshness
contacts,C11308,no_recent_activity,No logged activity in 6+ months,Freshness
contacts,C11195,no_recent_activity,No logged activity in 6+ months,Freshness
contacts,C11085,no_recent_activity,No logged activity in 6+ months,Freshness
contacts,C10388,no_recent_activity,No logged activity in 6+ months,Freshness
contacts,C10991,no_recent_activity,No logged activity in 6+ months,Freshness
contacts,C10868,no_recent_activity,No logged activity in 6+ months,Freshness
contacts,C10941,no_recent_activity,No logged activity in 6+ months,Freshness
contacts,C10925,no_recent_activity,No logged activity in 6+ months,Freshness
contacts,C10033,no_recent_activity,No logged activity in 6+ months,Freshness
contacts,C10938,no_recent_activity,No logged activity in 6+ months,Freshness
contacts,C10448,no_recent_activity,No logged activity in 6+ months,Freshness
contacts,C10445,no_recent_activity,No logged activity in 6+ months,Freshness
contacts,C10710,no_recent_activity,No logged activity in 6+ months,Freshness
contacts,C10077,no_recent_activity,No logged activity in 6+ months,Freshness
contacts,C10082,no_recent_activity,No logged activity in 6+ months,Freshness
contacts,C10457,no_recent_activity,No logged activity in 6+ months,Freshness
contacts,C10724,no_recent_activity,No logged activity in 6+ months,Freshness
contacts,C11230,no_recent_activity,No logged activity in 6+ months,Freshness
contacts,C10609,no_recent_activity,No logged activity in 6+ months,Freshness
contacts,C10281,no_recent_activity,No logged activity in 6+ months,Freshness
contacts,C10895,no_recent_activity,No logged activity in 6+ months,Freshness
contacts,C10250,no_recent_activity,No logged activity in 6+ months,Freshness
contacts,C10449,no_recent_activity,No logged activity in 6+ months,Freshness
contacts,C10255,no_recent_activity,No logged activity in 6+ months,Freshness
contacts,C10389,no_recent_activity,No logged activity in 6+ months,Freshness
contacts,C10557,no_recent_activity,No logged activity in 6+ months,Freshness
contacts,C11216,no_recent_activity,No logged activity in 6+ months,Freshness
contacts,C10501,no_recent_activity,No logged activity in 6+ months,Freshness
contacts,C11219,no_recent_activity,No logged activity in 6+ months,Freshness
contacts,C11273,no_recent_activity,No logged activity in 6+ months,Freshness
contacts,C10708,no_recent_activity,No logged activity in 6+ months,Freshness
contacts,C11313,no_recent_activity,No logged activity in 6+ months,Freshness
contacts,C10676,no_recent_activity,No logged activity in 6+ months,Freshness
contacts,C10667,no_recent_activity,No logged activity in 6+ months,Freshness
contacts,C10357,no_recent_activity,No logged activity in 6+ months,Freshness
contacts,C11015,no_recent_activity,No logged activity in 6+ months,Freshness
contacts,C10372,no_recent_activity,No logged activity in 6+ months,Freshness
contacts,C10946,no_recent_activity,No logged activity in 6+ months,Freshness
contacts,C10996,no_recent_activity,No logged activity in 6+ months,Freshness
contacts,C10810,no_recent_activity,No logged activity in 6+ months,Freshness
contacts,C10440,no_recent_activity,No logged activity in 6+ months,Freshness
contacts,C10531,no_recent_activity,No logged activity in 6+ months,Freshness
contacts,C11193,no_recent_activity,No logged activity in 6+ months,Freshness
contacts,C10226,no_recent_activity,No logged activity in 6+ months,Freshness
contacts,C11147,no_recent_activity,No logged activity in 6+ months,Freshness
contacts,C11245,no_recent_activity,No logged activity in 6+ months,Freshness
contacts,C11260,no_recent_activity,No logged activity in 6+ months,Freshness
contacts,C10861,no_recent_activity,No logged activity in 6+ months,Freshness
contacts,C11266,no_recent_activity,No logged activity in 6+ months,Freshness
contacts,C11235,no_recent_activity,No logged activity in 6+ months,Freshness
contacts,C11049,no_recent_activity,No logged activity in 6+ months,Freshness
contacts,C10504,no_recent_activity,No logged activity in 6+ months,Freshness
contacts,C10347,no_recent_activity,No logged activity in 6+ months,Freshness
contacts,C10000,no_recent_activity,No logged activity in 6+ months,Freshness
contacts,C11248,no_recent_activity,No logged activity in 6+ months,Freshness
contacts,C10475,no_recent_activity,No logged activity in 6+ months,Freshness
contacts,C10919,no_recent_activity,No logged activity in 6+ months,Freshness
contacts,C10172,no_recent_activity,No logged activity in 6+ months,Freshness
contacts,C10450,no_recent_activity,No logged activity in 6+ months,Freshness
contacts,C11270,no_recent_activity,No logged activity in 6+ months,Freshness
contacts,C10090,no_recent_activity,No logged activity in 6+ months,Freshness
contacts,C10414,no_recent_activity,No logged activity in 6+ months,Freshness
contacts,C10069,no_recent_activity,No logged activity in 6+ months,Freshness
contacts,C10131,no_recent_activity,No logged activity in 6+ months,Freshness
contacts,C10811,no_recent_activity,No logged activity in 6+ months,Freshness
contacts,C10326,no_recent_activity,No logged activity in 6+ months,Freshness
contacts,C10965,no_recent_activity,No logged activity in 6+ months,Freshness
contacts,C10499,no_recent_activity,No logged activity in 6+ months,Freshness
contacts,C11229,no_recent_activity,No logged activity in 6+ months,Freshness
contacts,C10338,no_recent_activity,No logged activity in 6+ months,Freshness
contacts,C10164,no_recent_activity,No logged activity in 6+ months,Freshness
contacts,C10193,no_recent_activity,No logged activity in 6+ months,Freshness
contacts,C11160,no_recent_activity,No logged activity in 6+ months,Freshness
contacts,C10652,no_recent_activity,No logged activity in 6+ months,Freshness
contacts,C10173,no_recent_activity,No logged activity in 6+ months,Freshness
contacts,C10518,no_recent_activity,No logged activity in 6+ months,Freshness
contacts,C10855,no_recent_activity,No logged activity in 6+ months,Freshness
contacts,C10491,no_recent_activity,No logged activity in 6+ months,Freshness
contacts,C11107,no_recent_activity,No logged activity in 6+ months,Freshness
contacts,C10587,no_recent_activity,No logged activity in 6+ months,Freshness
contacts,C10945,no_recent_activity,No logged activity in 6+ months,Freshness
contacts,C10214,no_recent_activity,No logged activity in 6+ months,Freshness
contacts,C10162,no_recent_activity,No logged activity in 6+ months,Freshness
contacts,C10947,no_recent_activity,No logged activity in 6+ months,Freshness
contacts,C10185,no_recent_activity,No logged activity in 6+ months,Freshness
contacts,C10468,no_recent_activity,No logged activity in 6+ months,Freshness
contacts,C10505,no_recent_activity,No logged activity in 6+ months,Freshness
contacts,C10734,no_recent_activity,No logged activity in 6+ months,Freshness
contacts,C10717,no_recent_activity,No logged activity in 6+ months,Freshness
contacts,C10444,no_recent_activity,No logged activity in 6+ months,Freshness
contacts,C11158,no_recent_activity,No logged activity in 6+ months,Freshness
contacts,C10997,no_recent_activity,No logged activity in 6+ months,Freshness
contacts,C10595,no_recent_activity,No logged activity in 6+ months,Freshness
contacts,C10272,no_recent_activity,No logged activity in 6+ months,Freshness
contacts,C11070,no_recent_activity,No logged activity in 6+ months,Freshness
contacts,C11240,no_recent_activity,No logged activity in 6+ months,Freshness
contacts,C11029,no_recent_activity,No logged activity in 6+ months,Freshness
contacts,C10036,no_recent_activity,No logged activity in 6+ months,Freshness
contacts,C11002,no_recent_activity,No logged activity in 6+ months,Freshness
contacts,C10547,no_recent_activity,No logged activity in 6+ months,Freshness
contacts,C10688,no_recent_activity,No logged activity in 6+ months,Freshness
contacts,C10738,no_recent_activity,No logged activity in 6+ months,Freshness
contacts,C10191,no_recent_activity,No logged activity in 6+ months,Freshness
contacts,C10456,no_recent_activity,No logged activity in 6+ months,Freshness
contacts,C10393,no_recent_activity,No logged activity in 6+ months,Freshness
contacts,C11299,no_recent_activity,No logged activity in 6+ months,Freshness
contacts,C10728,no_recent_activity,No logged activity in 6+ months,Freshness
contacts,C10419,no_recent_activity,No logged activity in 6+ months,Freshness
contacts,C10375,no_recent_activity,No logged activity in 6+ months,Freshness
contacts,C10412,no_recent_activity,No logged activity in 6+ months,Freshness
contacts,C11236,no_recent_activity,No logged activity in 6+ months,Freshness
contacts,C10500,no_recent_activity,No logged activity in 6+ months,Freshness
contacts,C10825,no_recent_activity,No logged activity in 6+ months,Freshness
contacts,C10982,no_recent_activity,No logged activity in 6+ months,Freshness
contacts,C10616,no_recent_activity,No logged activity in 6+ months,Freshness
contacts,C11022,no_recent_activity,No logged activity in 6+ months,Freshness
contacts,C11263,no_recent_activity,No logged activity in 6+ months,Freshness
contacts,C11054,no_recent_activity,No logged activity in 6+ months,Freshness
contacts,C11052,no_recent_activity,No logged activity in 6+ months,Freshness
contacts,C10011,no_recent_activity,No logged activity in 6+ months,Freshness
contacts,C11031,no_recent_activity,No logged activity in 6+ months,Freshness
contacts,C10555,no_recent_activity,No logged activity in 6+ months,Freshness
contacts,C10042,no_recent_activity,No logged activity in 6+ months,Freshness
contacts,C10841,no_recent_activity,No logged activity in 6+ months,Freshness
contacts,C10167,no_recent_activity,No logged activity in 6+ months,Freshness
contacts,C10416,no_recent_activity,No logged activity in 6+ months,Freshness
contacts,C10544,no_recent_activity,No logged activity in 6+ months,Freshness
contacts,C11237,no_recent_activity,No logged activity in 6+ months,Freshness
contacts,C11165,no_recent_activity,No logged activity in 6+ months,Freshness
contacts,C11292,no_recent_activity,No logged activity in 6+ months,Freshness
contacts,C10159,no_recent_activity,No logged activity in 6+ months,Freshness
contacts,C11055,no_recent_activity,No logged activity in 6+ months,Freshness
contacts,C10257,no_recent_activity,No logged activity in 6+ months,Freshness
contacts,C11033,no_recent_activity,No logged activity in 6+ months,Freshness
contacts,C11241,no_recent_activity,No logged activity in 6+ months,Freshness
contacts,C10515,no_recent_activity,No logged activity in 6+ months,Freshness
contacts,C10768,no_recent_activity,No logged activity in 6+ months,Freshness
contacts,C10607,no_recent_activity,No logged activity in 6+ months,Freshness
contacts,C10222,no_recent_activity,No logged activity in 6+ months,Freshness
contacts,C10179,no_recent_activity,No logged activity in 6+ months,Freshness
contacts,C10944,no_recent_activity,No logged activity in 6+ months,Freshness
contacts,C10836,no_recent_activity,No logged activity in 6+ months,Freshness
contacts,C10761,no_recent_activity,No logged activity in 6+ months,Freshness
contacts,C11098,no_recent_activity,No logged activity in 6+ months,Freshness
contacts,C11223,no_recent_activity,No logged activity in 6+ months,Freshness
contacts,C11125,no_recent_activity,No logged activity in 6+ months,Freshness
contacts,C10217,no_recent_activity,No logged activity in 6+ months,Freshness
contacts,C10977,no_recent_activity,No logged activity in 6+ months,Freshness
contacts,C10068,no_recent_activity,No logged activity in 6+ months,Freshness
contacts,C10284,no_recent_activity,No logged activity in 6+ months,Freshness
contacts,C11170,no_recent_activity,No logged activity in 6+ months,Freshness
contacts,C11149,no_recent_activity,No logged activity in 6+ months,Freshness
contacts,C10580,no_recent_activity,No logged activity in 6+ months,Freshness
contacts,C11112,no_recent_activity,No logged activity in 6+ months,Freshness
contacts,C10884,no_recent_activity,No logged activity in 6+ months,Freshness
contacts,C10487,no_recent_activity,No logged activity in 6+ months,Freshness
contacts,C10117,no_recent_activity,No logged activity in 6+ months,Freshness
contacts,C11188,no_recent_activity,No logged activity in 6+ months,Freshness
contacts,C10801,no_recent_activity,No logged activity in 6+ months,Freshness
contacts,C10512,no_recent_activity,No logged activity in 6+ months,Freshness
contacts,C11122,no_recent_activity,No logged activity in 6+ months,Freshness
contacts,C10126,no_recent_activity,No logged activity in 6+ months,Freshness
contacts,C10790,no_recent_activity,No logged activity in 6+ months,Freshness
contacts,C10829,no_recent_activity,No logged activity in 6+ months,Freshness
contacts,C10473,no_recent_activity,No logged activity in 6+ months,Freshness
contacts,C11117,no_recent_activity,No logged activity in 6+ months,Freshness
contacts,C10950,no_recent_activity,No logged activity in 6+ months,Freshness
contacts,C10057,no_recent_activity,No logged activity in 6+ months,Freshness
contacts,C10603,no_recent_activity,No logged activity in 6+ months,Freshness
contacts,C10786,no_recent_activity,No logged activity in 6+ months,Freshness
contacts,C10830,no_recent_activity,No logged activity in 6+ months,Freshness
contacts,C10119,no_recent_activity,No logged activity in 6+ months,Freshness
contacts,C11063,no_recent_activity,No logged activity in 6+ months,Freshness
contacts,C10935,no_recent_activity,No logged activity in 6+ months,Freshness
contacts,C10349,no_recent_activity,No logged activity in 6+ months,Freshness
contacts,C11141,no_recent_activity,No logged activity in 6+ months,Freshness
contacts,C10876,no_recent_activity,No logged activity in 6+ months,Freshness
contacts,C10195,no_recent_activity,No logged activity in 6+ months,Freshness
contacts,C10102,no_recent_activity,No logged activity in 6+ months,Freshness
contacts,C10004,no_recent_activity,No logged activity in 6+ months,Freshness
contacts,C11204,no_recent_activity,No logged activity in 6+ months,Freshness
contacts,C10443,no_recent_activity,No logged activity in 6+ months,Freshness
contacts,C11102,no_recent_activity,No logged activity in 6+ months,Freshness
contacts,C10341,no_recent_activity,No logged activity in 6+ months,Freshness
contacts,C10313,no_recent_activity,No logged activity in 6+ months,Freshness
contacts,C11173,no_recent_activity,No logged activity in 6+ months,Freshness
contacts,C11039,no_recent_activity,No logged activity in 6+ months,Freshness
contacts,C10799,no_recent_activity,No logged activity in 6+ months,Freshness
contacts,C10353,no_recent_activity,No logged activity in 6+ months,Freshness
contacts,C11282,no_recent_activity,No logged activity in 6+ months,Freshness
contacts,C10470,no_recent_activity,No logged activity in 6+ months,Freshness
contacts,C10882,no_recent_activity,No logged activity in 6+ months,Freshness
contacts,C10653,no_recent_activity,No logged activity in 6+ months,Freshness
contacts,C11264,no_recent_activity,No logged activity in 6+ months,Freshness
contacts,C10684,no_recent_activity,No logged activity in 6+ months,Freshness
contacts,C10902,no_recent_activity,No logged activity in 6+ months,Freshness
contacts,C10827,no_recent_activity,No logged activity in 6+ months,Freshness
contacts,C10920,no_recent_activity,No logged activity in 6+ months,Freshness
contacts,C10537,no_recent_activity,No logged activity in 6+ months,Freshness
contacts,C10758,no_recent_activity,No logged activity in 6+ months,Freshness
contacts,C10245,no_recent_activity,No logged activity in 6+ months,Freshness
contacts,C10784,no_recent_activity,No logged activity in 6+ months,Freshness
contacts,C10489,no_recent_activity,No logged activity in 6+ months,Freshness
contacts,C10853,no_recent_activity,No logged activity in 6+ months,Freshness
contacts,C10685,no_recent_activity,No logged activity in 6+ months,Freshness
contacts,C10569,no_recent_activity,No logged activity in 6+ months,Freshness
contacts,C10017,no_recent_activity,No logged activity in 6+ months,Freshness
contacts,C10980,no_recent_activity,No logged activity in 6+ months,Freshness
contacts,C11295,no_recent_activity,No logged activity in 6+ months,Freshness
contacts,C11289,no_recent_activity,No logged activity in 6+ months,Freshness
contacts,C10606,no_recent_activity,No logged activity in 6+ months,Freshness
contacts,C10180,no_recent_activity,No logged activity in 6+ months,Freshness
contacts,C10301,no_recent_activity,No logged activity in 6+ months,Freshness
contacts,C10496,no_recent_activity,No logged activity in 6+ months,Freshness
contacts,C11142,no_recent_activity,No logged activity in 6+ months,Freshness
contacts,C11096,no_recent_activity,No logged activity in 6+ months,Freshness
contacts,C10517,no_recent_activity,No logged activity in 6+ months,Freshness
contacts,C10157,no_recent_activity,No logged activity in 6+ months,Freshness
contacts,C10546,no_recent_activity,No logged activity in 6+ months,Freshness
contacts,C11110,no_recent_activity,No logged activity in 6+ months,Freshness
contacts,C10283,no_recent_activity,No logged activity in 6+ months,Freshness
contacts,C10225,no_recent_activity,No logged activity in 6+ months,Freshness
contacts,C10026,no_recent_activity,No logged activity in 6+ months,Freshness
contacts,C10437,no_recent_activity,No logged activity in 6+ months,Freshness
contacts,C10749,no_recent_activity,No logged activity in 6+ months,Freshness
contacts,C11045,no_recent_activity,No logged activity in 6+ months,Freshness
contacts,C10469,no_recent_activity,No logged activity in 6+ months,Freshness
contacts,C10687,no_recent_activity,No logged activity in 6+ months,Freshness
contacts,C10639,no_recent_activity,No logged activity in 6+ months,Freshness
contacts,C11106,no_recent_activity,No logged activity in 6+ months,Freshness
contacts,C11199,no_recent_activity,No logged activity in 6+ months,Freshness
contacts,C10800,no_recent_activity,No logged activity in 6+ months,Freshness
contacts,C10160,no_recent_activity,No logged activity in 6+ months,Freshness
contacts,C10821,no_recent_activity,No logged activity in 6+ months,Freshness
contacts,C10877,no_recent_activity,No logged activity in 6+ months,Freshness
contacts,C10103,no_recent_activity,No logged activity in 6+ months,Freshness
contacts,C10586,no_recent_activity,No logged activity in 6+ months,Freshness
contacts,C10053,no_recent_activity,No logged activity in 6+ months,Freshness
contacts,C10151,no_recent_activity,No logged activity in 6+ months,Freshness
contacts,C10403,no_recent_activity,No logged activity in 6+ months,Freshness
contacts,C10207,no_recent_activity,No logged activity in 6+ months,Freshness
contacts,C11014,no_recent_activity,No logged activity in 6+ months,Freshness
contacts,C11060,no_recent_activity,No logged activity in 6+ months,Freshness
contacts,C10452,no_recent_activity,No logged activity in 6+ months,Freshness
contacts,C10880,no_recent_activity,No logged activity in 6+ months,Freshness
contacts,C11247,no_recent_activity,No logged activity in 6+ months,Freshness
contacts,C10623,no_recent_activity,No logged activity in 6+ months,Freshness
contacts,C10345,no_recent_activity,No logged activity in 6+ months,Freshness
contacts,C10262,no_recent_activity,No logged activity in 6+ months,Freshness
contacts,C10150,no_recent_activity,No logged activity in 6+ months,Freshness
contacts,C11307,no_recent_activity,No logged activity in 6+ months,Freshness
contacts,C11244,no_recent_activity,No logged activity in 6+ months,Freshness
contacts,C10488,no_recent_activity,No logged activity in 6+ months,Freshness
contacts,C11192,no_recent_activity,No logged activity in 6+ months,Freshness
contacts,C10146,no_recent_activity,No logged activity in 6+ months,Freshness
contacts,C10402,no_recent_activity,No logged activity in 6+ months,Freshness
contacts,C10954,no_recent_activity,No logged activity in 6+ months,Freshness
contacts,C11239,no_recent_activity,No logged activity in 6+ months,Freshness
contacts,C10186,no_recent_activity,No logged activity in 6+ months,Freshness
contacts,C10608,no_recent_activity,No logged activity in 6+ months,Freshness
contacts,C10143,no_recent_activity,No logged activity in 6+ months,Freshness
contacts,C10197,no_recent_activity,No logged activity in 6+ months,Freshness
contacts,C10883,no_recent_activity,No logged activity in 6+ months,Freshness
contacts,C10400,no_recent_activity,No logged activity in 6+ months,Freshness
contacts,C10246,no_recent_activity,No logged activity in 6+ months,Freshness
contacts,C10384,no_recent_activity,No logged activity in 6+ months,Freshness
contacts,C10219,no_recent_activity,No logged activity in 6+ months,Freshness
contacts,C10112,no_recent_activity,No logged activity in 6+ months,Freshness
contacts,C10698,no_recent_activity,No logged activity in 6+ months,Freshness
contacts,C11164,no_recent_activity,No logged activity in 6+ months,Freshness
contacts,C10972,no_recent_activity,No logged activity in 6+ months,Freshness
contacts,C10627,no_recent_activity,No logged activity in 6+ months,Freshness
contacts,C10632,no_recent_activity,No logged activity in 6+ months,Freshness
contacts,C10645,no_recent_activity,No logged activity in 6+ months,Freshness
contacts,C11012,no_recent_activity,No logged activity in 6+ months,Freshness
contacts,C10556,no_recent_activity,No logged activity in 6+ months,Freshness
contacts,C10681,no_recent_activity,No logged activity in 6+ months,Freshness
contacts,C11109,no_recent_activity,No logged activity in 6+ months,Freshness
contacts,C10524,no_recent_activity,No logged activity in 6+ months,Freshness
contacts,C11221,no_recent_activity,No logged activity in 6+ months,Freshness
contacts,C11020,no_recent_activity,No logged activity in 6+ months,Freshness
contacts,C10891,no_recent_activity,No logged activity in 6+ months,Freshness
contacts,C11038,no_recent_activity,No logged activity in 6+ months,Freshness
contacts,C10397,no_recent_activity,No logged activity in 6+ months,Freshness
contacts,C11211,no_recent_activity,No logged activity in 6+ months,Freshness
contacts,C10642,no_recent_activity,No logged activity in 6+ months,Freshness
contacts,C10960,no_recent_activity,No logged activity in 6+ months,Freshness
contacts,C10725,no_recent_activity,No logged activity in 6+ months,Freshness
contacts,C10406,no_recent_activity,No logged activity in 6+ months,Freshness
contacts,C10929,no_recent_activity,No logged activity in 6+ months,Freshness
contacts,C10200,no_recent_activity,No logged activity in 6+ months,Freshness
contacts,C10040,no_recent_activity,No logged activity in 6+ months,Freshness
contacts,C11017,no_recent_activity,No logged activity in 6+ months,Freshness
contacts,C10378,no_recent_activity,No logged activity in 6+ months,Freshness
contacts,C10288,no_recent_activity,No logged activity in 6+ months,Freshness
contacts,C10592,no_recent_activity,No logged activity in 6+ months,Freshness
contacts,C11162,no_recent_activity,No logged activity in 6+ months,Freshness
contacts,C11152,no_recent_activity,No logged activity in 6+ months,Freshness
contacts,C10520,no_recent_activity,No logged activity in 6+ months,Freshness
contacts,C10492,no_recent_activity,No logged activity in 6+ months,Freshness
contacts,C10187,no_recent_activity,No logged activity in 6+ months,Freshness
contacts,C10216,no_recent_activity,No logged activity in 6+ months,Freshness
contacts,C10878,no_recent_activity,No logged activity in 6+ months,Freshness
contacts,C10337,no_recent_activity,No logged activity in 6+ months,Freshness
contacts,C10295,no_recent_activity,No logged activity in 6+ months,Freshness
contacts,C10455,no_recent_activity,No logged activity in 6+ months,Freshness
contacts,C10995,no_recent_activity,No logged activity in 6+ months,Freshness
contacts,C10201,no_recent_activity,No logged activity in 6+ months,Freshness
contacts,C10161,no_recent_activity,No logged activity in 6+ months,Freshness
contacts,C10729,no_recent_activity,No logged activity in 6+ months,Freshness
contacts,C10702,no_recent_activity,No logged activity in 6+ months,Freshness
contacts,C11021,no_recent_activity,No logged activity in 6+ months,Freshness
contacts,C11104,no_recent_activity,No logged activity in 6+ months,Freshness
contacts,C10091,no_recent_activity,No logged activity in 6+ months,Freshness
contacts,C10776,no_recent_activity,No logged activity in 6+ months,Freshness
contacts,C10387,no_recent_activity,No logged activity in 6+ months,Freshness
contacts,C10840,no_recent_activity,No logged activity in 6+ months,Freshness
contacts,C10646,no_recent_activity,No logged activity in 6+ months,Freshness
contacts,C11154,no_recent_activity,No logged activity in 6+ months,Freshness
contacts,C10562,no_recent_activity,No logged activity in 6+ months,Freshness
contacts,C11286,no_recent_activity,No logged activity in 6+ months,Freshness
contacts,C10189,no_recent_activity,No logged activity in 6+ months,Freshness
contacts,C10510,no_recent_activity,No logged activity in 6+ months,Freshness
contacts,C11082,no_recent_activity,No logged activity in 6+ months,Freshness
contacts,C10474,no_recent_activity,No logged activity in 6+ months,Freshness
contacts,C10252,no_recent_activity,No logged activity in 6+ months,Freshness
contacts,C10459,no_recent_activity,No logged activity in 6+ months,Freshness
contacts,C11215,no_recent_activity,No logged activity in 6+ months,Freshness
contacts,C10343,no_recent_activity,No logged activity in 6+ months,Freshness
contacts,C10130,no_recent_activity,No logged activity in 6+ months,Freshness
contacts,C10871,no_recent_activity,No logged activity in 6+ months,Freshness
contacts,C11123,no_recent_activity,No logged activity in 6+ months,Freshness
contacts,C10466,no_recent_activity,No logged activity in 6+ months,Freshness
contacts,C11044,no_recent_activity,No logged activity in 6+ months,Freshness
contacts,C11095,no_recent_activity,No logged activity in 6+ months,Freshness
contacts,C11130,no_recent_activity,No logged activity in 6+ months,Freshness
contacts,C11126,no_recent_activity,No logged activity in 6+ months,Freshness
deals,D50001,overdue_open_deals,Open deals past their close date,Freshness
deals,D50009,overdue_open_deals,Open deals past their close date,Freshness
deals,D50017,overdue_open_deals,Open deals past their close date,Freshness
deals,D50023,overdue_open_deals,Open deals past their close date,Freshness
deals,D50027,overdue_open_deals,Open deals past their close date,Freshness
deals,D50042,overdue_open_deals,Open deals past their close date,Freshness
deals,D50043,overdue_open_deals,Open deals past their close date,Freshness
deals,D50046,overdue_open_deals,Open deals past their close date,Freshness
deals,D50051,overdue_open_deals,Open deals past their close date,Freshness
deals,D50052,overdue_open_deals,Open deals past their close date,Freshness
deals,D50059,overdue_open_deals,Open deals past their close date,Freshness
deals,D50074,overdue_open_deals,Open deals past their close date,Freshness
deals,D50075,overdue_open_deals,Open deals past their close date,Freshness
deals,D50078,overdue_open_deals,Open deals past their close date,Freshness
deals,D50082,overdue_open_deals,Open deals past their close date,Freshness
deals,D50090,overdue_open_deals,Open deals past their close date,Freshness
deals,D50102,overdue_open_deals,Open deals past their close date,Freshness
deals,D50107,overdue_open_deals,Open deals past their close date,Freshness
deals,D50119,overdue_open_deals,Open deals past their close date,Freshness
deals,D50130,overdue_open_deals,Open deals past their close date,Freshness
deals,D50142,overdue_open_deals,Open deals past their close date,Freshness
deals,D50145,overdue_open_deals,Open deals past their close date,Freshness
deals,D50150,overdue_open_deals,Open deals past their close date,Freshness
deals,D50165,overdue_open_deals,Open deals past their close date,Freshness
deals,D50166,overdue_open_deals,Open deals past their close date,Freshness
deals,D50175,overdue_open_deals,Open deals past their close date,Freshness
deals,D50176,overdue_open_deals,Open deals past their close date,Freshness
deals,D50180,overdue_open_deals,Open deals past their close date,Freshness
deals,D50183,overdue_open_deals,Open deals past their close date,Freshness
deals,D50185,overdue_open_deals,Open deals past their close date,Freshness
deals,D50187,overdue_open_deals,Open deals past their close date,Freshness
deals,D50191,overdue_open_deals,Open deals past their close date,Freshness
deals,D50198,overdue_open_deals,Open deals past their close date,Freshness
deals,D50200,overdue_open_deals,Open deals past their close date,Freshness
deals,D50201,overdue_open_deals,Open deals past their close date,Freshness
deals,D50202,overdue_open_deals,Open deals past their close date,Freshness
deals,D50203,overdue_open_deals,Open deals past their close date,Freshness
deals,D50207,overdue_open_deals,Open deals past their close date,Freshness
deals,D50208,overdue_open_deals,Open deals past their close date,Freshness
deals,D50225,overdue_open_deals,Open deals past their close date,Freshness
deals,D50230,overdue_open_deals,Open deals past their close date,Freshness
deals,D50239,overdue_open_deals,Open deals past their close date,Freshness
deals,D50257,overdue_open_deals,Open deals past their close date,Freshness
deals,D50260,overdue_open_deals,Open deals past their close date,Freshness
deals,D50264,overdue_open_deals,Open deals past their close date,Freshness
deals,D50271,overdue_open_deals,Open deals past their close date,Freshness
deals,D50273,overdue_open_deals,Open deals past their close date,Freshness
deals,D50274,overdue_open_deals,Open deals past their close date,Freshness
deals,D50276,overdue_open_deals,Open deals past their close date,Freshness
deals,D50280,overdue_open_deals,Open deals past their close date,Freshness
deals,D50285,overdue_open_deals,Open deals past their close date,Freshness
deals,D50288,overdue_open_deals,Open deals past their close date,Freshness
deals,D50290,overdue_open_deals,Open deals past their close date,Freshness
deals,D50291,overdue_open_deals,Open deals past their close date,Freshness
deals,D50301,overdue_open_deals,Open deals past their close date,Freshness
deals,D50303,overdue_open_deals,Open deals past their close date,Freshness
deals,D50304,overdue_open_deals,Open deals past their close date,Freshness
deals,D50317,overdue_open_deals,Open deals past their close date,Freshness
deals,D50337,overdue_open_deals,Open deals past their close date,Freshness
deals,D50341,overdue_open_deals,Open deals past their close date,Freshness
deals,D50363,overdue_open_deals,Open deals past their close date,Freshness
deals,D50364,overdue_open_deals,Open deals past their close date,Freshness
deals,D50365,overdue_open_deals,Open deals past their close date,Freshness
deals,D50368,overdue_open_deals,Open deals past their close date,Freshness
deals,D50386,overdue_open_deals,Open deals past their close date,Freshness
deals,D50389,overdue_open_deals,Open deals past their close date,Freshness
deals,D50390,overdue_open_deals,Open deals past their close date,Freshness
deals,D50406,overdue_open_deals,Open deals past their close date,Freshness
deals,D50414,overdue_open_deals,Open deals past their close date,Freshness
deals,D50415,overdue_open_deals,Open deals past their close date,Freshness
deals,D50427,overdue_open_deals,Open deals past their close date,Freshness
deals,D50432,overdue_open_deals,Open deals past their close date,Freshness
deals,D50435,overdue_open_deals,Open deals past their close date,Freshness
deals,D50439,overdue_open_deals,Open deals past their close date,Freshness
deals,D50441,overdue_open_deals,Open deals past their close date,Freshness
deals,D50442,overdue_open_deals,Open deals past their close date,Freshness
deals,D50446,overdue_open_deals,Open deals past their close date,Freshness
deals,D50447,overdue_open_deals,Open deals past their close date,Freshness
deals,D50448,overdue_open_deals,Open deals past their close date,Freshness
deals,D50459,overdue_open_deals,Open deals past their close date,Freshness
deals,D50461,overdue_open_deals,Open deals past their close date,Freshness
deals,D50472,overdue_open_deals,Open deals past their close date,Freshness
deals,D50479,overdue_open_deals,Open deals past their close date,Freshness
deals,D50500,overdue_open_deals,Open deals past their close date,Freshness
deals,D50501,overdue_open_deals,Open deals past their close date,Freshness
deals,D50506,overdue_open_deals,Open deals past their close date,Freshness
deals,D50520,overdue_open_deals,Open deals past their close date,Freshness
deals,D50521,overdue_open_deals,Open deals past their close date,Freshness
deals,D50537,overdue_open_deals,Open deals past their close date,Freshness
deals,D50550,overdue_open_deals,Open deals past their close date,Freshness
deals,D50556,overdue_open_deals,Open deals past their close date,Freshness
deals,D50560,overdue_open_deals,Open deals past their close date,Freshness
deals,D50568,overdue_open_deals,Open deals past their close date,Freshness
deals,D50575,overdue_open_deals,Open deals past their close date,Freshness
deals,D50576,overdue_open_deals,Open deals past their close date,Freshness
deals,D50578,overdue_open_deals,Open deals past their close date,Freshness
deals,D50579,overdue_open_deals,Open deals past their close date,Freshness
deals,D50580,overdue_open_deals,Open deals past their close date,Freshness
deals,D50584,overdue_open_deals,Open deals past their close date,Freshness
deals,D50589,overdue_open_deals,Open deals past their close date,Freshness
deals,D50590,overdue_open_deals,Open deals past their close date,Freshness
deals,D50595,overdue_open_deals,Open deals past their close date,Freshness
deals,D50596,overdue_open_deals,Open deals past their close date,Freshness
deals,D50599,overdue_open_deals,Open deals past their close date,Freshness
deals,D50610,overdue_open_deals,Open deals past their close date,Freshness
deals,D50613,overdue_open_deals,Open deals past their close date,Freshness
deals,D50615,overdue_open_deals,Open deals past their close date,Freshness
deals,D50618,overdue_open_deals,Open deals past their close date,Freshness
deals,D50626,overdue_open_deals,Open deals past their close date,Freshness
deals,D50627,overdue_open_deals,Open deals past their close date,Freshness
deals,D50631,overdue_open_deals,Open deals past their close date,Freshness
deals,D50633,overdue_open_deals,Open deals past their close date,Freshness
deals,D50641,overdue_open_deals,Open deals past their close date,Freshness
deals,D50642,overdue_open_deals,Open deals past their close date,Freshness
deals,D50650,overdue_open_deals,Open deals past their close date,Freshness
deals,D50653,overdue_open_deals,Open deals past their close date,Freshness
deals,D50654,overdue_open_deals,Open deals past their close date,Freshness
deals,D50655,overdue_open_deals,Open deals past their close date,Freshness
deals,D50656,overdue_open_deals,Open deals past their close date,Freshness
deals,D50665,overdue_open_deals,Open deals past their close date,Freshness
deals,D50672,overdue_open_deals,Open deals past their close date,Freshness
deals,D50675,overdue_open_deals,Open deals past their close date,Freshness
deals,D50693,overdue_open_deals,Open deals past their close date,Freshness
deals,D50704,overdue_open_deals,Open deals past their close date,Freshness
deals,D50709,overdue_open_deals,Open deals past their close date,Freshness
deals,D50711,overdue_open_deals,Open deals past their close date,Freshness
deals,D50713,overdue_open_deals,Open deals past their close date,Freshness
deals,D50714,overdue_open_deals,Open deals past their close date,Freshness
deals,D50719,overdue_open_deals,Open deals past their close date,Freshness
deals,D50720,overdue_open_deals,Open deals past their close date,Freshness
deals,D50723,overdue_open_deals,Open deals past their close date,Freshness
deals,D50724,overdue_open_deals,Open deals past their close date,Freshness
deals,D50730,overdue_open_deals,Open deals past their close date,Freshness
deals,D50740,overdue_open_deals,Open deals past their close date,Freshness
deals,D50743,overdue_open_deals,Open deals past their close date,Freshness
deals,D50744,overdue_open_deals,Open deals past their close date,Freshness
deals,D50745,overdue_open_deals,Open deals past their close date,Freshness
deals,D50752,overdue_open_deals,Open deals past their close date,Freshness
deals,D50760,overdue_open_deals,Open deals past their close date,Freshness
deals,D50763,overdue_open_deals,Open deals past their close date,Freshness
deals,D50766,overdue_open_deals,Open deals past their close date,Freshness
deals,D50770,overdue_open_deals,Open deals past their close date,Freshness
deals,D50795,overdue_open_deals,Open deals past their close date,Freshness
deals,D50800,overdue_open_deals,Open deals past their close date,Freshness
deals,D50807,overdue_open_deals,Open deals past their close date,Freshness
deals,D50820,overdue_open_deals,Open deals past their close date,Freshness
deals,D50842,overdue_open_deals,Open deals past their close date,Freshness
deals,D50859,overdue_open_deals,Open deals past their close date,Freshness
deals,D50861,overdue_open_deals,Open deals past their close date,Freshness
deals,D50862,overdue_open_deals,Open deals past their close date,Freshness
deals,D50873,overdue_open_deals,Open deals past their close date,Freshness
deals,D50878,overdue_open_deals,Open deals past their close date,Freshness
deals,D50883,overdue_open_deals,Open deals past their close date,Freshness
deals,D50886,overdue_open_deals,Open deals past their close date,Freshness
deals,D50887,overdue_open_deals,Open deals past their close date,Freshness
deals,D50889,overdue_open_deals,Open deals past their close date,Freshness
deals,D50891,overdue_open_deals,Open deals past their close date,Freshness
deals,D50932,overdue_open_deals,Open deals past their close date,Freshness
deals,D50941,overdue_open_deals,Open deals past their close date,Freshness
deals,D50950,overdue_open_deals,Open deals past their close date,Freshness
deals,D50960,overdue_open_deals,Open deals past their close date,Freshness
deals,D50974,overdue_open_deals,Open deals past their close date,Freshness
deals,D50975,overdue_open_deals,Open deals past their close date,Freshness
deals,D50987,overdue_open_deals,Open deals past their close date,Freshness
deals,D50989,overdue_open_deals,Open deals past their close date,Freshness
deals,D50990,overdue_open_deals,Open deals past their close date,Freshness
deals,D51009,overdue_open_deals,Open deals past their close date,Freshness
deals,D51018,overdue_open_deals,Open deals past their close date,Freshness
deals,D51021,overdue_open_deals,Open deals past their close date,Freshness
deals,D51025,overdue_open_deals,Open deals past their close date,Freshness
deals,D51033,overdue_open_deals,Open deals past their close date,Freshness
deals,D51046,overdue_open_deals,Open deals past their close date,Freshness
deals,D51047,overdue_open_deals,Open deals past their close date,Freshness
deals,D51055,overdue_open_deals,Open deals past their close date,Freshness
deals,D51058,overdue_open_deals,Open deals past their close date,Freshness
deals,D51066,overdue_open_deals,Open deals past their close date,Freshness
deals,D51081,overdue_open_deals,Open deals past their close date,Freshness
deals,D51090,overdue_open_deals,Open deals past their close date,Freshness
deals,D51112,overdue_open_deals,Open deals past their close date,Freshness
deals,D51116,overdue_open_deals,Open deals past their close date,Freshness
deals,D51118,overdue_open_deals,Open deals past their close date,Freshness
deals,D51121,overdue_open_deals,Open deals past their close date,Freshness
deals,D51130,overdue_open_deals,Open deals past their close date,Freshness
deals,D51134,overdue_open_deals,Open deals past their close date,Freshness
deals,D51146,overdue_open_deals,Open deals past their close date,Freshness
deals,D51148,overdue_open_deals,Open deals past their close date,Freshness
deals,D51152,overdue_open_deals,Open deals past their close date,Freshness
deals,D51173,overdue_open_deals,Open deals past their close date,Freshness
deals,D51175,overdue_open_deals,Open deals past their close date,Freshness
deals,D51179,overdue_open_deals,Open deals past their close date,Freshness
deals,D51181,overdue_open_deals,Open deals past their close date,Freshness
deals,D51182,overdue_open_deals,Open deals past their close date,Freshness
deals,D51185,overdue_open_deals,Open deals past their close date,Freshness
deals,D51190,overdue_open_deals,Open deals past their close date,Freshness
deals,D51199,overdue_open_deals,Open deals past their close date,Freshness
deals,D51211,overdue_open_deals,Open deals past their close date,Freshness
deals,D51212,overdue_open_deals,Open deals past their close date,Freshness
deals,D51214,overdue_open_deals,Open deals past their close date,Freshness
deals,D51215,overdue_open_deals,Open deals past their close date,Freshness
deals,D51219,overdue_open_deals,Open deals past their close date,Freshness
deals,D51223,overdue_open_deals,Open deals past their close date,Freshness
deals,D51224,overdue_open_deals,Open deals past their close date,Freshness
deals,D51228,overdue_open_deals,Open deals past their close date,Freshness
deals,D51233,overdue_open_deals,Open deals past their close date,Freshness
deals,D51240,overdue_open_deals,Open deals past their close date,Freshness
deals,D51241,overdue_open_deals,Open deals past their close date,Freshness
deals,D51244,overdue_open_deals,Open deals past their close date,Freshness
deals,D51252,overdue_open_deals,Open deals past their close date,Freshness
deals,D51256,overdue_open_deals,Open deals past their close date,Freshness
deals,D51262,overdue_open_deals,Open deals past their close date,Freshness
deals,D51267,overdue_open_deals,Open deals past their close date,Freshness
deals,D51269,overdue_open_deals,Open deals past their close date,Freshness
deals,D51276,overdue_open_deals,Open deals past their close date,Freshness
deals,D51277,overdue_open_deals,Open deals past their close date,Freshness
deals,D51288,overdue_open_deals,Open deals past their close date,Freshness
deals,D51295,overdue_open_deals,Open deals past their close date,Freshness
deals,D51310,overdue_open_deals,Open deals past their close date,Freshness
deals,D51315,overdue_open_deals,Open deals past their close date,Freshness
deals,D51331,overdue_open_deals,Open deals past their close date,Freshness
deals,D51338,overdue_open_deals,Open deals past their close date,Freshness
deals,D51345,overdue_open_deals,Open deals past their close date,Freshness
deals,D51349,overdue_open_deals,Open deals past their close date,Freshness
deals,D51377,overdue_open_deals,Open deals past their close date,Freshness
deals,D51378,overdue_open_deals,Open deals past their close date,Freshness
deals,D51385,overdue_open_deals,Open deals past their close date,Freshness
deals,D51395,overdue_open_deals,Open deals past their close date,Freshness
deals,D51396,overdue_open_deals,Open deals past their close date,Freshness
deals,D51397,overdue_open_deals,Open deals past their close date,Freshness
deals,D51414,overdue_open_deals,Open deals past their close date,Freshness
deals,D51420,overdue_open_deals,Open deals past their close date,Freshness
deals,D51424,overdue_open_deals,Open deals past their close date,Freshness
deals,D51425,overdue_open_deals,Open deals past their close date,Freshness
deals,D51436,overdue_open_deals,Open deals past their close date,Freshness
deals,D51441,overdue_open_deals,Open deals past their close date,Freshness
deals,D51445,overdue_open_deals,Open deals past their close date,Freshness
deals,D51448,overdue_open_deals,Open deals past their close date,Freshness
deals,D51464,overdue_open_deals,Open deals past their close date,Freshness
deals,D51483,overdue_open_deals,Open deals past their close date,Freshness
deals,D51488,overdue_open_deals,Open deals past their close date,Freshness
deals,D51492,overdue_open_deals,Open deals past their close date,Freshness
deals,D51493,overdue_open_deals,Open deals past their close date,Freshness
deals,D50007,orphan_deals,Deals linked to a contact that doesn't exist,Integrity
deals,D50018,orphan_deals,Deals linked to a contact that doesn't exist,Integrity
deals,D50081,orphan_deals,Deals linked to a contact that doesn't exist,Integrity
deals,D50117,orphan_deals,Deals linked to a contact that doesn't exist,Integrity
deals,D50128,orphan_deals,Deals linked to a contact that doesn't exist,Integrity
deals,D50200,orphan_deals,Deals linked to a contact that doesn't exist,Integrity
deals,D50258,orphan_deals,Deals linked to a contact that doesn't exist,Integrity
deals,D50320,orphan_deals,Deals linked to a contact that doesn't exist,Integrity
deals,D50339,orphan_deals,Deals linked to a contact that doesn't exist,Integrity
deals,D50350,orphan_deals,Deals linked to a contact that doesn't exist,Integrity
deals,D50415,orphan_deals,Deals linked to a contact that doesn't exist,Integrity
deals,D50442,orphan_deals,Deals linked to a contact that doesn't exist,Integrity
deals,D50483,orphan_deals,Deals linked to a contact that doesn't exist,Integrity
deals,D50539,orphan_deals,Deals linked to a contact that doesn't exist,Integrity
deals,D50549,orphan_deals,Deals linked to a contact that doesn't exist,Integrity
deals,D50610,orphan_deals,Deals linked to a contact that doesn't exist,Integrity
deals,D50726,orphan_deals,Deals linked to a contact that doesn't exist,Integrity
deals,D50846,orphan_deals,Deals linked to a contact that doesn't exist,Integrity
deals,D50911,orphan_deals,Deals linked to a contact that doesn't exist,Integrity
deals,D51025,orphan_deals,Deals linked to a contact that doesn't exist,Integrity
deals,D51042,orphan_deals,Deals linked to a contact that doesn't exist,Integrity
deals,D51048,orphan_deals,Deals linked to a contact that doesn't exist,Integrity
deals,D51064,orphan_deals,Deals linked to a contact that doesn't exist,Integrity
deals,D51078,orphan_deals,Deals linked to a contact that doesn't exist,Integrity
deals,D51169,orphan_deals,Deals linked to a contact that doesn't exist,Integrity
deals,D51206,orphan_deals,Deals linked to a contact that doesn't exist,Integrity
deals,D51287,orphan_deals,Deals linked to a contact that doesn't exist,Integrity
deals,D51328,orphan_deals,Deals linked to a contact that doesn't exist,Integrity
deals,D51373,orphan_deals,Deals linked to a contact that doesn't exist,Integrity
deals,D51382,orphan_deals,Deals linked to a contact that doesn't exist,Integrity
deals,D50145,close_before_created,Deals that close before they were created,Integrity
deals,D50165,close_before_created,Deals that close before they were created,Integrity
deals,D50166,close_before_created,Deals that close before they were created,Integrity
deals,D50214,close_before_created,Deals that close before they were created,Integrity
deals,D50329,close_before_created,Deals that close before they were created,Integrity
deals,D50570,close_before_created,Deals that close before they were created,Integrity
deals,D50623,close_before_created,Deals that close before they were created,Integrity
deals,D50691,close_before_created,Deals that close before they were created,Integrity
deals,D50700,close_before_created,Deals that close before they were created,Integrity
deals,D50703,close_before_created,Deals that close before they were created,Integrity
deals,D50727,close_before_created,Deals that close before they were created,Integrity
deals,D50744,close_before_created,Deals that close before they were created,Integrity
deals,D50756,close_before_created,Deals that close before they were created,Integrity
deals,D50831,close_before_created,Deals that close before they were created,Integrity
deals,D50862,close_before_created,Deals that close before they were created,Integrity
deals,D50863,close_before_created,Deals that close before they were created,Integrity
deals,D51018,close_before_created,Deals that close before they were created,Integrity
deals,D51031,close_before_created,Deals that close before they were created,Integrity
deals,D51056,close_before_created,Deals that close before they were created,Integrity
deals,D51064,close_before_created,Deals that close before they were created,Integrity
deals,D51087,close_before_created,Deals that close before they were created,Integrity
deals,D51122,close_before_created,Deals that close before they were created,Integrity
deals,D51175,close_before_created,Deals that close before they were created,Integrity
deals,D51256,close_before_created,Deals that close before they were created,Integrity
deals,D51269,close_before_created,Deals that close before they were created,Integrity
deals,D51285,close_before_created,Deals that close before they were created,Integrity
deals,D51301,close_before_created,Deals that close before they were created,Integrity
deals,D51326,close_before_created,Deals that close before they were created,Integrity
deals,D51362,close_before_created,Deals that close before they were created,Integrity
deals,D51433,close_before_created,Deals that close before they were created,Integrity
deals,D50014,won_without_amount,Won deals with no valid amount,Integrity
deals,D50085,won_without_amount,Won deals with no valid amount,Integrity
deals,D50099,won_without_amount,Won deals with no valid amount,Integrity
deals,D50125,won_without_amount,Won deals with no valid amount,Integrity
deals,D50127,won_without_amount,Won deals with no valid amount,Integrity
deals,D50129,won_without_amount,Won deals with no valid amount,Integrity
deals,D50132,won_without_amount,Won deals with no valid amount,Integrity
deals,D50167,won_without_amount,Won deals with no valid amount,Integrity
deals,D50197,won_without_amount,Won deals with no valid amount,Integrity
deals,D50234,won_without_amount,Won deals with no valid amount,Integrity
deals,D50256,won_without_amount,Won deals with no valid amount,Integrity
deals,D50284,won_without_amount,Won deals with no valid amount,Integrity
deals,D50302,won_without_amount,Won deals with no valid amount,Integrity
deals,D50306,won_without_amount,Won deals with no valid amount,Integrity
deals,D50342,won_without_amount,Won deals with no valid amount,Integrity
deals,D50360,won_without_amount,Won deals with no valid amount,Integrity
deals,D50504,won_without_amount,Won deals with no valid amount,Integrity
deals,D50542,won_without_amount,Won deals with no valid amount,Integrity
deals,D50570,won_without_amount,Won deals with no valid amount,Integrity
deals,D50616,won_without_amount,Won deals with no valid amount,Integrity
deals,D50639,won_without_amount,Won deals with no valid amount,Integrity
deals,D50640,won_without_amount,Won deals with no valid amount,Integrity
deals,D50658,won_without_amount,Won deals with no valid amount,Integrity
deals,D50661,won_without_amount,Won deals with no valid amount,Integrity
deals,D50680,won_without_amount,Won deals with no valid amount,Integrity
deals,D50778,won_without_amount,Won deals with no valid amount,Integrity
deals,D50789,won_without_amount,Won deals with no valid amount,Integrity
deals,D50815,won_without_amount,Won deals with no valid amount,Integrity
deals,D50841,won_without_amount,Won deals with no valid amount,Integrity
deals,D50843,won_without_amount,Won deals with no valid amount,Integrity
deals,D50866,won_without_amount,Won deals with no valid amount,Integrity
deals,D50919,won_without_amount,Won deals with no valid amount,Integrity
deals,D51005,won_without_amount,Won deals with no valid amount,Integrity
deals,D51030,won_without_amount,Won deals with no valid amount,Integrity
deals,D51063,won_without_amount,Won deals with no valid amount,Integrity
deals,D51065,won_without_amount,Won deals with no valid amount,Integrity
deals,D51071,won_without_amount,Won deals with no valid amount,Integrity
deals,D51072,won_without_amount,Won deals with no valid amount,Integrity
deals,D51102,won_without_amount,Won deals with no valid amount,Integrity
deals,D51109,won_without_amount,Won deals with no valid amount,Integrity
deals,D51137,won_without_amount,Won deals with no valid amount,Integrity
deals,D51154,won_without_amount,Won deals with no valid amount,Integrity
deals,D51193,won_without_amount,Won deals with no valid amount,Integrity
deals,D51202,won_without_amount,Won deals with no valid amount,Integrity
deals,D51210,won_without_amount,Won deals with no valid amount,Integrity
deals,D51236,won_without_amount,Won deals with no valid amount,Integrity
deals,D51246,won_without_amount,Won deals with no valid amount,Integrity
deals,D51306,won_without_amount,Won deals with no valid amount,Integrity
deals,D51358,won_without_amount,Won deals with no valid amount,Integrity
deals,D51359,won_without_amount,Won deals with no valid amount,Integrity
deals,D51392,won_without_amount,Won deals with no valid amount,Integrity
deals,D51409,won_without_amount,Won deals with no valid amount,Integrity
deals,D51421,won_without_amount,Won deals with no valid amount,Integrity
deals,D51450,won_without_amount,Won deals with no valid amount,Integrity
deals,D51460,won_without_amount,Won deals with no valid amount,Integrity
deals,D51469,won_without_amount,Won deals with no valid amount,Integrity
deals,D51487,won_without_amount,Won deals with no valid amount,Integrity
deals,D51490,won_without_amount,Won deals with no valid amount,Integrity
