contact_id,first_name,last_name,email,phone,company,job_title,industry,city,country,lead_source,owner,created_at,last_modified_at,last_activity_at
C10678,Ananya,Mehta,ananya.mehta@auroralogisticssol.in,+91 9350344694,Aurora Logistics Solutions,Procurement Lead,,bengaluru,India,Referral,Farhan Shaikh,2026-03-09,2026-09-04,2026-08-15
C10693,Priya,Khanna,priya.khanna@meridianventuresso.in,+91 7827279559,Meridian Ventures Solutions,CTO,Financial Services,Delhi,India,Events,Priya Nair,2025-02-28,2026-08-05,
C10610,Nikhil,Wilson,nikhil.wilson@,+91 8857567667,Aurora Textiles Pvt Ltd,Founder,Manufacturing,Mumbai,india,Paid Ads,Priya Nair,2025-03-28,2025-10-22,2025-03-28
C10049,Kunal,Singh,kunal.singh@meridiananalyticsi.in,+91 8403910651,Meridian Analytics Industries,Business Analyst,Information Technology,Bengaluru,India,Paid Ads,Rohit Kulkarni,2025-01-05,2026-08-25,2026-08-25
C11291,YASH,mehta,yash.mehta@kestrelfinservsolu.in,+91 9385977790,Kestrel Finserv Solutions,,Financial Services,Chennai,India,LinkedIn,Neha Joshi,2025-12-30,2026-08-03,2026-08-28
C10486,Karan,Das,karan.das@lumenpharmagroup.in,,Lumen Pharma Group,Founder,manufacturing,Mumbai,India,,Priya Nair,2025-10-24,2026-03-27,
C10548,Varun,Pillai,varun.pillai@vertexfinservgroup.in,+91 7109622728,Vertex Finserv Group,Operations Manager,NA,Mumbai,India,Referral,Arjun Mehta,2025-04-22,2026-04-10,
C10940,Sahil,Thakur,sahil.thakur@banyanretailpvt.in,+91 9429291320,Banyan Retail Pvt Ltd,,Financial Services,Mumbai,IND,Paid Ads,Priya Nair,2026-03-07,2026-06-01,2026-03-07
C10078,Rajesh,Thakur,rajesh.thakur@harbortechgroup.in,+91 9982507146,Harbor Tech Group,CEO, ,Chennai,India,Website,Ayesha Khan,2025-03-04,2026-08-25,2026-05-17
C10506,Yash,Rao,yash.rao@lumenretailgroup.in,+91 9585988310,Lumen Retail Group,Marketing Manager,Retail,Chennai,India,Website,Ayesha Khan,2025-12-22,2026-06-03,2026-08-10
C10210,Nisha,Mishra,nisha.mishra@bluelotuslabsindus.in,+91 9085627187,Blue Lotus Labs Industries,Procurement Lead,Financial Services,Delhi,india,Events,Priya Nair,2025-08-15,2026-07-31,2026-07-30
C10184,Amit,Brown,amit.brown@orbitrealtygroup.in,+91 9492995562,Orbit Realty Group,Founder,Real Estate,Delhi,India,LinkedIn,Vikram Rao,2024-11-29,2025-10-11,2026-09-29
C10485,Shreya,Kulkarni,shreya.kulkarni@apextechllp.in,+91 7793230234,Apex Tech LLP,CTO,Manufacturing,Pune,India,LinkedIn,Rohit Kulkarni,2025-12-25,2026-03-09,2026-05-26
C10451,Komal,Patel,komal.patel@quantumlearninggro.in,+91 9567766575,Quantum Learning Group,Operations Manager,Manufacturing,Mumbai,India,LinkedIn,Ayesha Khan,2026-05-01,2026-05-01,2026-05-23
C11105,Daniel,Wilson,daniel.wilson@meridianventuresin.in,+91 8610089876,Meridian Ventures Industries,CEO,Information Technology,Bengaluru,India,Website,Rohit Kulkarni,2026-01-16,2026-01-16,2026-01-16
C10887,Ethan,Chatterjee,ethan.chatterjee@kestreltextilesltd.in,+91 9768550789,Kestrel Textiles Ltd,CTO,,Mumbai,India,Cold Outreach,Vikram Rao,2025-08-14,2025-08-14,
C10890,Harsh,Iyer,harsh.iyer@harbortechgroup.in,+91 8345472239,Harbor Tech Group,Business Analyst,Information Technology,Chennai,India,Referral,Vikram Rao,2025-11-10,2026-06-01,2026-08-01
C10730,Divya,Wilson,divya.wilson@harbortechgroup.in,+91 8233720948,Harbor Tech Group,Operations Manager,Information Technology,Chennai,India,Website,Vikram Rao,2026-09-20,2026-09-20,
C11275,Sanjay,Menon,sanjay.menon@orbitlabsgroup.in,+91 8620175370,Orbit Labs,Marketing Manager,Education,Mumbai,India,Events,Sneha Iyer,2025-06-14,2025-06-14,2026-06-30
C10286,Deepak,Mehta,deepak.mehta@cedarlearningpvt.in,+91 9965701329,Cedar Learning Pvt Ltd,Founder,retail,Mumbai,India,Cold Outreach,Ayesha Khan,2024-12-21,2026-09-12,2025-12-21
C10903,Komal,Reddy,komal.reddy@pinnaclemotorsllp.in,+91 8680898126,Pinnacle Motors LLP,Procurement Lead,Information Technology,Mumbai,India,Event,Neha Joshi,2026-06-06,2026-06-06,2026-09-10
C10705,Arjun,Khanna,arjun.khanna@tridentanalyticspv.in,+91 7775095465,Trident Analytics Pvt Ltd,Operations Manager,Hospitality,Mumbai,India,Cold Outreach,,2025-01-29,2026-03-12,
C11189,Anjali,Sharma,anjali.sharma@peacocktextilespvt.in,+91 7268764486,Peacock Textiles Pvt Ltd,Finance Manager,Education,Mumbai,India,LinkedIn,Neha Joshi,2025-05-18,2026-09-28,2026-07-27
C11097,Aditya,Banerjee,aditya.banerjee@aurorafinservindus.in,+91 9306935882,Aurora Finserv Industries,Operations Manager,Manufacturing,Bengaluru,India,Referral,Vikram Rao,2025-12-10,2025-12-10,
C11222,Nisha,Kapoor,nisha.kapoor@aurorafinservgroup.in,+91 9589477352,Aurora Finserv,Head of Sales,Financial Services,Bengaluru,India,Referral,Neha Joshi,2026-05-03,2026-06-11,2025-12-17
C10741,Riya,Reddy,riya.reddy@novatechllp.in,+91 9156229493,Nova Tech LLP,Business Analyst,,Pune,Bharat,Website,Vikram Rao,2025-07-30,2026-07-20,2026-06-12
C10754,Rajesh,Reddy,rajesh.reddy@kestrellogisticspv.in,+91 7734654950,Kestrel Logistics Pvt Ltd,Founder,,Pune,India,LinkedIn,TBD,2025-08-04,2026-08-29,2026-09-20
C11311,Payal,Smith,PAYAL.SMITH@EVERESTLOGISTICSSO.IN,+91 9931706955,Everest Logistics Solutions,CTO,Retail,Pune,IND,Website,Farhan Shaikh,2025-05-19,2026-06-20,2026-05-23
C10221,James,Clarke,james.clarke@apexlogisticssolut.in,+91 8783174564,Apex Logistics Solutions,Head of Sales,Realty,Pune,India,LinkedIn,Priya Nair,2025-06-06,2026-08-11,
C10420,Nisha,Desai,nisha.desai@orbitrealtysolutio.in,+91 9018204339,Orbit Realty Solutions,Finance Manager,Hospitality,Pune,India,,Arjun Mehta,2025-09-09,2026-08-10,2026-08-16
C11257,Divya,Reddy,divya.reddy@pinnacleanalyticsg.in,076817-20313,Pinnacle Analytics Group,CTO,Financial Services,Delhi,India,Referral,Arjun Mehta,2026-08-06,2026-08-09,2026-06-18
C10584,Sanjay,Bose,sanjay.bose@apexfinservindustr.in,+91 9552510505,Apex Finserv Industries,Marketing Manager,Manufacturing,Pune,India,LinkedIn,Arjun Mehta,2026-05-04,2026-05-04,
C10889,Payal,Smith,,+91 9931706955,Everest Logistics Solutions,CTO,Retail,Pune,India,,Farhan Shaikh,2024-12-21,2026-06-20,2026-05-23
C10453,Isha,Bhatia,isha.bhatia@monsoonpharmaltd.in,+91 8444392840,Monsoon Pharma Ltd,Operations Manager,Information Technology,Bangalore,India,LinkedIn,Arjun Mehta,2026-01-14,2026-09-22,
C10076,Yash,Hall,,+91 8886805891,Everest Foods LLP,CEO,Real Estate,Kolkata,India,Cold Outreach,,2026-01-12,2026-01-12,2026-07-27
C10261,Ananya,Mishra,,+91 7827718129,Orbit Motors LLP,Business Analyst,,Bengaluru,India,Website,Farhan Shaikh,2025-11-07,2026-01-11,
C10101,Priya,Gupta,priya.gupta@pinnacletextileslt.in,+91 8914630316,Pinnacle Textiles Ltd,CEO,Information Technology,Mumbai,India,LinkedIn,Priya Nair,2025-11-18,2026-07-06,2026-09-03
C11116,Anjali,Bhatia,anjali.bhatia@monsoonretailsolut.in,+91 7704542185,Monsoon Retail Solutions,Operations Manager,Retail,Mumbai,India,LinkedIn,Priya Nair,2026-07-26,2026-07-26,2026-07-26
C10493,Divya,Hall,divya.hall@harbormotorsgroup.in,+91 8668633414,Harbor Motors Group,CEO,Real Estate,Hyderabad,India,Website,Arjun Mehta,2026-01-10,2026-07-27,
C10554,Isha,Agarwal,isha.agarwal@orbitlearningsolut.in,+91 9521568182,Orbit Learning Solutions,Founder,Manufacture,Chennai,India,Referral,Farhan Shaikh,2025-01-10,2026-07-06,2026-07-04
C11053,Rohan,Pillai,rohan.pillai@harborlabsllp.in,+91 9554623471,Harbor Labs LLP,Head of Sales,Financial Services,Bengaluru,India,Cold Outreach,Sneha Iyer,2025-07-13,2026-08-26,2026-09-10
C11172,Divya,Reddy,divya.reddy@pinnacleanalyticsg.in,+91 7681720313,Pinnacle Analytics Group,CTO,Financial Services,Delhi,India,Referral,Arjun Mehta,2026-06-18,2026-08-09,2026-06-18
C10666,Aditi,Thakur,aditi.thakur@industextilespvt.in,+91 7425563830,Indus Textiles Pvt Ltd,Founder,Education,Mumbai,India,unknown,Rohit Kulkarni,2025-03-08,2025-03-08,2026-06-23
C10247,Sanjay,Desai,sanjay.desai@apexretailltd.in,+91 9042597927,Apex Retail Ltd,Founder,Information Technology,Calcutta,India,Google Ads,Vikram Rao,2026-09-14,2026-09-14,
C10044,Tanvi,Agarwal,tanvi.agarwal@saffronanalyticsgr.in,+91 9122753046,Saffron Analytics Group,Marketing Manager,Real Estate,Ahmedabad,India,LI,Sneha Iyer,2025-06-21,2026-03-14,
C10497,Vikram,Gupta,vikram.gupta@meridianfoodsindus.in,+91 7302764208,Meridian Foods Industries,CTO,Retail,Chennai,India,LinkedIn,Neha Joshi,2026-04-11,2026-08-08,2026-07-07
C10063,Tanvi,Mishra,tanvi.mishra@monsoonmotorsllp.in,+91 7118233984,Monsoon Motors LLP,Procurement Lead,,Delhi,India,LinkedIn,Farhan Shaikh,2026-04-24,2026-08-05,2026-04-24
C11037,Vikram,Banerjee,vikram.banerjee@monsoontechgroup.in,+91 9791279970,Monsoon Tech Group,Head of Sales,Education,Hyderabad,India,Referral,Neha Joshi,2026-04-05,2026-07-04,2026-07-30
C10051,Nikhil,Malhotra,nikhil.malhotra@zenithtextilesindu.in,+91 7478686337,Zenith Textiles Industries,Procurement Lead,Healthcare,Mumbai,India, ,Vikram Rao,2025-12-04,2025-12-04,2026-03-30
C10422,Ananya,Das,-,+91 8124620952,Kestrel Textiles Ltd,Founder,Hospitality,Mumbai,India,Events,Sneha Iyer,2026-06-08,2026-06-08,
C10428,Tanvi,Agarwal,tanvi.agarwal@orbitventuresllp.in,+91 8474355379,Orbit Ventures LLP,Procurement Lead,,Delhi,India,Website,Ayesha Khan,2026-01-22,2026-09-14,2026-08-24
C11072,Shreya,Das,shreya.das@quantumrealtygroup.in,+91 9883565179,Quantum Realty Group,CTO,Education,Ahmedabad,India,,Priya Nair,2025-11-28,2026-09-10,2026-01-20
C11278,LIAM,reddy,liam.reddy@novalogisticsllp.in,+91 8668473236,Nova Logistics LLP,null,Healthcare,Delhi,India,Website,Vikram Rao,2026-03-11,2026-06-03,2026-08-14
C10462,Daniel,Singh,daniel.singh@vertexlogisticssol.in,+91 7632967629,Vertex Logistics Solutions,,Hospitality,Delhi,India,LinkedIn,Priya Nair,2026-09-11,2026-09-16,2026-09-11
C11119,Nisha,Wilson,nisha.wilson@silverlineventures.in,+91 9473126168,Silverline Ventures Industries,Procurement Lead,Education,Ahmedabad,India,Website,Rohit Kulkarni,2025-06-21,2026-02-22,
C10231,Liam,Desai,liam.desai@novatechllp.in,+91 8524077848,Nova Tech LLP,Finance Manager,Education,Pune,India,Website,Ayesha Khan,2025-10-24,2026-02-08,
C10265,Aarav,Hall,aarav.hall@zenithretailsoluti.in,+91 7397767199,Zenith Retail Solutions,Founder,Retail,Delhi,India,Website,Sneha Iyer,2025-12-10,2026-09-03,2026-06-22
C10365,Shreya,Kapoor,shreya.kapoor@peacockrealtysolut.in,+91 9748969083,Peacock Realty Solutions,Procurement Lead,Hospitality,Pune,India,LinkedIn,Vikram Rao,2025-12-14,2026-02-27,2026-09-10
C10718,Ritika,Green,ritika.green@everesttechgroup.in,+91 7996059329,Everest Tech Group,Finance Manager,Retail,Ahmedabad,India,Events,Arjun Mehta,2026-03-06,2026-03-06,2026-03-06
C10342,Rajesh,Pandey,rajesh.pandey@aurorahospitalityp.in,+91 8044818321,Aurora Hospitality Pvt Ltd,Director,Healthcare,Calcutta,India,Cold Outreach,Arjun Mehta,2025-04-19,2026-09-22,2026-01-22
C10967,Payal,Green,payal.green@saffronanalyticslt.in,+91 9509822104,Saffron Analytics Ltd,Founder,null,Bengaluru,India,,Farhan Shaikh,2026-07-10,2026-07-10,2026-07-10
C10974,Nisha,Banerjee,nisha.banerjee@orbitrealtygroup.in,+91 9163211197,Orbit Realty Group,Business Analyst,RealEstate,New Delhi,India,LinkedIn,Rohit Kulkarni,2025-09-15,2026-04-20,2026-07-26
C11034,Rohan,Khanna,rohan.khanna@kestrelanalyticspv.in,+91 7739920522,Kestrel Analytics Pvt Ltd,Head of Sales,Financial Services,Pune,India,,Vikram Rao,2024-12-20,2026-09-10,2026-09-29
C11050,Varun,Smith,varun.smith@banyananalyticsllp.in,+91 8159273874,Banyan Analytics LLP,Founder,Healthcare,Pune,India, ,Priya Nair,2025-06-03,2026-08-28,2026-05-08
C10872,Amit,Bose,amit.bose@everesttechgroup.in,+91 7377731268,Everest Tech Group,Business Analyst,,Ahmedabad,India,Cold Outreach,Rohit Kulkarni,2025-10-26,2025-10-26,2026-08-26
C11132,Amit,Reddy,amit.reddy@quantumlearningpvt.in,+91 9259479507,Quantum Learning Pvt Ltd,Operations Manager,Manufacturing,Mumbai,India,Website,Neha Joshi,2026-02-27,2026-02-27,
C10309,Vikram,Shah,vikram.shah@saffronrealtyllp.in,+91 9061387829,Saffron Realty LLP,,retail,Mumbai,India,,Priya Nair,2025-09-08,2026-07-16,
C11138,Daniel,Pillai,daniel.pillai@bluelotustechgroup.in,+91 7067762550,Blue Lotus Tech Group,Marketing Manager,Hospitality,Bengaluru,India,Website,Arjun Mehta,2026-08-26,2026-08-26,2026-08-26
C11304,DEEPAK,sharma,deepak.sharma@peacockpharmasolut.in,+91 8778948963,Peacock Pharma Solutions,Operations Manager,Information Technology,Calcutta,India,Website,Farhan Shaikh,2026-10-01,2026-10-01,
C10344,Vikram,Joshi,vikram.joshi@saffronanalyticslt.in,+91 7833898881,Saffron Analytics Ltd,CTO,Manufacturing,Bengaluru,India,LinkedIn,Rohit Kulkarni,2025-03-12,2026-09-14,
C11174,Varun,Joshi,varun.joshi@pinnaclerealtygrou.in,+91 9739389920,Pinnacle Realty Group,Operations Manager,Healthcare,Delhi,India,LinkedIn,Neha Joshi,2025-07-13,2025-10-30,
C10631,Ritika,Pillai,ritika.pillai@zenithmotorspvt.in,+91 8603319036,Zenith Motors Pvt Ltd,Business Analyst,Manufacturing,Pune,IND,Referal,,2025-08-23,2025-08-23,2026-09-18
C11224,Manish,Pillai,MANISH.PILLAI@HARBORPHARMALLP.IN,+91 9191826199,Harbor Pharma LLP,Founder,Retail,Bengaluru,India,LinkedIn,Ayesha Khan,2026-07-10,2026-07-10,2026-08-02
C11296,Karan,Hzghes,karan.hughes@novafinservllp.in,+91 7694500534,Nova Finserv LLP,,,Delhi,India,LinkedIn,Priya Nair,2026-01-02,2026-01-02,
C10535,Emma,Wright,emma.wright@pinnaclerealtyllp.in,+91 9649837354,Pinnacle Realty LLP,Marketing Manager,,Pune,India,Referral,Farhan Shaikh,2025-07-30,2026-07-03,
C11226,Amit,Pandey,N/A,+91 8104331875,Kestrel Pharma Pvt,NA,Healthcare,Delhi,India,Website,Neha Joshi,2026-10-01,2026-10-01,
C10065,Karan,Brown,karan.brown@pinnaclehealthsolu.in,+91 9591803397,Pinnacle Health Solutions,Operations Manager,Education,Pune,India,Website,Rohit Kulkarni,2025-11-29,2026-05-04,2026-08-06
C10427,Tanvi,Das,tanvi.das@novalogisticsltd.in,+91 9891416128,Nova Logistics Ltd,Operations Manager,Financial Services,Ahmedabad,India,Cold Outreach,Vikram Rao,2025-01-22,2026-09-02,
C10626,Sneha,Das,sneha.das@novalabsltd.in,+91 8651241893,Nova Labs Ltd,Business Analyst,Financial Services,Calcutta,India,Paid Ads,Sneha Iyer,2025-03-08,2025-03-08,2026-08-12
C10879,Isha,Pillai,isha.pillai@zenithtechsolution.in,+91 9537982143,Zenith Tech Solutions,Marketing Manager,Manufacturing,Delhi,India,Referral,Arjun Mehta,2025-03-18,2026-09-29,2026-03-07
C10058,Kavya,Hughes,kavya.hughes@indusfinservgroup.in,+91 8678544587,Indus Finserv Group,Finance Manager,Financial Services,Pune,India,Website,Neha Joshi,2026-05-01,2026-05-01,
C10377,Daniel,Joshi,daniel.joshi@everestlogisticsll.in,+91 9694215291,Everest Logistics LLP,Founder,Manufacturing,Delhi,India,,Farhan Shaikh,2025-04-24,2026-01-12,
C10767,Deepak,Reddy,deepak.reddy@sahyadritechpvt.in,+91 9237245018,Sahyadri Tech Pvt Ltd,Operations Manager,Retail,Delhi,IND,Referral,Neha Joshi,2025-10-12,2025-11-21,2025-10-12
C10192,Manish,Bhatia,manish.bhatia@quantumlearninggro.in,+91 8773926030,Quantum Learning Group,NA,Manufacturing,Mumbai,India,Referral,Ayesha Khan,2026-08-26,2026-08-26,2026-09-21
C10023,Manish,Pandey,"manish.pandey@bluelotuslearningg,in",+91 7251778528,Blue Lotus Learning Group,Director,Hospitality,Mumbai,IND,Website,Ayesha Khan,2025-03-17,2026-01-11,2025-06-09
C11065,Hannah,Banerjee,hannah.banerjee@indushealthpvt.in,+91 8203708782,Indus Health Pvt Ltd,CEO, ,Chennai,India,Website,Priya Nair,2026-02-01,2026-02-01,
C10043,Tanvi,Khanna,tanvi.khanna@monsoontechltd.in,+91 7527420549,Monsoon Tech Ltd,Marketing Manager,Hospitality,Hyderabad,India,Website,Farhan Shaikh,2025-07-07,2026-06-23,
C10233,Suresh,Kulkarni,suresh.kulkarni@silverlinelogistic.in, ,Silverline Logistics Pvt Ltd,Finance Manager,Education,Mumbai,IND,Cold Outreach,Ayesha Khan,2025-10-06,2025-11-24,2026-09-20
C11281,E.,Banerjee,emma.banerjee@pinnaclerealtygrou.in,+91 9132611178,Pinnacle Realty Group,Founder,Healthcare,delhi,India,Website,Farhan Shaikh,2026-10-01,2026-10-01,2026-09-01
C10220,Aditya,Chopra,aditya.chopra@orbitlabsllp.in,+91 8778487282,Orbit Labs LLP,Director,Retail,Bengaluru,India,Referral,Farhan Shaikh,2025-12-20,2026-09-21,2026-08-30
C10561,Kunal,Nair,kunal.nair@lumenretailgroup.in,+91 9166365155,Lumen Retail Group,Director,Retail,Chennai,India,Referral,Neha Joshi,2026-01-19,2026-05-30,
C10331,Chloe,Shah,chloe.shah@monsoonlabssolutio.in,+91 8729284222,Monsoon Labs Solutions,,Healthcare,Pune,India,Web,Priya Nair,2024-12-05,2026-09-07,
C10628,Priya,Hughes,priya.hughes@sahyadritechpvt.in,+91 8037199051,Sahyadri Tech Pvt Ltd,CTO,Retail,Delhi,India,Referral,Rohit Kulkarni,2025-04-18,2026-04-17,2026-08-03
C10921,Chloe,Patel,chloe.patel@tridentanalyticspv.in,+91 9984870450,Trident Analytics Pvt Ltd,CTO,TBD,Mumbai,India,Referral,Rohit Kulkarni,2026-04-11,2026-08-29,2026-04-11
C11094,Ethan,Chatterjee,ethan.chatterjee@quantumfinservsolu.in,+91 9644547523,Quantum Finserv Solutions,CEO,N/A,Mumbai,India,,Vikram Rao,2025-09-19,2026-05-09,
C10430,Sanjay,Menon,sanjay.menon@orbitlabsgroup.in,+91 8620175370,Orbit Labs Group,Marketing Manager,Education,Mumbai,India,NA,Sneha Iyer,2025-01-31,2025-04-21,2026-06-30
C10298,Anjali,Clarke,"anjali.clarke@saffrontechindustr,in",+91 9674286047,Saffron Tech Industries,CTO,,Bengaluru,India,Events,Priya Nair,2026-04-21,2026-05-22,
C10661,Anjali,Wilson,anjali.wilson@cedartechpvt.in,+91 7434776958,Cedar Tech Pvt Ltd,Finance Manager,Manufacturing,MUMBAI,India,LinkedIn,Vikram Rao,2025-12-31,2026-06-27,2026-07-13
C10771,Komal,Brown,komal.brown@meridianmotorssolu.in,+91 8417899698,Meridian Motors Solutions,CTO,Hospitality,Mumbai,India,Website,,2025-10-26,2025-10-26,
C10277,Liam,Patel,liam.patel@peacocklabsindustr.in,+91 9810409157,Peacock Labs Industries,Founder,Education,Mumbai,India,Website,Sneha Iyer,2026-06-21,2026-06-21,2026-06-21
C11069,Aditi,Patel,aditi.patel@meridianventuresso.in,+91 8712369149,Meridian Ventures Solutions,CTO,Financial Services,Delhi,India,Website,Rohit Kulkarni,2027-01-09,2025-04-22,2026-08-30
C11093,Arjun,Khanna,arjun.khanna@silverlinefinservl.in,+91 9254824218,Silverline Finserv LLP,Marketing Manager,Hotels,Bengaluru,India,Referral,Sneha Iyer,2026-04-06,2026-04-06,2026-04-06
C11113,Nikhil,Mishra,nikhil.mishra@kestrellabssolutio.in,+91 8789826041,Kestrel Labs Solutions,Business Analyst,Manufacturing,Bengaluru,India,N/A,Arjun Mehta,2025-09-03,2025-09-23,2026-08-11
C10254,Meera,Hall,meera.hall@saffronanalyticsgr.in,+91 9232983248,Saffron Analytics Group,Head of Sales,Real Estate,Ahmedabad,India,,Ayesha Khan,2026-09-17,2026-09-17,
C10352,Diya,Sharma,diya.sharma@peacockanalyticsll.in,+91 8167811266,Peacock Analytics LLP,Director,Information Technology,Dilli,India,Paid Ads,,2025-05-12,2026-05-08,2026-09-23
C10711,Pooja,Khanna,pooja.khanna@bluelotusmotorspvt.in,+91 9513305319,Blue Lotus Motors Pvt Ltd,Operations Manager,Financial Services,Bengaluru,India,Events,Neha Joshi,2026-09-20,2026-09-20,2026-09-20
C10425,Oliver,Rao,oliver.rao@bluelotustextilesi.in,+91 8718325823,Blue Lotus Textiles Industries,Business Analyst,Education,Mumbai,India,Paid Ads,Neha Joshi,2026-04-16,2026-04-16,
C11068,Ethan,Reddy,ethan.reddy@lumenmotorsgroup.in,+91 8883978570,Lumen Motors Group,Business Analyst,Health Care,Ahmedabad,India,Website,Priya Nair,2026-04-12,2026-04-12,2026-07-31
C11277,Kavya,Banerjee,KAVYA.BANERJEE@ORBITTECHINDUSTRIE.IN,-,Orbit Tech Industries,Director,Healthcare,Ahmedabad,India,Referral,Rohit Kulkarni,2025-05-19,2026-08-04,
C10532,Priya,Wright,priya.wright@monsoontechgroup.in,+91 9788443448,Monsoon Tech Group,CEO,Education,Hyderabad,India,Website,Priya Nair,2025-05-04,2026-05-10,2026-02-20
C10270,Ritika,Walker,ritika.walker@coralretailpvt.in,+91 9772934301,Coral Retail Pvt Ltd,Founder,Manufacturing,Bengaluru,India,LinkedIn,Rohit Kulkarni,2025-11-25,2026-04-23,2026-03-18
C10032,Pooja,Green,pooja.green@peacockpharmasolut.in,+91 7216558523,Peacock Pharma Solutions,Director,Information Technology,Kolkata,India,Referral,Priya Nair,2026-05-20,2026-05-20,2026-05-20
C10739,Amit,Hughes,amit.hughes@saffronretailsolut.in,unknown,Saffron Retail Solutions,Procurement Lead,Information Technology,Delhi,India,Events,Neha Joshi,2025-03-23,2026-08-21,2026-09-17
C10759,Grace,Patel,,+91 8032020326,Orbit Pharma Industries,N/A,Retail,Pune,India,Inbound - Website,Neha Joshi,2026-06-21,2026-06-21,2026-06-21
C11101,Divya,Wright,divya.wright@harborlabsllp.in,+91 9882904579,Harbor Labs LLP,Head of Sales,Financial Services,Bengaluru,India,Cold Outreach,Rohit Kulkarni,2025-09-28,2026-08-23,2026-09-01
C10081,James,Mishra,james.mishra@apexfinservindustr.in,+91 9937966033,Apex Finserv Industries,Operations Manager,Manufacturing,Pune,India,unknown,Rohit Kulkarni,2026-07-09,2026-07-09,2026-07-09
C10526,Sanjay,Pandey,sanjay.pandey@meridiantechgroup.in,+91 7200053474,Meridian Tech Group,Director,Retail,Hyderabad,India,null,Ayesha Khan,2025-05-31,2026-08-29,
C10410,Aditi,Bhatia,aditi.bhatia@saffronrealtyllp.in,+91 9288431884,Saffron Realty LLP,Business Analyst,Retail,Mum,India,LinkedIn,Ayesha Khan,2024-11-05,2025-10-29,2024-11-19
C10552,Payal,Bhatia,payal.bhatia@quantumfinservsolu.in,-,Quantum Finserv Solutions,Business Analyst,Hospitality,Mumbai,India,Website,Priya Nair,2025-07-14,2026-08-23,
C10438,Sophie,Shah,sophie.shah@everestretailpvt.in,+91 8661963990,Everest Retail Pvt Ltd,,Information Technology,Kolkata,India,LinkedIn,Farhan Shaikh,2025-02-09,2026-06-04,2026-08-25
C10843,Swati,Iyer,swati.iyer@coralfinservltd.in,,Coral Finserv Ltd,Marketing Manager,Real Estate,MUMBAI,India,Referral,Priya Nair,2026-06-16,2026-06-16,2026-06-16
C11035,Ananya,Nair,ananya.nair@saffronanalyticslt.in,+91 8914388232,Saffron Analytics Ltd,Procurement Lead,,Bengaluru,India,unknown,,2026-03-17,2026-03-17,2026-03-17
C10817,James,Agarwal,james.agarwal@vertexmotorsindust.in,+91 7597099625,Vertex Motors Industries,Operations Manager,Financial Services,Pune,India,Website,Sneha Iyer,2026-02-21,2026-07-22,
C10115,Vivaan,Menon,vivaan.menon@aurorafoodssolutio.in,+91 7532447209,Aurora Foods Solutions,Director,,Hyderabad,India,Referral,Sneha Iyer,2024-12-15,2026-06-29,2026-08-04
C10478,Ethan,Menon,ethan.menon@banyanmotorsllp.in,,Banyan Motors LLP,,Manufacturing,Dilli,India,,Farhan Shaikh,2026-08-10,2026-08-10,2026-08-10
C10885,Sahil,Nair,sahil.nair@silverlineventures.in,+91 8337922341,Silverline Ventures Industries,Founder,Education,Ahmedabad,India,Website,Sneha Iyer,2026-06-09,2026-06-09,
C10527,Shreya,Pillai,shreya.pillai@sahyadrimotorsindu.in,+91 7108255598,Sahyadri Motors Industries,,Information Technology,Chennai,India,,Sneha Iyer,2025-11-03,2026-09-29,
C10899,Komal,Rao,komal.rao@banyanrealtygroup.in,+91 8632037476,Banyan Realty Group,Finance Manager,Financial Services,Bengaluru,India,Events,Arjun Mehta,2026-09-12,2026-09-12,2026-09-12
C10964,Ritika,Patel,ritika.patel@orbitlearningsolut.in,+91 8086700900,Orbit Learning Solutions,Operations Manager,,Chennai,India,Cold Outreach,Farhan Shaikh,2024-11-22,2025-06-09,
C10933,Suresh,Gupta,suresh.gupta@meridianventuresso.in,+91 8185174460,Meridian Ventures Solutions,Founder,Financial Services,Delhi,India,Paid Ads,Arjun Mehta,2026-09-01,2026-09-01,
C10578,James,Saxena,james.saxena@aurorafinservllp.in,+91 7402990155,Aurora Finserv LLP,Finance Manager,Education,Delhi,India,Paid Ads,,2024-12-29,2026-04-14,2026-07-03
C10409,Nisha,Green,nisha.green@meridiantechgroup.in,+91 9673899756,Meridian Tech Group,,,Hyderabad,India,Cold Outreach,Rohit Kulkarni,2025-03-08,2026-03-26,2026-10-01
C11288,Amit,Patel,null,98765,Harbor Ventures LLP,CTO,Healthcare,Mumbai,Bharat,Referral,Rohit Kulkarni,2026-07-22,2026-07-22,
C11197,Arjun,Kulkarni,arjun.kulkarni@coralretailpvt.in,+91 8075485346,Coral Retail Pvt Ltd,,Manufacturing,Banglore,India,LinkedIn,Ayesha Khan,2026-03-18,2026-03-18,
C10351,Shreya,Reddy,shreya.reddy@meridianlearningpv.in,+91 8947386463,Meridian Learning Pvt Ltd,CEO,Information Technology,BLR,India,,,2025-11-27,2025-11-27,2026-09-30
C10259,Grace,Menon,grace.menon@vertexretailindust.in,+91 8999880817,Vertex Retail Industries,Finance Manager,Retail,Bengaluru,India,NA,unknown,2026-01-21,2026-09-12,2026-09-02
C11293,Payal,Hall,PAYAL.HALL@EVERESTHEALTHGROUP.IN,+91 7048964652,Everest Health Group, ,,Chennai,India,Website,Ayesha Khan,2026-10-01,2026-10-01,2026-09-09
C10936,Manish,Iyer,manish.iyer@monsoonlearningind.in,,Monsoon Learning Industries,,Education,Pune,India,Cold Outreach,Farhan Shaikh,2025-06-15,2025-09-27,2026-07-07
C11256,Nisha,Das,NISHA.DAS@AURORAVENTURESINDU.IN,+91 8969325914,Aurora Ventures Industries,Founder,Hospitality,Mumbai,India,Cold Outreach,Sneha Iyer,2025-06-25,2025-11-20,
C10597,Pooja,Wilson,pooja.wilson@auroralogisticssol.in,+91 9610313100,Aurora Logistics Solutions,Director,Information Technology,Bengaluru,India,LinkedIn,Rohit Kulkarni,2025-04-26,2026-09-12,2026-05-01
C10605,Sahil,Mishra,sahil.mishra@pinnacleretailltd.in,+91 9541072728,Pinnacle Retail Ltd,Operations Manager,Financial Services,Mumbai,India,Referral,Ayesha Khan,2025-10-08,2026-09-06,2026-08-28
C10575,Ritika,Clarke,ritika.clarke@orbitlabsllp.in,unknown,Orbit Labs LLP,Operations Manager,unknown,Bengaluru,India,Website,Vikram Rao,2025-01-18,2025-11-13,2026-05-26
C10756,Anjali,Khanna,anjali.khanna@,+91 9729047742,Coral Hospitality Industries,Procurement Lead,Information Technology,Delhi,India,Events,Arjun Mehta,2025-08-26,2026-07-12,2026-06-28
C11084,Tanvi,Wright,tanvi.wright@harborhealthpvt.in,+91 8906700099,Harbor Health Pvt Ltd,Operations Manager,Hospitality,Hyd,India,null,Sneha Iyer,2026-07-19,2026-07-19,
C10807,Anjali,Gupta,anjali.gupta@granitemotorsllp.in,+91 8324264250,Granite Motors LLP,CTO,,Kolkata,India,Cold Outreach,Ayesha Khan,2026-05-03,2026-05-04,2026-06-25
C10549,Oliver,Sharma,oliver.sharma@coralfoodsltd.in,+91 7009282066,Coral Foods Ltd,Finance Manager,Hospitality,Delhi,India,Referral,Sneha Iyer,2026-03-21,2026-04-10,
C10218,Emma,Banerjee,emma.banerjee@pinnaclerealtygrou.in,+91 9132611178,Pinnacle Realty Group,Founder,healthcare,Delhi,India,Website,Farhan Shaikh,2026-09-01,2026-09-01,2026-09-01
C10196,Payal,Patel,payal.patel@silverlinefoodsgro.in,+91 9811729806,Silverline Foods Group,Business Analyst,Retail & E-commerce,Mumbai,India,LinkedIn,Priya Nair,2025-09-04,2026-04-20,2026-08-10
C10175,Rajesh,Das,rajesh.das@novatechsolutions.in,,Nova Tech Solutions,Director,Retail,Hyderabad,India,,Priya Nair,2026-03-10,2026-03-10,
C10086,Ananya,Iyer,ananya.iyerbluelotusfoodspvt.in,+91 7404384279,Blue Lotus Foods Pvt Ltd,,Information Technology,pune,India,Referral,Rohit Kulkarni,2026-03-30,2026-08-08,2026-03-30
C10123,Deepak,Walker,deepak.walker@coralmotorspvt.in,+91 9593917251,Coral Motors Pvt Ltd,Marketing Manager,Information Technology,Mumbai ,India,LinkedIn,Arjun Mehta,2025-07-29,2025-07-29,
C10534,Karan,Hughes,karan.hughes@novafinservllp.in,+91 7694500534,Nova Finserv LLP,,,Delhi,India,LinkedIn,Priya Nair,2025-08-19,2026-01-01,
C10296,Grace,Gupta,grace.gupta@granitefinservgrou.in,+91 8243728051,Granite Finserv Group,Head of Sales,Manufacturing,Bengaluru,Bharat,Referral,Ayesha Khan,2026-02-25,2026-02-25,2026-09-12
C10707,Karan,Clarke,karan.clarke@kestrelanalyticspv.in,+91 9276457938,Kestrel Analytics Pvt Ltd,Director,financial services,Pune,India,LinkedIn,Rohit Kulkarni,2025-07-12,2025-12-04,
C11306,D.,Wright,divya.wright@harborlabsllp.in,+91 9882904579,Harbor Labs LLP,Head of Sales,Financial Services,Bengaluru,India,Cold Outreach,Rohit Kulkarni,2026-01-24,2026-08-23,2026-09-01
C10892,Harsh,Chatterjee,harsh.chatterjee@sahyadritechllp.in,+91 7364281319,Sahyadri Tech LLP,Founder,Manufacturing,Delhi,India,Referral,Ayesha Khan,2026-08-31,2026-08-31,2026-08-31
C10240,Liam,Patel,liam.patel@banyanretailpvt.in,+91 9082404335,Banyan Retail Pvt Ltd,Founder,Financial Services,Mumbai,India,Cold Outreach,Sneha Iyer,2026-04-15,2026-04-15,2026-05-31
C11319,Manish,Bhatia,manish.bhatia@quantumlearninggro.in,087739-26030,Quantum Learning Group,Head of Sales,Manufacturing,Mumbai,India,Referral,Ayesha Khan,2026-09-10,2026-09-10,2026-09-21
C10522,Sahil,Nair,sahil.nair@sahyadriventuresll.in,+91 7258030569,Sahyadri Ventures LLP,Founder,Retail,Madras,india,LinkedIn,Sneha Iyer,2025-07-30,2025-12-26,2025-10-12
C10128,Rahul,Shah,rahul.shah@zenithrealtysoluti.in,,Zenith Realty Solutions,Finance Manager,Education,Bengaluru,India,Website,Priya Nair,2026-07-31,2026-09-17,2026-07-31
C10680,Divya,Wright,divya.wright@novatechsolutions.in,+91 9973203319,Nova Tech Solutions,Head of Sales,Retail,Hyderabad,India,Website,Neha Joshi,2025-09-10,2025-10-10,2026-05-07
C10772,Oliver,Nair,oliver.nair@granitefinservgrou.in,,Granite Finserv Group,Finance Manager,Manufacturing,Bengaluru,IND,Referral,Priya Nair,2026-05-15,2026-05-15,2026-05-15
C10847,Neha,Thakur,neha.thakur@meridianlearningpv.in,call reception,Meridian Learning Pvt Ltd,Founder,Information Technology,Bengaluru,India,LinkedIn,Rohit Kulkarni,2025-05-04,2026-06-06,
C11209,Riya,Pillai,RIYA.PILLAI@ZENITHHOSPITALITYL.IN,+91 8778255882,Zenith Hospitality LLP,Procurement Lead,Manufacturing,Bombay,Bharat,Events,Arjun Mehta,2025-12-22,2026-08-20,
C10239,Manish,Mishra,manish.mishra@vertexmotorssoluti.in,+91 8939836845,Vertex Motors Solutions,Finance Manager,Hospitality,Kolkata,India,LinkedIn,Farhan Shaikh,2025-12-19,2025-12-19,2026-08-11
C10339,Diya,Menon,diya.menon@coralmotorsgroup.in,+91 8049478730,Coral Motors Group,,,Bengaluru,IND,Website,Sneha Iyer,2026-06-03,2026-09-01,
C10208,Grace,Desai,grace.desai@silverlinerealtyll.in,+91 7433339521,Silverline Realty LLP,CEO,Information Technology,Delhi,India,Paid Ads,Neha Joshi,2026-06-25,2026-08-27,
C11314,Rahul,Nair,rahul.nair@zenithhospitalityl.in,097533-12661,Zenith Hospitality LLP,Founder,,Mumbai,India,Referral,Rohit Kulkarni,2026-04-17,2026-08-10,2026-06-04
C10802,Harsh,Green,harsh.green@meridianmotorsgrou.in,TBD,Meridian Motors Group,,Information Technology,Chennai,India,Website,Ayesha Khan,2024-12-28,2025-10-19,2026-07-11
C10706,Pooja,Kulkarni,pooja.kulkarni@kestreltextilesltd.in,98765,Kestrel Textiles Ltd,Business Analyst,Hospitality,Mumbai,India,Events,Vikram Rao,2026-06-16,2026-07-20,
C10778,Aditi,Chopra,aditi.chopra@lumentechindustrie.in,+91 8149915370,Lumen Tech Industries,Marketing Manager,Information Technology,Bengaluru,India,Referral,Sneha Iyer,2025-09-27,2026-04-11,2025-09-27
C10029,Manish,Bose,manish.bose@meridianlabssoluti.in,+91 7595327877,Meridian Labs Solutions,Operations Manager,,Delhi,India,Referral,Rohit Kulkarni,2026-01-11,2026-06-05,2026-09-26
C10282,Sneha,Malhotra,sneha.malhotra@sahyadripharmaindu.in,+91 9456255770,Sahyadri Pharma Industries,CEO,Education,Bengaluru,India,Referral,Arjun Mehta,2025-10-16,2026-03-07,
C10289,Deepak,Menon,deepak.menon@saffronretailsolut.in,,Saffron Retail Solutions,Operations Manager,Information Technology,Delhi,India,Paid Ads,Ayesha Khan,2026-05-21,2026-09-02,2026-09-22
C10934,Hannah,Iyer,hannah.iyer@coralhealthllp.in,+91 9991511455,Coral Health LLP,CEO,,Delhi,India,Website,Vikram Rao,2025-02-20,2026-09-01,2026-04-14
C11181,Aarav,Mehta,aarav.mehta@kestrelfoodsgroup.in,+91 8260846397,Kestrel Foods Group,Procurement Lead,,Bengaluru,India,LinkedIn,Arjun Mehta,2026-07-04,2026-07-04,
C10031,Nikhil,Banerjee,nikhil.banerjee@pinnaclelabsgroup.in,+91 8506098358,Pinnacle Labs Group,Operations Manager,,Kolkata,India,Website,Neha Joshi,2025-08-28,2025-08-28,2026-08-23
C11092,Ananya,Mishra,ananya.mishra@everestlogisticsll.in,+91 9120384375,Everest Logistics LLP,Marketing Manager,Manufacturing,Delhi,India,LinkedIn,Farhan Shaikh,2025-04-29,2025-04-29,
C10567,Daniel,Clarke,daniel.clarke@harborlogisticsgro.in,+91 9635339055,Harbor Logistics Group,Founder,Healthcare,Pune,India,LinkedIn,Sneha Iyer,2025-01-07,2026-03-22,2026-09-10
C10346,Meera,Rao,meera.rao@pinnacleanalyticsg.in,+91 7611076031,Pinnacle Analytics Group, ,financial services,Delhi,India,Cold Outreach,Priya Nair,2024-12-31,2026-09-17,
C11220,AMIT,thakur,amit.thakur@monsoontechltd.in,+91 9669411800,Monsoon Tech Ltd,Procurement Lead,Hospitality,Hyderabad,India,Paid Ads,Neha Joshi,2026-09-04,2026-09-04,2026-03-16
C10243,Chloe,Shah,chloe.shah@quantumlearningpvt.in,+91 8566139060,Quantum Learning Pvt Ltd,Operations Manager,Manufacturing,Mumbai,India,Referral,Arjun Mehta,2025-03-24,2026-07-09,2026-09-01
C10070,Nikhil,Iyer,nikhil.iyer@everestretailpvt.in,+91 8888610158,Everest Retail Pvt Ltd,CEO, ,Kolkata,India,Referral,Arjun Mehta,2025-04-17,2025-06-01,
C10411,Vivaan,Clarke,vivaan.clarke@novalabsltd.in,+91 7468105485,Nova Labs Ltd,,Financial Services,Kolkata,India,Website,Rohit Kulkarni,2025-09-28,2026-07-09,2026-07-18
C10367,Isha,Verma,isha.verma@kestrelfoodsgroup.in,+91 8778660324,Kestrel Foods Group,Head of Sales,,Bengaluru,IN,Website,Sneha Iyer,2025-10-16,2026-09-24,
C11262,Nisha,Mishra,nisha.mishra@bluelotuslabsindus.in,090856-27187,Blue Lotus Labs Industries,Procurement Lead,Financial Services,Delhi,India,Events,Priya Nair,2025-10-28,2026-07-31,2026-07-30
C10297,Ethan,Pandey,ethan.pandey@aurorahospitalityi.in,+91 7723950410,Aurora Hospitality Industries,Head of Sales,Real Estate,Bangalore,India,LinkedIn,Neha Joshi,2026-07-10,2026-07-10,2026-08-12
C10737,Manish,Chatterjee,manish.chatterjee@auroralogisticssol.in,+91 8745245557,Aurora Logistics Solutions,Operations Manager,Information Technology,bengaluru,India,LinkedIn,Farhan Shaikh,2025-03-27,2026-04-06,
C10806,Ethan,Patel,ethan.patel@harbormotorsgroup.in,+91 7079649673,Harbor Motors Group,Finance Manager,Real Estate,Hyderabad,India,Word of mouth,Arjun Mehta,2025-08-17,2026-08-07,2026-07-06
C10764,Ananya,Nair,ananya.nair@cedartextilessolut.in,+91 9932896340,Cedar Textiles Solutions,CTO,Education,Pune,India,LinkedIn,Farhan Shaikh,2025-02-19,2026-05-19,2026-09-18
C10629,Anjali,Rao,anjali.rao@silverlinetechllp.in,+91 7107835674,Silverline Tech LLP,Marketing Manager,Retail,Banglore,India,Website,Priya Nair,2024-12-25,2025-10-31,
C10803,Neha,Kulkarni,neha.kulkarni@lumentechindustrie.in,+91 7066248132,Lumen Tech Industries,,Information Technology,Bengaluru,India,linkedin,Neha Joshi,2026-04-18,2026-04-18,2026-07-05
C10572,Aarav,Pandey,aarav.pandey@meridianmotorsgrou.in,-,Meridian Motors Group,Marketing Manager,null,Chennai,India,Referral,Farhan Shaikh,2026-05-06,2026-05-06,
C10048,Amit,Wilson,amit.wilson@apexfoodsgroup.in,+91 9397187072,Apex Foods Group,Business Analyst,Education,Hyderbad,India,LinkedIn,Priya Nair,2024-12-24,2025-07-30,2026-09-15
C10113,Kunal,Nair,kunal.nair@auroralogisticsgro.in,+91 7100323651,Aurora Logistics Group,Director,,Mumbai,India,Referral,Rohit Kulkarni,2025-04-12,2025-10-24,2026-09-05
C10155,Emma,Iyer,emma.iyer@@saffrontechltd.in,+91 9721811437,Saffron Tech Ltd,Operations Manager,manufacturing,Ahmedabad,India,LinkedIn,Priya Nair,2026-05-02,2026-05-02,2026-09-24
C10291,Yash,Menon,yash.menon@silverlinetechllp.in,+91 7690973846,Silverline Tech LLP,Business Analyst,Retail,Bengaluru,India,Referral,NA,2026-02-08,2026-02-08,2026-07-27
C11088,Arjun,Nair,arjun.nair@aurorafinservgroup.in,+91 8995300622,Aurora Finserv Group,,TBD,Bengaluru,India,website,Sneha Iyer,2026-06-10,2026-09-14,2026-08-12
C10371,Aditi,Mishra,aditi.mishra@orbittextilespvt.in,+91 7425754090,Orbit Textiles Pvt Ltd,Founder,Healthcare,Mumbai,India,Events,Vikram Rao,2025-11-04,2026-08-28,2026-09-22
C10881,Deepak,Sharma,deepak.sharma@peacockpharmasolut.in,+91 8778948963,Peacock Pharma Solutions,Operations Manager,Info Tech,Kolkata,India,Website,Farhan Shaikh,2026-08-18,2026-08-18,
C10969,Oliver,Mehta,oliver.mehta@zenithtextilesindu.in,+91 7212694289,Zenith Textiles Industries,Operations Manager,Healthcare,Mumbai,India,LinkedIn,Ayesha Khan,2026-08-03,2026-08-03,2026-09-17
C10382,Ananya,Taylor,ananya.taylor@lumentechpvt.in,+91 8721586241,Lumen Tech Pvt Ltd,,Hospitality,Mumbai,India,Website,Ayesha Khan,2025-07-05,2025-08-15,2026-09-16
C11309,Manish,Iyer,manish.iyer@monsoonlearningind.in,080211-90170,Monsoon Learning Industries,Finance Manager,Education,Pune,India,Cold Outreach,Farhan Shaikh,2025-07-16,2025-09-27,2026-07-07
C10999,Daniel,Hall,daniel.hall@vertexanalyticsltd.in,+91 8068841333,Vertex Analytics Ltd,Finance Manager,Real Estate,Mumbai,India,Website,Ayesha Khan,2026-08-03,2026-08-03,
C10363,Grace,Iyer,"grace.iyer@monsoonfinservpvt,in",+91 9195419876,Monsoon Finserv Pvt Ltd,Marketing Manager,Financial Services,Bangalore,India,LinkedIn,Rohit Kulkarni,2026-03-15,2026-07-13,2026-03-15
C10198,Payal,Clarke,payal.clarke@peacocktextilespvt.in,+91 7009818063,Peacock Textiles Pvt Ltd,,Education,Mumbai,IN,LinkedIn,Rohit Kulkarni,2025-11-13,2026-02-10,2026-09-01
C10716,Manish,Hall,manish.hall@meridianrealtyltd.in,+91 8158886367,Meridian Realty Ltd,Finance Manager,healthcare,Hyderabad,India,LinkedIn,Neha Joshi,2026-04-10,2026-04-10,
C10582,Yash,Mishra,yash.mishra@auroraretailsoluti.in,+91 8591966395,Aurora Retail Solutions,Procurement Lead,,Delhi,India,Cold Outreach,Rohit Kulkarni,2026-05-02,2026-09-05,2026-07-26
C10644,Oliver,Mishra,oliver.mishra@meridianfinservltd.in,+91 7059556574,Meridian Finserv Ltd,Director,Healthcare,Delhi,India,Website,Arjun Mehta,2026-01-06,2026-01-06,2026-03-16
C10433,Liam,Chatterjee,liam.chatterjee@pinnaclemotorspvt.in,+91 9089487060,Pinnacle Motors Pvt Ltd,Procurement Lead,Financial Services,bengaluru,India,unknown,Farhan Shaikh,2025-04-17,2025-05-10,
C10107,Kavya,Khanna,kavya.khanna@harborlabsllp.in,+91 8383206038,Harbor Labs LLP,Procurement Lead,Financial Services,Bengaluru,India,Referral,Priya Nair,2025-01-14,2026-06-02,2026-02-08
C11135,Rohan,Clarke,rohan.clarke@meridianventuresin.in,+91 9135992855,Meridian Ventures Industries,,Information Technology,Bengaluru,Bharat,Paid Ads,Arjun Mehta,2025-11-13,2026-05-13,
C11312,DIYA,patel,diya.patel@harborhealthpvt.in,+91 8561100225,Harbor Health Pvt Ltd,Procurement Lead,Hospitality,Hyderabad,India,Cold Outreach,Sneha Iyer,2025-12-03,2026-04-19,2026-08-27
C11078,Rajesh,Chatterjee,rajesh.chatterjee@apexfoodsgroup.in,+91 8241916503,Apex Foods Group,Operations Manager,Education,Hyderabad,India,LinkedIn,Farhan Shaikh,2025-07-27,2026-03-10,2026-08-19
C11061,Grace,Banerjee,grace.banerjee@banyanmotorsllp.in,+91 9819490531,Banyan Motors LLP,Procurement Lead,Manufacturing,New Delhi,India,Cold Outreach,Priya Nair,2026-05-02,2026-05-02,2026-05-25
C11206,P.,Rao,priya.rao@cedaranalyticsltd.in,+91 7107427990,Cedar Analytics Ltd,Finance Manager,Hospitality,Banglore,India,LinkedIn,Ayesha Khan,2026-10-01,2026-10-01,2026-09-17
C11253,Rajesh,Shat,rajesh.shah@lumentechindustrie.in,+91 8589975711,Lumen Tech Industries,Marketing Manager,Information Technology,Bengaluru,India,Website,Arjun Mehta,2025-08-05,2026-08-04,2026-02-07
C10350,Priya,Taylor,priya.taylor@kestreltextilesind.in,+91 7517182754,Kestrel Textiles Industries,Business Analyst,Real Estate,Delhi,India,Events,Rohit Kulkarni,2024-12-31,2025-05-16,
C11217,Kunal,Aggrwal,kunal.agarwal@harborretailltd.in,,Harbor Retail Ltd,Founder,Manufacturing,Chennai,India,Cold Outreach,Ayesha Khan,2026-08-11,2026-08-11,
C10614,Ritika,Desai,ritika.desai@silverlineventures.in,+91 7291813317,Silverline Ventures Industries,Founder,Education,Ahmedabad,India,Cold Outreach,Neha Joshi,2025-10-14,2026-02-03,
C11201,S.,Rao,sophie.rao@kestrelpharmapvt.in,+91 9087182749,Kestrel Pharma Pvt Ltd,CTO,Healthcare,Delhi,India,Cold Outreach,Priya Nair,2026-04-05,2026-04-05,2026-05-07
C10867,Anjali,Brown,anjali.brown@apextechllp.in,,Apex Tech LLP,Marketing Manager,Manufacturing,Pune,India,-,Rohit Kulkarni,2025-05-26,2026-02-05,
C10602,Neha,Brown,neha.brown@monsoonpharmaltd.in,98765,Monsoon Pharma Ltd,Business Analyst,Information Technology,Bengaluru,India,Events,Priya Nair,2026-07-23,2026-09-24,
C10479,Payal,Smith,payal.smith@peacockanalyticsgr.in,+91 7732300857,Peacock Analytics Group,CTO,BFSI,mumbai,India,Paid Ads,Farhan Shaikh,2026-06-16,2026-09-22,
C10812,Manish,Agarwal,manish.agarwal@lumenfinservpvt.in,+91 9275998011,Lumen Finserv Pvt Ltd,CEO,Retail,Mumbai,India,Website,Priya Nair,2025-09-08,2025-12-15,2026-04-10
C11027,Kavya,Rao,kavya.rao@everestfoodsllp.in,+91 7551305570,Everest Foods LLP,Business Analyst,Real Estate,Kolkata,India,Inbound - Website,Farhan Shaikh,2026-06-16,2026-06-16,2026-08-29
C10168,Priya,Green,priya.green@coralmotorsgroup.in,+91 9522885158,Coral Motors Group,Finance Manager,Education,Bengaluru,India,,Farhan Shaikh,2025-06-03,2026-08-26,2025-09-24
C11194,Emma,Mishra,emma.mishra@pinnacleanalyticss.in,+91 8443441491,Pinnacle Analytics Solutions,CTO,Information Technology,Pune,India,Referral,Vikram Rao,2026-05-24,2026-07-19,
C10701,Shreya,Desai,shreya.desai@everesttechgroup.in,+91 8615626244,Everest Tech Group,CTO,Retail,Ahmedabad,India,Events,Neha Joshi,2025-03-01,2026-08-17,
C10244,Divya,Gupta,divya.gupta@auroraretailllp.in,+91 9320679981,Aurora Retail LLP,,Real Estate,Pune,India,LinkedIn,Farhan Shaikh,2026-07-28,2026-07-28,
C10985,Yash,Desai,yash.desai@zenithtextilesindu.in,+91 7788260335,Zenith Textiles Industries,Director,Healthcare,MUMBAI,India,Events,Priya Nair,2025-02-25,2026-07-23,
C10503,Divya,Rao,divya.rao@granitetextilespvt.in,+91 7826068887,Granite Textiles Pvt Ltd,CEO,Hospitality,Chennai,India,Referral,Rohit Kulkarni,2025-02-23,2025-06-27,
C10358,Swati,Joshi,swati.joshi@harborretailltd.in,+91 8479695450,Harbor Retail Ltd,Founder,Manufacturing,Chennai,India,Referral,Ayesha Khan,2025-01-16,2026-05-18,2026-08-02
C10953,Harsh,Chopra,harsh.chopra@banyanretailpvt.in,,Banyan Retail Pvt Ltd,Head of Sales,Financial Services,Mumbai,India,Website,Priya Nair,2026-09-16,2026-09-16,2026-09-16
C10654,Amit,Menon,amit.menon@lumenanalyticssolu.in,+91 7203684995,Lumen Analytics Solutions,CEO,Retail,PUNE,India,Linked In,Ayesha Khan,2025-07-22,2025-07-22,
C10174,Nisha,Malhotra,nisha.malhotra@orbittextilespvt.in,NA,Orbit Textiles Pvt Ltd,Marketing Manager,Healthcare,Mumbai,India,Cold Outreach,Arjun Mehta,2024-11-03,2026-07-29,2026-08-24
C10643,Hannah,Patel,hannah.patel@auroraretailllp.in,+91 8118718133,Aurora Retail LLP,Procurement Lead,Real Estate,Pune,India,Referral,Farhan Shaikh,2026-06-21,2026-06-21,2026-06-21
C11100,Hannah,Hughes,hannah.hughes@banyanrealtygroup.in,+91 9539128788,Banyan Realty Group,Operations Manager,Financial Services,Bengaluru,IND,Cold Outreach,Farhan Shaikh,2025-06-21,2026-06-25,
C11148,Tanvi,Chatterjee,tanvi.chatterjee@pinnaclehealthpvt.in,+91 8018227200,Pinnacle Health Pvt Ltd,Head of Sales,Manufacturing,Pune,India,Referral,Sneha Iyer,2025-02-03,2026-08-13,
C11083,Sanjay,Reddy,sanjay.reddy@lumenventuresindus.in,+91 7603988636,Lumen Ventures Industries,Procurement Lead,Real Estate,Pune,Bharat,Website,Ayesha Khan,2025-06-15,2025-12-20,
C10054,Sneha,Pandey,sneha.pandey@harborpharmallp.in,+91 7892687056,Harbor Pharma LLP,Business Analyst,Retail,Bengaluru,India,,Farhan Shaikh,2026-01-07,2026-07-14,
C10909,Grace,Thakur,grace.thakur@pinnacleanalyticss.in,+91 8413297150,Pinnacle Analytics Solutions,CTO,,Pune,IND,LinkedIn,Farhan Shaikh,2025-02-04,2026-08-16,2026-08-17
C10322,Aditya,Patel,aditya.patel@banyanfoodssolutio.in,+91 9806867177,Banyan Foods Solutions,Marketing Manager,,Mumbai,India,Website,Priya Nair,2026-02-06,2026-02-06,2026-07-07
C10777,Daniel,Hughes,daniel.hughes@silverlinelogistic.in,+91 9826913119,Silverline Logistics Pvt Ltd,CTO,Education,Mumbai,India,Cold Outreach,Ayesha Khan,2026-04-27,2026-04-27,
C10056,Kavya,Banerjee,kavya.banerjee@orbittechindustrie.in,+91 9175183046,Orbit Tech Industries,Director,Healthcare,Ahmedabad,India,,Rohit Kulkarni,2025-03-09,2026-08-04,
C11144,Daniel,Hall,daniel.hall@pinnacleanalyticsp.in,+91 8115238023,Pinnacle Analytics Pvt Ltd,NA,Real Estate,Mumbai,India,Events,Ayesha Khan,2025-02-06,2026-09-30,
C10727,Ritika,Joshi,ritika.joshi@auroralabssolution.in,+91 9298585672,Aurora Labs Solutions,Business Analyst,Education,Mumbai,India,Referral,Neha Joshi,2026-05-29,2026-07-25,2026-08-23
C10163,Rajesh,Shah,rajesh.shah@lumentechindustrie.in,+91 8589975711,Lumen Tech Industries,Marketing Manager,Information Technology,Bengaluru,India,Website,Arjun Mehta,2025-01-21,2026-08-04,2026-02-07
C10109,Manish,Pillai,manish.pillai@harborpharmallp.in,+91 9191826199,Harbor Pharma LLP,Founder,Retail,Bengaluru,India,LinkedIn,Ayesha Khan,2025-12-23,2026-03-13,2026-08-02
C10762,Sneha,Khanna,null,+91 7842547681,Aurora Logistics Group,Business Analyst,Retail,Mumbai,India,Website,Vikram Rao,2026-09-03,2026-09-03,2026-09-03
C10814,Meera,Nair,meera.nair@aurorafinservgroup.in,+91 7226189628,Aurora Finserv Group,Business Analyst,TBD,Bengaluru,India,Referral,Sneha Iyer,2025-06-22,2026-05-11,2026-07-01
C10826,Nisha,Sharma,nisha.sharma@meridianmotorsgrou.in,+91 9442101750,Meridian Motors Group,Director,Information Technology,Chennai,India,Cold Outreach,,2025-01-21,2026-06-22,2026-08-09
C11032,Diya,Kulkarni,diya.kulkarni@induslogisticsgrou.in,+91 8754584726,Indus Logistics Group,Head of Sales,Real Estate,Mumbai,India,Cold Outreach,Priya Nair,2025-12-09,2026-03-11,2026-08-25
C10514,Rohan,Bose,rohan.bose@quantumlearningpvt.in,+91 7901487068,Quantum Learning Pvt Ltd,Head of Sales,Manufacturing,Mumbai,IN,Referral,Rohit Kulkarni,2025-04-17,2026-01-15,2026-07-17
C10816,Vivaan,Brown,,+91 9551512294,Harbor Ventures LLP,CTO,Healthcare,Mumbai,India,Paid Ads,Rohit Kulkarni,2025-06-13,2025-06-13,2025-10-22
C10275,Hannah,Patel,"hannah.patel@kestreltechllp,in",+91 7735743842,Kestrel Tech LLP,CEO,Manufacturing,Mumbai,India,LinkedIn,Priya Nair,2026-03-12,2026-06-16,
C11285,Nisha,Hall,NISHA.HALLAURORARETAILLTD.IN,+91 8138186550,Aurora Retail Ltd,Finance Manager,,Mumbai,India,Referral,Farhan Shaikh,2026-05-19,2026-08-19,2026-09-09
C10746,Oliver,Walker,oliver.walker@saffronrealtyindus.in,+91 9606940960,Saffron Realty Industries,,Retail,Pune,India,Website,Farhan Shaikh,2024-12-30,2026-08-03,
C10823,Diya,Iyer,diya.iyer@saffronlogisticsin.in,+91 7063301658,Saffron Logistics Industries,Marketing Manager,Manufacturing,Bengaluru,India,Referral,Vikram Rao,2026-04-08,2026-04-08,2026-06-15
C11013,Divya,Mishra,divya.mishra@monsoonfinservpvt.in,+91 9225893708,Monsoon Finserv Pvt Ltd,Procurement Lead,Financial Services,Bengaluru,India,Events,Priya Nair,2025-07-25,2025-07-25,2025-10-08
C11003,Pooja,Das,pooja.das@pinnaclelabsgroup.in,+91 7734167812,Pinnacle Labs Group,NA,Financial Services,Kolkata,India,Events,Neha Joshi,2025-04-23,2026-09-08,2026-09-29
C10952,Anjali,Chatterjee,anjali.chatterjee@lumenventuresindus.in,+91 9073651189,Lumen Ventures Industries,Marketing Manager,,Pune,India,paid ads,NA,2026-02-15,2026-07-09,2026-09-12
C10542,Karan,Patel,karan.patel@harborhospitalityl.in,+91 7685926249,Harbor Hospitality LLP,Operations Manager,Real Estate,Ahmedabad,India,LinkedIn,Rohit Kulkarni,2024-12-12,2026-03-13,2026-07-22
C10170,Daniel,Das,daniel.das@indusanalyticsgrou.in,+91 9057198386,Indus Analytics Group,Marketing Manager,Manufacturing,Mumbai,India,Referral,Sneha Iyer,2025-01-27,2026-01-06,
C10598,Rahul,Chatterjee,rahul.chatterjee@silverlinefinservl.in,+91 9666134732,Silverline Finserv LLP,Marketing Manager,Hospitality,Bengaluru,India,LI,Sneha Iyer,2026-09-15,2026-09-15,
C10930,Emma,Brown,unknown,+91 8655300730,Pinnacle Analytics Group,Director,Financial Services,Delhi,India,LinkedIn,Arjun Mehta,2026-04-28,2026-07-24,2026-04-29
C10209,Aarav,Clarke,aarav.clarke@silverlinefoodsgro.in,+91 8595794728,Silverline Foods Group,Operations Manager,Retail,Mumbai,India,LinkedIn,Ayesha Khan,2025-11-29,2025-11-29,2026-08-14
C10538,Payal,Nair,payal.nair@saffrontechltd.in,+91 7100231429,Saffron Tech Ltd,,Manufacturing,Ahmedabad,India,Cold Outreach,Priya Nair,2025-06-01,2026-08-22,2026-08-29
C10140,Riya,Verma,riya.verma@cedarpharmasolutio.in,+91 7933334680,Cedar Pharma Solutions,Founder,Manufacturing,Mumbai,India,Referral,Ayesha Khan,2027-06-25,2026-06-04,2026-08-15
C10912,Karan,Gupta,karan.gupta@sahyadrirealtysolu.in,+91 7720245591,Sahyadri Realty Solutions,Founder,,Delhi,India,Website,Sneha Iyer,2026-04-08,2026-09-26,2026-07-01
C11004,Ananya,Kulkarni,ananya.kulkarni@sahyadrifoodsindus.in,+91 7179821348,Sahyadri Foods Industries,CTO,Financial Services,Hyderabad,India,Website,Arjun Mehta,2025-01-19,2026-07-06,
C10199,Harsh,Wright,harsh.wright@coralfinservltd.in,+91 9695946368,Coral Finserv Ltd,Business Analyst,Real Estate,Mumbai,India,Referral,Arjun Mehta,2026-01-08,2026-02-23,
C10312,Komal,Kulkarni,komal.kulkarni@sahyadrifinservsol.in,+91 7426258273,Sahyadri Finserv Solutions,Director,TBD,NCR Delhi,India,Website,Rohit Kulkarni,2025-06-27,2026-07-21,
C11231,Swati,Smith,swati.smith@monsoonlabssolutio.in,073039-11142,Monsoon Labs Solutions,Business Analyst,Healthcare,Pune,India,Website,Neha Joshi,2025-07-26,2025-12-25,2026-08-30
C10405,Liam,Das,liam.das@industextilespvt.in,+91 9712552137,Indus Textiles Pvt Ltd,,Education,Mumbai,India,,Priya Nair,2025-02-20,2026-08-18,2026-09-02
C10010,Nikhil,Patel,nikhil.patel@novaretailgroup.in,+91 8277901043,Nova Retail Group,,Real Estate,Hyderabad,India,NA,Farhan Shaikh,2026-02-10,2026-07-10,
C10147,Nikhil,Desai,nikhil.desai@lumenfinservpvt.in,+91 9725217525,Lumen Finserv Pvt Ltd,Founder,Retail,Mumbai,India,Website,Sneha Iyer,2025-05-17,2026-03-11,
C11214,L.,Patel,liam.patel@banyanretailpvt.in,+91 9082404335,Banyan Retail Pvt Ltd,Founder,Financial Services,Mumbai,India,Cold Outreach,Sneha Iyer,2026-07-29,2026-07-29,2026-05-31
C10429,Payal,Smith,payal.smith@sahyadrihospitalit.in,+91 7268768118,Sahyadri Hospitality Pvt Ltd,Founder,,Bengaluru,India,Cold Outreach,Neha Joshi,2025-08-12,2026-04-28,
C10844,Ethan,Malhotra,ethan.malhotra@novafinservltd.in,+91 7855660847,Nova Finserv Ltd,Founder,Retail,Bengaluru,India,Events,Farhan Shaikh,2025-04-04,2026-08-26,2025-09-19
C10720,Nikhil,Das,nikhil.das@apexhospitalityind.in,+91 7397739732,Apex Hospitality Industries,Finance Manager,Healthcare,Mumbai,India,Referral,Rohit Kulkarni,2025-01-27,2026-07-23,
C10374,Daniel,Banerjee,daniel.banerjee@lumenmotorsgroup.in,+91 8698570027,Lumen Motors Group,Head of Sales,Healthcare,Ahmedabad,IND,NA,Vikram Rao,2025-03-10,2026-02-28,2026-09-23
C10566,Shreya,Agarwal,shreya.agarwal@novalogisticsllp.in,+91 9648072791,Nova Logistics LLP,Founder,Healthcare,Delhi,India,Website,Vikram Rao,2026-07-08,2026-08-27,
C10394,Ritika,Banerjee,ritika.banerjee@banyanrealtygroup.in,+91 7321941680,Banyan Realty Group,Founder,Financial Services,Bangalore,India,LinkedIn,Priya Nair,2026-06-17,2026-07-21,
C10818,Vivaan,Brown,vivaan.brown@harborpharmallp.in,,Harbor Pharma LLP,,Retail,Bengaluru,India,Events,Arjun Mehta,2026-04-02,2026-08-13,
C10873,Emma,Rao,emma.rao@novaretailgroup.in,+91 7178192365,Nova Retail Group,Marketing Manager,Real Estate,Hyderabad,India,null,Farhan Shaikh,2026-05-13,2026-05-13,2026-05-13
C10135,Neha,Menon,neha.menon@saffronanalyticslt.in,+91 9970246299,Saffron Analytics Ltd,CTO,Manufacturing,Bengaluru,India,Website,Arjun Mehta,2025-01-31,2026-03-18,2026-07-01
C10303,Chloe,Shah,chloe.shah@graniterealtygroup.in,+91 8044271739,Granite Realty Group,CTO,Manufacturing,Mumbai,India,Website,Neha Joshi,2025-06-23,2026-03-29,2026-09-07
C10361,Daniel,Smith,daniel.smith@banyanmotorsllp.in,+91 8696591713,Banyan Motors LLP,,Manufacturing,Delhi,India,Referral,Arjun Mehta,2024-12-23,2026-09-28,2026-09-01
C10998,Liam,Thakur,liam.thakur@sahyadritechpvt.in,+91 8292508177,Sahyadri Tech Pvt Ltd,CTO,Retail,Delhi,India,Paid Ads,Ayesha Khan,2025-12-08,2026-05-18,2026-05-02
C10886,Komal,Hall,komal.hall@tridentanalyticspv.in,+91 8331167726,Trident Analytics Pvt Ltd,Director,Hospitality,Mumbai,India,Cold Outreach,Priya Nair,2025-09-27,2026-08-12,2026-08-20
C10471,Divya,Joshi,divya.joshi@banyanventuresindu.in,+91 7956252571,Banyan Ventures Industries,Procurement Lead,Manufacturing,Pune,India,Website,Neha Joshi,2026-07-18,2026-07-18,
C10158,Manish,Wright,manish.wright@meridiananalyticsl.in,+91 9729659027,Meridian Analytics Ltd,Finance Manager,Healthcare,Pune,India,Website,Farhan Shaikh,2025-09-24,2026-03-16,2026-01-24
C10651,Sanjay,Rao,sanjay.rao@banyanfoodspvt.in,+91 9341559991,Banyan Foods Pvt Ltd,Founder,,Hyderabad,India,Website,Arjun Mehta,2025-09-03,2026-05-15,2026-09-28
C11146,Tanvi,Mishra,tanvi.mishra@coralhospitalityin.in,+91 8588195977,Coral Hospitality Industries,Head of Sales,Information Technology,Dilli,India,Events,Rohit Kulkarni,2024-10-31,2026-02-22,
C10908,Liam,Thakur,liam.thakur@silverlinerealtyll.in,,Silverline Realty LLP,Head of Sales,,Delhi,India,Paid Ads,Arjun Mehta,2025-09-09,2026-06-06,
C10380,Amit,Thakur,amit.thakur@monsoontechltd.in,+91 9669411800,Monsoon Tech Ltd,Procurement Lead,Hospitality,Hyderabad,India,Paid Ads,Neha Joshi,2026-03-10,2026-03-10,2026-03-16
C10630,Chloe,Desai,chloe.desai@banyananalyticsllp.in,+91 8087066266,Banyan Analytics LLP,Business Analyst,Healthcare,Pune,IN, ,Neha Joshi,2027-07-10,2026-07-07,2026-09-30
C10842,Karan,Pillai,karan.pillai@pinnaclerealtygrou.in,+91 8165176808,Pinnacle Realty Group,CTO,Healthcare,Delhi,India,Referral,Farhan Shaikh,2026-03-12,2026-03-12,2026-07-14
C10904,Varun,Gupta,varun.gupta@orbitanalyticspvt.in,+91 7196463004,Orbit Analytics Pvt Ltd,Founder,Healthcare,Mumbai,India,Paid Ads,Vikram Rao,2026-05-06,2026-05-06,2026-09-13
C10585,Swati,Mehta,swati.mehta@saffronventuresind.in,call reception,Saffron Ventures Industries,CTO,Retail,MUMBAI,IND,Events,Farhan Shaikh,2026-06-20,2026-06-20,2026-08-21
C10096,Nisha,Walker,nisha.walker@zenithretailgroup.in,+91 9275326973,Zenith Retail Group,CEO,Hospitality,Hyd,India,cold outreach,Ayesha Khan,2025-11-26,2026-03-07,
C10788,Payal,Shah,payal.shah@banyanmotorsllp.in,+91 7512080056,Banyan Motors LLP,Operations Manager,Manufacturing,Delhi,India,Website,Arjun Mehta,2025-11-12,2025-11-12,2026-08-26
C10306,Sneha,Sharma,sneha.sharma@auroraretailllp.in,NA,Aurora Retail LLP,CEO,RealEstate,Pune,India,LI,Arjun Mehta,2025-06-25,2026-07-08,2026-08-20
C11127,Sneha,Menon,sneha.menon@orbittextilespvt.in,+91 9462805507,Orbit Textiles Pvt Ltd,Finance Manager,,Mumbai,India,Paid Ads,Priya Nair,2024-11-23,2026-08-11,2026-08-09
C10447,Varun,Rao,varun.rao@zenithmotorspvt.in,+91 7865596309,Zenith Motors Pvt Ltd,,Manufacturing,Pune,India,NA,Sneha Iyer,2025-02-13,2026-09-07,2026-09-13
C10156,Diya,Patel,null,+91 8561100225,Harbor Health Pvt Ltd,Procurement Lead,Hospitality,Hyderabad,India,,Sneha Iyer,2025-10-25,2026-04-19,2026-08-27
C10467,Priya,Saxena,priya.saxena@silverlinefinservl.in,+91 9816470900,Silverline Finserv LLP,CTO,F&B,BLR,India,Cold Call,Vikram Rao,2025-05-27,2026-05-11,2026-04-20
C11153,Chloe,Mehta,chloe.mehta@sahyadriventuresll.in,+91 9291617469,Sahyadri Ventures LLP,Founder,Retail,Madras,India,NA,Ayesha Khan,2026-08-17,2026-08-17,2026-09-30
C10553,Pooja,Iyer,pooja.iyer@meridianmotorsgrou.in,+91 9097005140,Meridian Motors Group,Procurement Lead,Information Technology,Chennai,India,Cold Call,Farhan Shaikh,2025-10-01,2026-02-22,2026-07-27
C11159,Grace,Brown,grace.brownlumenretailgroup.in,+91 9919623419,Lumen Retail Group,Director,Retail,Chennai,India,,Sneha Iyer,2025-07-31,2026-09-21,2026-02-23
C11183,Harsh,Chatterjee,,,Cedar Learning Solutions,Finance Manager,N/A,Mumbai,India,LI,,2025-05-06,2025-05-06,
C10865,Sophie,Rao,sophie.rao@kestrelpharmapvt.in,+91 9087182749,Kestrel Pharma Pvt Ltd,CTO,Healthcare,Delhi,India,Cold Outreach,Priya Nair,2026-01-29,2026-01-29,2026-05-07
C10990,Anjali,Gupta,anjali.gupta@kestrelmotorsltd.in,+91 7760723483,Kestrel Motors Ltd,Business Analyst,Real Estate,Hyderabad,India,Referral,null,2025-05-22,2026-01-03,2026-08-09
C11115,Rahul,Clarke,rahul.clarke@everestpharmagroup.in,+91 9824199626,Everest Pharma Group,Operations Manager,Manufacturing,Delhi,India,Website,Ayesha Khan,2025-07-12,2026-08-16,2026-08-08
C10316,Diya,Joshi,diya.joshi@aurorafoodssolutio.in,+91 7054364597,Aurora Foods Solutions,Founder,retail,Hyderabad,India,Website,Priya Nair,2026-01-01,2026-05-08,2026-09-10
C10970,Kavya,Pandey,kavya.pandey@banyanmotorsllp.in,+91 7586314417,Banyan Motors LLP,Founder,TBD,Delhi,India,Cold Outreach,Sneha Iyer,2026-02-04,2026-02-17,2026-02-15
C10308,Nikhil,Patel,nikhil.patel@bluelotushospitali.in,+91 9937618478,Blue Lotus Hospitality LLP,Finance Manager,Financial Services,Delhi,India,Paid Ads,Priya Nair,2025-05-27,2025-07-24,
C10398,James,Mishra,james.mishra@everestretailpvt.in,+91 8998407678,Everest Retail Pvt Ltd,Director,Information Technology,Kolkata,India,Events,Neha Joshi,2026-01-07,2026-04-10,2026-01-14
C10482,Neha,Bose,neha.bose@novalogisticsllp.in,+91 9201166918,Nova Logistics LLP,Marketing Manager,Healthcare,Delhi,India,Cold Outreach,Ayesha Khan,2026-07-23,2026-07-23,2026-07-23
C11315,Vikram,Banerjee,VIKRAM.BANERJEE@MONSOONTECHGROUP.IN,+91 9791279970,Monsoon Tech Group,Head of Sales,Education,Hyderabad,India,Referral,Neha Joshi,2026-04-20,2026-07-04,2026-07-30
C10679,Swati,Clarke,swati.clarke@lumenfoodssolution.in,+91 7192134249,Lumen Foods Solutions,CEO,Healthcare,Mumbai,Bharat,Website,Farhan Shaikh,2024-12-11,2024-12-11,2026-06-16
C10915,Yash,Chopra,yash.chopra@cedarpharmallp.in,+91 8466345337,Cedar Pharma LLP,Head of Sales,Edu,Hyderabad,India,Events,Priya Nair,2026-05-13,2026-07-22,2026-06-26
C10621,Rahul,Nair,rahul.nair@zenithhospitalityl.in,+91 9753312661,Zenith Hospitality LLP,Founder,Manufacturing,Mumbai,IND,Referral,Rohit Kulkarni,2025-10-25,2026-08-10,2026-06-04
C11001,Sahil,Malhotra,sahil.malhotra@everestlogisticsso.in,+91 7852778956,Everest Logistics Solutions,CEO,Retail,Pune,India,Website,Neha Joshi,2025-09-08,2026-06-25,2026-05-29
C10178,Grace,Gupta,grace.gupta@meridianfinservltd.in,+91 9501102481,Meridian Finserv Ltd,,Healthcare,Delhi,India,,Sneha Iyer,2025-01-05,2026-01-05,
C10287,Aditi,Das,aditi.das@indushealthsolutio.in,+91 9733549465,Indus Health Solutions,CEO,Hotels,Mumbai,India,NA,Farhan Shaikh,2026-05-01,2026-05-01,2026-05-01
C11272,Daniel,Malhotra,DANIEL.MALHOTRAKESTRELTECHLLP.IN,+91 7964969277,Kestrel Tech LLP,CEO,Manufacturing,Mumbai,India,Website,Arjun Mehta,2026-10-01,2026-10-01,2026-07-14
C11099,Pooja,Banerjee,pooja.banerjee@pinnaclehealthpvt.in,+91 9544608385,Pinnacle Health Pvt Ltd,CEO,Manufacturing,Pune,IN,,Vikram Rao,2026-04-05,2026-04-05,
C10294,Sanjay,Das,sanjay.das@harborlogisticsgro.in,12345678901234567,Harbor Logistics Group,Founder,TBD,Poona,India,Event,Sneha Iyer,2026-08-18,2026-08-18,
C10581,Tanvi,Thakur,tanvi.thakur@indusventurespvt.in,+91 8234619942,Indus Ventures Pvt Ltd,,Information Technology,Pune,India,Paid Ads,Neha Joshi,2025-10-06,2026-08-27,2026-05-02
C10354,Tanvi,Chatterjee,tanvi.chatterjee@,+91 8114773201,Silverline Ventures Industries,Founder,Education,Ahmedabad,IN,Cold Outreach,Neha Joshi,2026-09-17,2026-09-17,
C10979,Payal,Mehta,payal.mehta@monsoonlearningind.in,+91 9941843368,Monsoon Learning Industries,Finance Manager,Education,Pune,India,null,Priya Nair,2025-08-15,2026-08-10,2026-05-05
C10461,Yash,Mehta,yash.mehta@kestrelfinservsolu.in,+91 9385977790,Kestrel Finserv Solutions,CEO,,Chennai,India,LinkedIn,Neha Joshi,2025-09-22,2026-08-03,2026-08-28
C10937,Rahul,Banerjee,rahul.banerjee@kestreltextilesltd.in,+91 9315229107,Kestrel Textiles Ltd,Marketing Manager,Hospitality,Mumbai,India,Events,Ayesha Khan,2025-11-01,2026-03-28,
C10088,Yash,Reddy,,+91 7395962923,Kestrel Labs Solutions,Marketing Manager,Manufacturing,Bengaluru,India,Cold Outreach,Arjun Mehta,2026-09-19,2026-09-19,2026-09-19
C10765,Kunal,Agarwal,kunal.agarwal@harborretailltd.in,+91 8014843991,Harbor Retail Ltd,Founder,Manufacturing,Chennai,IND,Cold Outreach,Ayesha Khan,2026-04-01,2026-07-22,
C11268,Oliver,Sharma,oliver.sharma@coralfoodsltd.in,+91 7009282066,Coral Foods,Finance Manager,Hospitality,Delhi,India,,Sneha Iyer,2026-05-29,2026-05-29,
C11317,Manish,Wright,manish.wright@meridiananalyticsl.in,097296-59027,Meridian Analytics Ltd,Finance Manager,Healthcare,Pune,India,,Farhan Shaikh,2025-12-14,2026-03-16,2026-01-24
C10743,Kunal,Pillai,kunal.pillai@pinnacleanalyticsg.in,+91 9449021666,Pinnacle Analytics Group,,Financial Services,Delhi,India,Cold Outreach,null,2025-08-09,2026-04-04,
C10620,Hannah,Taylor,hannah.taylor@meridianmotorspvt.in,+91 9425995996,Meridian Motors Pvt Ltd,CEO,Retail,Mumbai,India,Website,Ayesha Khan,2026-08-10,2026-08-10,2026-08-10
C10745,Ananya,Taylor,ananya.taylor@silverlinefinservl.in,+91 7979316477,Silverline Finserv LLP,TBD,Hospitality,Bengaluru,india,Events,Rohit Kulkarni,2026-02-19,2026-05-06,2026-05-30
C10774,Sophie,Chopra,sophie.chopra@silverlinehospital.in,+91 7470574238,Silverline Hospitality Industries,Business Analyst,Financial Services,PUNE,India,referral,Farhan Shaikh,2024-12-19,2026-07-22,2026-09-25
C10290,Aarav,Mehta,aarav.mehta@monsoontechltd.in,+91 7762126796,Monsoon Tech Ltd,Director,Hospitality,Hyderabad,India,Website,Farhan Shaikh,2026-08-04,2026-08-04,2026-08-04
C10285,Daniel,Bose,daniel.bose@zenithretailsoluti.in,+91 9197199758,Zenith Retail Solutions,CEO,Retail,Delhi,India,Cold Outreach,Ayesha Khan,2025-09-16,2026-06-28,
C10660,Liam,Kapoor,liam.kapoor@pinnaclemotorsllp.in,+91 7789320649,Pinnacle Motors LLP,CTO,information technology,Mumbai,India,Referral,Vikram Rao,2026-06-18,2026-06-18,
C11250,Manish,Chatterjee,MANISH.CHATTERJEE@AURORALOGISTICSSOL.IN,+91 8745245557,Aurora Logistics Solutions,Operations Manager,Information Technology,Bengaluru,India,LinkedIn,Farhan Shaikh,2025-05-31,2026-04-06,
C11198,Aditya,Bose,aditya.bose@granitefoodsgroup.in,+91 98XXXXXX12,Granite Foods Group,Director,Financial Services,Bengaluru,India,Website,Priya Nair,2024-12-16,2026-07-04,
C10266,James,Hughes, ,+91 7022050209,Banyan Textiles Ltd,Director,Hospitality,Mumbai,India,LinkedIn,Rohit Kulkarni,2026-09-19,2026-09-19,2026-09-19
C10327,Arjun,Mehta,arjun.mehta@graniterealtygroup.in,+91 8788178847,Granite Realty Group,Director,Manufacturing,Mumbai,India,LinkedIn,Rohit Kulkarni,2026-08-24,2026-09-10,2026-08-24
C10348,Sanjay,Chopra,sanjay.chopra@orbitpharmaindustr.in,,Orbit Pharma Industries,Marketing Manager,Retail,Pune,India,unknown,Sneha Iyer,2025-02-13,2026-03-16,
C11177,Sneha,Hughes,sneha.hughes@orbitfoodsgroup.in,+91 9217648467,Orbit Foods Group,Marketing Manager,Hospitality,Mumbai,India,LinkedIn,Sneha Iyer,2025-08-10,2025-10-03,2026-09-22
C10059,Priya,Pillai,priya.pillai@auroralearningllp.in,+91 7932048996,Aurora Learning LLP,Operations Manager,,Kolkata,India,,Arjun Mehta,2025-02-25,2026-07-23,
C10390,Yash,Menon,yash.menon@bluelotusfoodspvt.in,+91 9961659266,Blue Lotus Foods Pvt Ltd,CEO,Information Technology,Pune,IN,Website,Arjun Mehta,2026-01-19,2026-02-19,2026-01-19
C11246,Tanvi,Chatterjee,TANVI.CHATTERJEE@SILVERLINEVENTURES.IN,+91 8114773201,Silverline Ventures Industries,Founder,Education,Ahmedabad,India,Cold Outreach,Neha Joshi,2026-09-29,2026-09-29,
C10477,Anjali,Iyer,anjali.iyer@aurorahospitalityp.in,,Aurora Hospitality Pvt Ltd,Head of Sales,Healthcare,Kolkata,India,Cold Outreach,Neha Joshi,2026-01-31,2026-08-13,2026-05-05
C10852,James,Verma,james.verma@coralhealthindustr.in,+91 8201137984,Coral Health Industries,Operations Manager,Information Technology,Bengaluru,India,Website,Neha Joshi,2024-12-08,2024-12-08,2026-06-15
C10796,Rahul,Khanna,rahul.khanna@banyanmotorsltd.in,+91 7513739900,Banyan Motors Ltd,CTO,Realty,Bengaluru,India,Website,Rohit Kulkarni,2025-04-30,2025-05-30,2026-07-08
C10432,Pooja,Walker,pooja.walker@tridenthospitality.in,+91 7839992192,Trident Hospitality Industries,CEO,Hospitality,Mumbai,India,Web,Vikram Rao,2025-06-17,2026-07-21,2026-04-15
C10333,Vivaan,Thakur,vivaan.thakur@lumenlabsindustrie.in,,Lumen Labs Industries,Operations Manager,Education,Ahmedabad,India,Paid Ads,Ayesha Khan,2026-02-24,2026-06-09,2026-09-08
C11134,Sophie,Green,sophie.green@monsoonlabssolutio.in,+91 8039104520,Monsoon Labs Solutions,Marketing Manager,NA,Pune,India,LinkedIn,Sneha Iyer,2026-07-24,2026-07-24,
C10846,Priya,Gupta,priya.gupta@indusfinservgroup.in,call reception,Indus Finserv Group,Director,Financial Services,Pune,India,,Vikram Rao,2026-08-24,2026-08-24,2026-08-24
C10875,Kavya,Hall,kavya.hall@industextilespvt.in,+91 8169061812,Indus Textiles Pvt Ltd,Founder,Education,Mumbai,India,LinkedIn,Farhan Shaikh,2025-04-18,2026-04-17,2026-07-05
C10994,Varun,Bose,varun.bose@@kestreltextilesltd.in,,Kestrel Textiles Ltd,Business Analyst,Hospitality,Mumbai,India,LinkedIn,Farhan Shaikh,2025-09-20,2026-08-16,2026-06-11
C10435,Divya,Verma,divya.verma@saffronlogisticsin.in,+91 7613325411,Saffron Logistics Industries,Founder,Manufacture,Bengaluru,India,Referral,Priya Nair,2026-04-20,2026-07-28,2026-04-20
C10413,Nisha,Bose,nisha.bose@cedartechgroup.in,+91 9935712661,Cedar Tech Group,CEO,Real Estate,hyderabad,India,Website,Ayesha Khan,2025-04-23,2025-07-16,
C10649,Emma,Rao,emma.rao@novalogisticsltd.in,+91 8551166829,Nova Logistics Ltd,Finance Manager,Financial Services,Ahmedabad,India,Referral,Vikram Rao,2025-07-07,2026-07-20,2026-04-12
C11175,Sanjay,Malhotra,sanjay.malhotra@harborlabsindustri.in,+91 8618507610,Harbor Labs Industries,Business Analyst,Education,Ahmedabad,India,Paid Ads,Priya Nair,2025-08-07,2025-11-11,
C11036,Aditi,Kapoor,aditi.kapoor@peacockrealtysolut.in,+91 8461777326,Peacock Realty Solutions,Operations Manager,NA,Pune,India,Website,Priya Nair,2025-06-04,2026-04-22,
C10328,Kunal,Iyer,kunal.iyer@zenithlabsllp.in,+91 7411241272,Zenith Labs LLP,Marketing Manager,Education,Delhi,India,Referral,Priya Nair,2025-11-29,2026-07-25,
C11081,Aditi,Mishra,aditi.mishra@meridianlabspvt.in,+91 9939698748,Meridian Labs Pvt Ltd,CTO,Information Technology,Ahmedabad,India,Referral,Rohit Kulkarni,2026-05-09,2026-05-09,2026-08-27
C10318,Chloe,Reddy,chloe.reddy@quantumlearninggro.in,+91 7363631797,Quantum Learning Group,Founder,Manufacturing,Mumbai,India,Cold Outreach,,2025-06-27,2026-09-11,
C11023,Nisha,Smith,nisha.smith@granitefinservgrou.in,+91 9270452388,Granite Finserv Group,Business Analyst,Manufacturing,Bengaluru,Bharat,Cold Outreach,Arjun Mehta,2026-06-22,2026-07-15,2026-08-14
C10083,Sanjay,Khanna,sanjay.khanna@cedartechpvt.in,+91 9499125134,Cedar Tech Pvt Ltd,CEO,Manufacturing,Mumbai,India,,Ayesha Khan,2025-07-15,2025-12-25,2026-06-22
C10129,Ananya,Das,ananya.das@peacocklabsindustr.in,+91 8146774186,Peacock Labs Industries,Head of Sales,N/A,Bombay,India,LinkedIn,Farhan Shaikh,2025-10-27,2026-09-21,2025-11-14
C10752,Oliver,Singh,oliver.singh@tridentanalyticspv.in,+91 9167045023,Trident Analytics Pvt Ltd,Head of Sales,Hospitality,Mumbai,India,Referral,Ayesha Khan,2025-05-09,2026-01-09,
C10481,Hannah,Brown,hannah.brown@orbitretailindustr.in,+91 8066337050,Orbit Retail Industries,,Manufacturing,Bengaluru,India,LinkedIn,Neha Joshi,2025-05-08,2026-03-22,2026-07-13
C10171,Suresh,Menon,suresh.menon@bluelotusfoodsgrou.in,+91 9580043973,Blue Lotus Foods Group,Procurement Lead,Healthcare,Hyderabad,India,Cold Outreach,Vikram Rao,2026-03-18,2026-03-18,2026-03-18
C10570,Shreya,Green,shreya.green@meridiananalyticsl.in,+91 7789046337,Meridian Analytics Ltd,Business Analyst,Healthcare,Pune,India,LinkedIn,Vikram Rao,2025-04-17,2026-07-03,2026-07-28
C10260,Nisha,Clarke,nisha.clarke@monsoontechsolutio.in,+91 9086803476,Monsoon Tech Solutions,Operations Manager,Real Estate,Bengaluru,India,Cold Outreach,Sneha Iyer,2026-03-28,2026-06-06,2026-06-26
C11176,Diya,Menon,diya.menon@pinnacletextileslt.in,+91 98XXXXXX12,Pinnacle Textiles Ltd,Head of Sales,Information Technology,Mumbai,India,LinkedIn,Arjun Mehta,2025-08-28,2026-04-04,2026-09-17
C10714,Yash,Khanna,yash.khannakestreltechllp.in,+91 9929596604,Kestrel Tech LLP,Business Analyst,Manufacturing,Mumbai,India,NA,Vikram Rao,2025-12-05,2026-01-04,
C11089,Ethan,Saxena,ethan.saxena@kestrellogisticspv.in,+91 8746259160,Kestrel Logistics Pvt Ltd,,RealEstate,Pune,India,Website,Sneha Iyer,2026-08-04,2026-08-04,2026-09-08
C10874,Ethan,Mishra,ethan.mishra@meridianfoodsindus.in,+91 8603567932,Meridian Foods Industries,Finance Manager,Retail,Chennai,India,Referral,Farhan Shaikh,2026-02-22,2026-09-20,
C10332,Divya,Rao,divya.rao@orbittextilespvt.in,+91 8238055257,Orbit Textiles Pvt Ltd,-,Healthcare,Mumbai,India,Paid Ads,Sneha Iyer,2026-07-12,2026-07-12,2026-09-20
C10355,Diya,Menon,diya.menon@banyananalyticsllp.in,+91 8249911877,Banyan Analytics LLP,,Healthcare,Pune,India,LinkedIn,Neha Joshi,2026-06-13,2026-06-13,2026-06-13
C10138,Chloe,Wilson,chloe.wilson@tridenttechindustr.in,,Trident Tech Industries,Marketing Manager,null,Delhi,India,LinkedIn,Neha Joshi,2025-02-21,2026-09-09,2026-08-28
C10381,Payal,Hall,payal.hall@everesthealthgroup.in,+91 7048964652,Everest Health Group,Business Analyst,Healthcare,Chennai,India,Website,Ayesha Khan,2026-09-09,2026-09-28,2026-09-09
C10292,Divya,Smith,divya.smith@coralventuresgroup.in,+91 7971284781,Coral Ventures Group,Business Analyst,Education,Mumbai ,India,Cold Outreach,Rohit Kulkarni,2025-07-29,2026-10-01,2026-09-04
C11151,Shreya,Chopra,shreya.chopra@novatechllp.in,+91 7135302816,Nova Tech LLP,Procurement Lead,NA,Poona,India,Cold Outreach,Farhan Shaikh,2025-06-08,2026-06-01,2026-06-21
C10712,Manish,Hall,manish.hall@apexlearninggroup.in,+91 8780555572,Apex Learning Group,Finance Manager,Real Estate,Mumbai,IND,Cold Outreach,Neha Joshi,2025-10-13,2026-06-20,
C10141,Payal,Sharma,payal.sharma@pinnaclehealthpvt.in,+91 9446657437,Pinnacle Health Pvt Ltd,Operations Manager,Manufacturing,Pune,India,Events,,2025-07-19,2026-02-10,
C10820,Vikram,Pillai,vikram.pillai@bluelotusanalytics.in,+91 8652548374,Blue Lotus Analytics Ltd,Operations Manager,Education,Pune,India,Website,Neha Joshi,2025-06-16,2025-06-16,2026-07-17
C10613,Sahil,Wright,sahil.wright@indusanalyticsgrou.in,+91 9038287232,Indus Analytics Group,Operations Manager,Manufacturing,Mumbai,India,Referral,Priya Nair,2025-12-15,2026-04-29,2026-06-21
C10543,Shreya,Pillai,shreya.pillai@kestrelpharmallp.in,+91 9102252677,Kestrel Pharma LLP,CEO,Healthcare,bengaluru,India,Web,Farhan Shaikh,2025-08-01,2026-01-15,2026-07-13
C10139,Deepak,Reddy,deepak.reddy@kestrelhealthpvt.in,+91 7579727985,Kestrel Health Pvt Ltd,Procurement Lead,Hospitality,Mumbai,India,Website,Sneha Iyer,2025-08-14,2026-03-10,2026-05-11
C11157,Payal,Desai,payal.desai@cedarfinservltd.in,+91 9650496273,Cedar Finserv Ltd,Head of Sales,,Delhi,IND,Cold Outreach,Farhan Shaikh,2025-12-31,2025-12-31,2026-07-19
C11024,Ananya,Rao,ananya.rao@granitehealthindus.in,+91 9660598678,Granite Health Industries,Finance Manager,Healthcare,chennai,India,,Ayesha Khan,2025-12-12,2025-12-12,2026-10-01
C10224,Oliver,Clarke,oliver.clarke@peacocktextilespvt.in,+91 8312241797,Peacock Textiles Pvt Ltd,Operations Manager,unknown,Mumbai,India,Events,null,2025-11-12,2026-09-10,2026-09-21
C10590,Aditi,Sharma,aditi.sharma@peacockanalyticsll.in,N/A,Peacock Analytics LLP,CTO,,Delhi,India,LinkedIn,Ayesha Khan,2025-07-22,2025-09-18,2025-11-27
C10274,Rohan,Gupta,rohan.gupta@everesthealthgroup.in,null,Everest Health Group,CEO,Healthcare,Chennai,India,Cold Outreach,Sneha Iyer,2025-10-21,2025-10-21,
C10323,Priya,Rao,priya.rao@cedaranalyticsltd.in,+91 7107427990,Cedar Analytics Ltd,Finance Manager,Hospitality,Bengaluru,India,LinkedIn,Ayesha Khan,2026-07-15,2026-07-15,2026-09-17
C10415,Ananya,Gupta,ananya.gupta@banyanfoodssolutio.in,+91 8728813770,Banyan Foods Solutions,Head of Sales,,mumbai,India,Paid Ads,Arjun Mehta,2026-07-15,2026-09-09,2026-09-10
C10325,Ritika,Bhatia,ritika.bhatia@saffronlogisticsin.in,+91 7850165790,Saffron Logistics Industries,Procurement Lead,Manufacturing,Bengaluru,India,,Rohit Kulkarni,2026-01-24,2026-01-24,2026-09-29
C10986,Emma,Pillai,emma.pillai@everestretailpvt.in,+91 9090859914,Everest Retail Pvt Ltd,Operations Manager,Info Tech,Kolkata,India,Referral,Priya Nair,2025-02-22,2026-07-12,2026-07-27
C10494,Isha,Reddy,isha.reddy@peacockpharmallp.in,+91 7569040983,Peacock Pharma LLP,CTO,Retail,Pune,India,Paid Ads,Arjun Mehta,2025-08-04,2026-03-14,2026-05-11
C10695,Yash,Green,yash.green@novalabsltd.in,+91 9667345957,Nova Labs Ltd,CTO,Financial Services,Kolkata,India,,Vikram Rao,2025-05-07,2026-01-13,2026-05-28
C10813,Karan,Agarwal,,+91 8323415959,Nova Tech Solutions,Finance Manager,Retail,Hyderabad,India,Referral,Ayesha Khan,2026-02-18,2026-02-18,2026-08-18
C11225,Liam,Pgtel,liam.patel@peacocklabsindustr.in,+91 9810409157,Peacock Labs Industries,Founder,Education,Mumbai,India,Website,Sneha Iyer,2026-08-29,2026-08-29,2026-06-21
C11251,Rohan,Clurke,rohan.clarke@meridianventuresin.in,+91 9135992855,Meridian Ventures Industries,,Information Technology,Banglore,India,Paid Ads,Arjun Mehta,2025-11-25,2026-05-13,
C10845,Rohan,Patel,rohan.patel@peacockpharmasolut.in,,Peacock Pharma Solutions,Business Analyst,Information Technology,Kolkata,India,Cold Outreach,Ayesha Khan,2025-05-28,2025-05-28,
C11185,Meera,Mehta,meera.mehta@kestrelfoodsgroup.in,+91 9369678976,Kestrel Foods Group,Founder,Hospitality,bengaluru,India,Referral,Neha Joshi,2026-05-21,2026-05-21,2026-08-29
C10808,Kunal,Pandey,kunal.pandey@sahyadrihealthgrou.in,+91 9362536667,Sahyadri Health Group,Finance Manager,BFSI,Delhi,India,LinkedIn,Farhan Shaikh,2026-02-18,2026-05-05,2026-02-18
C10916,Arjun,Wright,arjun.wright@quantumlearningpvt.in,+91 7172214559,Quantum Learning Pvt Ltd,unknown,Manufacturing,Mumbai,India,Events,Farhan Shaikh,2025-02-08,2026-03-20,2026-07-02
C10464,Yash,Joshi,yash.joshi@monsoontextilesind.in,+91 9070176563,Monsoon Textiles Industries,,Real Estate,Banglore,india,Website,Sneha Iyer,2025-05-10,2026-07-19,
C10939,Nisha,Das,nisha.das@saffronrealtygroup.in,+91 8969443916,Saffron Realty Group,Operations Manager,Financial Services,Bengaluru,India,Referral,Neha Joshi,2024-11-21,2026-06-07,
C10700,Shreya,Wright,shreya.wright@vertexlogisticssol.in,+91 9235558099,Vertex Logistics Solutions,CTO,Hospitality,Delhi,India,Paid Ads,Vikram Rao,2025-03-05,2026-08-07,
C10976,Karan,Green,karan.green@granitelabsgroup.in,+91 8561786880,Granite Labs Group,Founder,Education,Pune,India,Paid Ads,Vikram Rao,2026-06-17,2026-06-22,2026-06-17
C10490,Shreya,Thakur,shreya.thakur@indushospitalityll.in,+91 7567164932,Indus Hospitality LLP,Business Analyst,Manufacturing,Pune,India,Cold Outreach,Priya Nair,2026-06-07,2026-06-07,2026-07-10
C10589,Oliver,Reddy,oliver.reddy@sahyadrirealtysolu.in,+91 9103002156,Sahyadri Realty Solutions,Marketing Manager,Education,Delhi,India,Website,Vikram Rao,2026-08-05,2026-08-05,2026-08-05
C10793,Amit,Rao,amit.rao@coralpharmapvt.in,+91 7466661707,Coral Pharma Pvt Ltd,CEO,Education,Bengaluru,India,LinkedIn,Neha Joshi,2025-11-01,2026-01-17,2026-09-21
C10321,Komal,Smith,komal.smith@pinnaclefoodsgroup.in,+91 8063356939,Pinnacle Foods Group,Head of Sales,Information Technology,Chennai,India,Paid Ads,Priya Nair,2026-04-30,2026-04-30,2026-07-01
C10458,Karan,Joshi,karan.joshi@quantumhealthpvt.in,+91 9209702316,Quantum Health Pvt Ltd,Operations Manager,Manufacturing,Delhi,India,Website,Sneha Iyer,2026-03-11,2026-06-24,
C10770,Manish,Shah,manish.shah@auroraretailsoluti.in,+91 8448564510,Aurora Retail Solutions,CEO,Retail & E-commerce,Delhi,India,Events,Neha Joshi,2025-04-23,2026-08-27,2026-06-26
C10668,Rohan,Mehta,rohan.mehta@novaanalyticsllp.in,+91 9600892196,Nova Analytics LLP,Marketing Manager,Retail,Banglore,India,Cold Outreach,Sneha Iyer,2026-04-13,2026-09-14,2026-04-13
C11026,Sahil,Iyer,sahil.iyer@silverlinefoodsgro.in,+91 8502000245,Silverline Foods Group,Marketing Manager,Retail,Mumbai,india,Referral,Vikram Rao,2025-02-15,2026-08-14,2026-08-08
C10573,Ritika,Thakur,ritika.thakur@saffronrealtygroup.in,+91 9626265826,Saffron Realty Group,Marketing Manager,Financial Services,Bengaluru,India,Website,Ayesha Khan,2026-07-05,2026-09-13,2026-09-21
C10039,Sanjay,Gupta,sanjay.gupta@banyananalyticsltd.in,+91 8157473384,Banyan Analytics Ltd,Business Analyst,Hospitality,Ahmedabad,India,Events,Ayesha Khan,2025-02-19,2025-09-13,
C10030,Tanvi,Khanna,tanvi.khanna@zenithhealthpvt.in,+91 7950047974,Zenith Health Pvt Ltd,Business Analyst,Hospitality,Ahmedabad,India,,Rohit Kulkarni,2025-06-27,2026-05-30,2026-04-04
C10242,Karan,Walker,karan.walker@vertexlearningltd.in,+91 7157279194,Vertex Learning Ltd,Founder,Education,Hyderabad,India,,Farhan Shaikh,2026-02-08,2026-08-17,2026-08-23
C11169,Daniel,Wilson,daniel.wilson@pinnacleanalyticsp.in,+91 8237772966,Pinnacle Analytics Pvt Ltd,Procurement Lead,Real Estate,Mumbai,India,LinkedIn,Vikram Rao,2024-11-02,2026-09-05,2026-07-29
C11046,Suresh,Bhatia,suresh.bhatia@pinnaclelabsgroup.in,,Pinnacle Labs Group,CEO,Financial Services,Kolkata,India,LinkedIn,Farhan Shaikh,2024-11-18,2026-09-26,
C10136,Arjun,Smith,arjun.smith@zenithrealtysoluti.in,+91 8054447132,Zenith Realty Solutions,Operations Manager,Education,BLR,India,paid ads,Neha Joshi,2026-04-25,2026-05-12,2026-06-15
C10310,Shreya,Verma,shreya.verma@sahyadritechllp.in,+91 9032020417,Sahyadri Tech LLP,Director,Manufacturing,Delhi,India,Website,Rohit Kulkarni,2025-09-06,2025-11-25,2026-07-31
C11103,Yash,Joshi,yash.joshi@peacockpharmallp.in,+91 7912187062,Peacock Pharma LLP,Director,Retail,Pune,India,Website,Ayesha Khan,2027-08-17,2025-12-07,2026-07-01
C11178,Varun,Kapoor,varun.kapoor@sahyadriventuresll.in,+91 7222801944,Sahyadri Ventures LLP,Head of Sales,N/A,Chennai,India,LinkedIn,Ayesha Khan,2025-01-09,2025-08-12,2026-07-24
C10914,Riya,Rao,riya.rao@pinnacleretailltd.in,+91 9428179340,Pinnacle Retail Ltd,CTO,,Mumbai ,India,Cold Outreach,Ayesha Khan,2026-04-11,2026-09-07,
C11167,Aditi,Reddy,aditi.reddy@vertexfinservgroup.in,+91 9522115871,Vertex Finserv Group,Business Analyst,Manufacturing,Mumbai,India,LinkedIn,Ayesha Khan,2024-11-17,2026-09-12,2026-07-25
C11310,Aditi,Mishra,aditi.mishra@orbittextilespvt.in,074257-54090,Orbit Textiles Pvt Ltd,Founder,Healthcare,Mumbai,India,Events,Vikram Rao,2026-04-13,2026-08-28,2026-09-22
C10528,Komal,Menon,komal.menon@orbitfoodspvt.in,+91 7291093371,Orbit Foods Pvt Ltd,,N/A,Mumbai,India,Paid Ads,,2025-04-05,2026-07-27,
C10003,Karan,Wright,karan.wright@granitelearningpvt.in,+91 8462914865,Granite Learning Pvt Ltd,Head of Sales,,Mumbai,India,Events,Rohit Kulkarni,2026-09-04,2026-09-16,2026-09-04
C10111,Kunal,Agarwal,kunal.agarwal@banyanrealtygroup.in,+91 9537474112,Banyan Realty Group,Operations Manager,Financial Services,Banglore,IN,Cold Outreach,Priya Nair,2025-08-20,2025-08-20,2026-08-26
C10731,Nikhil,Wilson,nikhil.wilson@meridianventuresin.in,+91 7339977180,Meridian Ventures Industries,Procurement Lead,Information Technology,Bengaluru,India,cold outreach,Rohit Kulkarni,2026-05-15,2026-08-11,
C11140,Emma,Walker,emma.walker@apexfinservindustr.in,-,Apex Finserv Industries,,,Pune,India,Referral,Farhan Shaikh,2025-11-06,2026-01-25,2026-01-24
C10832,Nisha,Brown,nisha.brown@pinnaclerealtygrou.in,+91 8704254969,Pinnacle Realty Group,CEO,Healthcare,Delhi,India,Referral,Sneha Iyer,2026-01-19,2026-01-19,2026-07-16
C11000,Sanjay,Joshi,sanjay.joshi@aurorafinservllp.in,+91 8178170321,Aurora Finserv LLP,CEO,Education,Delhi,India,-,Priya Nair,2026-02-14,2026-02-14,
C10622,Grace,Mehta,grace.mehta@coralventuresgroup.in,+91 8902517629,Coral Ventures Group,Business Analyst,Education,Mumbai,India,Website,Sneha Iyer,2025-01-17,2026-03-30,2026-09-27
C10905,Divya,Desai,divya.desai@coraltextilespvt.in,+91 7689430120,Coral Textiles Pvt Ltd,Operations Manager,Hotels,mumbai,India,Events,Rohit Kulkarni,2026-08-19,2026-08-19,2026-08-26
C10376,Isha,Iyer,isha.iyer@coralpharmapvt.in,+91 7669300893,Coral Pharma Pvt Ltd,CEO,Education,Bengaluru,India,Paid Ads,Vikram Rao,2026-06-01,2026-06-01,2026-06-01
C10591,Komal,Khanna,komal.khanna@@everesttechgroup.in,+91 8296718839,Everest Tech Group,Finance Manager,Retail,ahmedabad,India,Events,Sneha Iyer,2025-09-14,2026-01-20,
C10513,Diya,Saxena,diya.saxena@coralanalyticsgrou.in,+91 8844683414,Coral Analytics Group,CTO,,Ahmedabad,India,,Rohit Kulkarni,2026-05-28,2026-06-12,2026-08-12
C10314,Yash,Pandey,yash.pandey@pinnaclemotorspvt.in,+91 7909279145,Pinnacle Motors Pvt Ltd,CTO,Financial Services,Bengaluru,India,,Vikram Rao,2026-07-07,2026-07-07,
C10439,Ritika,Nair,ritika.nair@banyantextilesltd.in,+91 9078593110,Banyan Textiles Ltd,Director,Hospitality,Mumbai,India,Events,Vikram Rao,2025-02-20,2026-07-10,
C10442,Sanjay,Desai,sanjay.desai@banyanfoodspvt.in,+91 9315377959,Banyan Foods Pvt Ltd,Director,Hospitality,Hyderabad,India,,Sneha Iyer,2026-07-24,2026-07-24,2026-08-10
C11212,Kunal,Singh,kunal.singh@meridiananalyticsi.in,+91 8403910651,Meridian Analytics,Business Analyst,,Bengaluru,India,Paid Ads,Rohit Kulkarni,2025-01-22,2026-08-25,2026-08-25
C10319,Ritika,Khanna,ritika.khanna@pinnaclefoodsgroup.in,+91 8273543520,Pinnacle Foods Group,Director,-,Chennai,India,,Ayesha Khan,2026-06-26,2026-09-13,
C10634,Tanvi,Nair,tanvi.nair@kestreltextilesltd.in,+91 8974132834,Kestrel Textiles Ltd,Business Analyst,Hospitality,Mumbai ,India,Web,Arjun Mehta,2025-06-02,2025-06-02,
C10894,Ethan,Pillai,ethan.pillai@orbitfoodsgroup.in,+91 7823052480,Orbit Foods Group,Business Analyst,Hospitality,Mumbai,India,referral,Priya Nair,2025-01-06,2026-07-15,2026-03-28
C10005,Chloe,Clarke,chloe.clarke@silverlinelogistic.in,+91 9059296222,Silverline Logistics Pvt Ltd,Director,null,mumbai,India, ,Ayesha Khan,2025-07-13,2025-10-20,2026-08-16
C10100,Deepak,Taylor,deepak.taylor@meridianfoodsindus.in,+91 9866618892,Meridian Foods Industries,Operations Manager,,Chennai,India,Website,Rohit Kulkarni,2025-12-16,2026-01-14,
C10424,Pooja,Shah,pooja.shah@novalogisticsindus.in,+91 9617063048,Nova Logistics Industries,Director,Hotels,Bengaluru,India,Events,Vikram Rao,2024-11-20,2026-07-09,
C11139,Rohan,Brown,rohan.brown@kestrelpharmapvt.in,+91 8542624178,Kestrel Pharma Pvt Ltd,Operations Manager,Healthcare,Delhi,India,Website,Priya Nair,2026-07-23,2026-07-23,
C10618,Sanjay,Rao,sanjay.rao@sahyadrihealthgrou.in,+91 9740258835,Sahyadri Health Group,,Financial Services,Delhi,India,LinkedIn,Rohit Kulkarni,2025-04-01,2026-07-31,2026-06-16
C10596,Deepak,Taylor,deepak.taylor@lumenfinservpvt.in,+91 8074510663,Lumen Finserv Pvt Ltd,Operations Manager,Retail,Mumbai,India,Website,Ayesha Khan,2025-11-02,2026-06-02,2026-03-06
C10932,Ritika,Patel,,+91 9534864010,Coral Health Industries,Operations Manager,I.T.,Bengaluru,India,Events,Ayesha Khan,2026-09-12,2026-09-12,2026-09-12
C10423,Rahul,Agarwal,rahul.agarwal@harborventuresgrou.in,+91 8461033993,Harbor Ventures Group,Finance Manager,Hospitality,Mumbai,India,Referral,Farhan Shaikh,2025-07-14,2025-12-30,
C10988,Nisha,Das,nisha.das@auroraventuresindu.in,+91 8969325914,Aurora Ventures Industries,-,Hospitality,Mumbai,India,Cold Outreach,Sneha Iyer,2025-06-20,2025-11-20,
C10672,Kavya,Iyer,kavya.iyer@peacockpharmallp.in,,Peacock Pharma LLP,Procurement Lead,Retail,Pune,India,Cold Outreach,Priya Nair,2025-05-10,2026-07-21,
C11161,Daniel,Bose,daniel.bose@meridianpharmapvt.in,unknown,Meridian Pharma Pvt Ltd,CTO,Manufacturing,Hyderbad,Bharat,Paid Ads,Sneha Iyer,2026-09-17,2026-09-17,
C11079,Rohan,Smith,rohan.smith@granitehealthindus.in,,Granite Health Industries,Business Analyst,-,Madras,India,Referral,Priya Nair,2025-11-18,2025-11-18,2026-03-19
C11114,Rohan,Khanna,rohan.khanna@sahyadritechpvt.in,+91 9517774127,Sahyadri Tech Pvt Ltd,Operations Manager,Retail,NCR Delhi,India,LinkedIn,Ayesha Khan,2025-05-01,2026-09-09,2026-09-02
C10227,Neha,Menon, ,+91 7367303718,Saffron Realty Group,Marketing Manager,Financial Services,Bengaluru,India,Referral,Sneha Iyer,2025-11-13,2026-06-01,2026-05-02
C11265,Varun,Bose,VARUN.BOSE@KESTRELTEXTILESLTD.IN,+91 8840027300,Kestrel Textiles Ltd,Business Analyst,Hospitality,Mumbai,India,LinkedIn,Farhan Shaikh,2025-12-23,2026-08-16,2026-06-11
C10638,Aditi,Khanna,aditi.khanna@monsoonlabssolutio.in,,Monsoon Labs Solutions,Operations Manager,,Pune,India,Cold Outreach,Sneha Iyer,2026-03-03,2026-03-03,2026-09-17
C10850,Ritika,Nair,ritika.nair@granitelabsgroup.in,+91 7900404769,Granite Labs Group,Head of Sales,Education,Pune,India,Website,Arjun Mehta,2025-08-19,2026-07-25,2026-09-22
C11298,Divya,Smith,DIVYA.SMITH@CORALVENTURESGROUP.IN,null,Coral Ventures Group,Business Analyst,Education,Mumbai,India,Cold Outreach,Rohit Kulkarni,2025-12-05,2026-10-01,2026-09-04
C10066,Aditi,Walker,aditi.walker@meridiantechgroup.in,+91 7503926142,Meridian Tech Group,Director,Retail,Hyderabad,India,Website,Farhan Shaikh,2026-06-09,2026-09-26,2026-06-09
C11080,Kunal,Hughes,kunal.hughes@granitehealthindus.in,+91 8174681359,Granite Health Industries,Head of Sales,Healthcare,Chennai,India,Paid Ads,Farhan Shaikh,2025-07-27,2026-05-28,
C10067,Vikram,Menon,vikram.menon@auroraretailllp.in,+91 7185016315,Aurora Retail LLP,N/A,NA,Pune,India,Cold Outreach,Farhan Shaikh,2025-08-29,2025-08-29,2026-07-24
C10781,Amit,Clarke,amit.clarke@pinnaclerealtygrou.in,+91 9253892187,Pinnacle Realty Group,Business Analyst,,Delhi,India,LinkedIn,Vikram Rao,2026-01-28,2026-02-15,2026-03-16
C10211,Suresh,Wright,suresh.wright@orbitfoodspvt.in,+91 8942843479,Orbit Foods Pvt Ltd,Procurement Lead,Information Technology,Mumbai,India,LinkedIn,Neha Joshi,2025-12-03,2026-02-14,
C10012,Riya,Mishra,riya.mishrakestrelfinservsolu.in,+91 8396218518,Kestrel Finserv Solutions,Business Analyst,Financial Services,Chennai,India,Referral,,2025-10-09,2026-08-27,
C10617,Daniel,Nair,,+91 8204719609,Monsoon Motors Solutions,Operations Manager,Hospitality,Delhi,India,Inbound - Website,Neha Joshi,2025-07-13,2026-08-09,2026-06-06
C10783,Swati,Saxena,swati.saxena@novalabsltd.in,N/A,Nova Labs Ltd,Founder,Financial Services,Kolkata,India,TBD,Neha Joshi,2025-11-23,2026-07-25,2026-05-19
C10299,Aditi,Chopra,aditi.chopra@auroratextilespvt.in,+91 8945441496,Aurora Textiles Pvt Ltd,Finance Manager,Manufacturing,Mumbai,India,Cold Outreach,Vikram Rao,2026-06-11,2026-06-11,2026-08-23
C10560,Daniel,Hughes,daniel.hughes@monsoontechsolutio.in,+91 7462961367,Monsoon Tech Solutions,,Real Estate,Bengaluru,India,LinkedIn,Neha Joshi,2026-04-17,2026-06-17,
C10755,Grace,Gupta,grace.gupta@meridianpharmapvt.in,+91 7869822105,Meridian Pharma Pvt Ltd,Marketing Manager,Manufacturing,hyderabad,India,Website,Rohit Kulkarni,2026-06-07,2026-09-16,2026-06-07
C10922,Manish,Khanna,manish.khanna@cedarpharmallp.in,+91 9935937440,Cedar Pharma LLP,,Education,Hyderabad,IN,Events,Sneha Iyer,2025-05-04,2026-06-14,2026-08-25
C11186,Rohan,Joshi,rohan.joshi@pinnaclefoodsgroup.in,+91 8319227607,Pinnacle Foods Group,Procurement Lead,Information Technology,Chennai,India,Events,Neha Joshi,2025-12-08,2026-07-02,2026-09-28
C10809,Rajesh,Bhatia,rajesh.bhatia@banyanlabspvt.in,+91 8283333939,Banyan Labs Pvt Ltd,Procurement Lead,,Hyderabad,India,Paid Ads,Farhan Shaikh,2025-06-15,2026-08-03,
C11041,Isha,Verma,isha.verma@cedarrealtygroup.in,+91 8361995171,Cedar Realty Group,Procurement Lead,Hospitality,Mumbai,India,Cold Outreach,Ayesha Khan,2026-07-12,2026-07-12,
C10722,Oliver,Clarke,oliver.clarke@indushospitalityll.in,+91 8704605687,Indus Hospitality LLP,CTO,Manufacturing,Pune,India,Cold Outreach,Rohit Kulkarni,2026-01-07,2026-08-01,2026-01-07
C11252,I.,Verma,isha.verma@kestrelfoodsgroup.in,+91 8778660324,Kestrel Foods Group,Head of Sales,Hotels,Bengaluru,India,website,Sneha Iyer,2025-11-09,2026-09-24,
C10624,Chloe,Pandey,chloe.pandey@harborhospitalityl.in,+91 7528733978,Harbor Hospitality LLP,Procurement Lead,Real Estate,Ahmedabad,India,linkedin,Ayesha Khan,2026-08-25,2026-08-25,2026-08-25
C11187,Manish,Chopra,manish.chopra@zenithretailsoluti.in,+91 9394319165,Zenith Retail Solutions,Operations Manager,Retail,Delhi,IND,Website,Arjun Mehta,2026-08-04,2026-08-04,
C11155,Manish,Brown,manish.brown@zenithmotorspvt.in,call reception,Zenith Motors Pvt Ltd,Marketing Manager,,Pune,India,Events,Ayesha Khan,2025-04-30,2026-09-24,
C11121,Grace,Patel,grace.patel@saffronlogisticsin.in,+91 7709230071,Saffron Logistics Industries,CTO,,Bengaluru,India,Referral,Priya Nair,2026-05-07,2026-05-10,2026-08-11
C11202,Priya,Gupca,priya.gupta@pinnacletextileslt.in,+91 8914630316,Pinnacle Textiles Ltd,CEO,Information Technology,Mumbai,Bharat,LinkedIn,Priya Nair,2026-06-04,2026-07-06,2026-09-03
C11233,Ritika,Josei,ritika.joshi@auroralabssolution.in,98765,Aurora Labs Solutions,Business Analyst,Education,Mumbai,India,Referral,Neha Joshi,2026-10-01,2026-10-01,2026-08-23
C11259,DANIEL,joshi,daniel.joshi@everestlogisticsll.in,+91 9694215291,Everest Logistics LLP,Founder,,NCR Delhi,India,Events,Farhan Shaikh,2025-09-16,2026-01-12,
C11128,Rajesh,Saxena,rajesh.saxena@zenithhealthpvt.in,+91 8156239209,Zenith Health Pvt Ltd,-,Hospitality,Ahmedabad,India,Referral,Arjun Mehta,2026-06-06,2026-06-06,2026-07-04
C11143,Ananya,Thakur,ananya.thakur@monsoonlearningind.in,+91 7620275582,Monsoon Learning Industries,CEO,Education,Pune,India,LinkedIn,Neha Joshi,2026-08-23,2026-08-23,
C10273,James,Khanna,james.khanna@coralfinservltd.in,+91 9576084958,Coral Finserv Ltd,Business Analyst,Real Estate,Mumbai,IND,Website,Arjun Mehta,2026-01-02,2026-05-13,2026-06-01
C10838,Suresh,Mishra,suresh.mishra@kestrelrealtysolut.in,+91 7443240061,Kestrel Realty Solutions,,Information Technology,Pune,India,,Ayesha Khan,2026-08-13,2026-08-13,2026-09-04
C10723,Neha,Wright,,+91 7256523734,Nova Retail Group,CEO,Real Estate,Hyderabad,India,LinkedIn,Rohit Kulkarni,2026-08-09,2026-09-09,2026-08-09
C10362,Ritika,Singh,ritika.singh@lumenpharmagroup.in,+91 8371834404,Lumen Pharma Group,Director,Manufacture,Mumbai,India,linkedin,Vikram Rao,2026-01-28,2026-01-28,2026-01-28
C10237,Liam,Malhotra,liam.malhotra@harborhealthpvt.in,+91 7383928861,Harbor Health Pvt Ltd,Director,hospitality,Hyderabad,India,LinkedIn,Neha Joshi,2024-11-10,2026-05-18,2026-08-13
C11210,V.,Pillai,vikram.pillai@,+91 8652548374,Blue Lotus Analytics Ltd,Operations Manager,Education,Pune,India,Website,Neha Joshi,2025-09-06,2025-09-06,2026-07-17
C10558,Karan,Mehta,karan.mehta@kestrelpharmagroup.in,,Kestrel Pharma Group,Procurement Lead,Manufacturing,Pune,India,Cold Outreach,Farhan Shaikh,2026-06-05,2026-10-01,
C10002,Rajesh,Das,rajesh.das@novaventuressoluti.in,+91 8905151864,Nova Ventures Solutions,Operations Manager,Education,Banglore,India,Events,Ayesha Khan,2025-10-29,2025-12-24,2025-10-29
C10006,Aditya,Pandey,,+91 9379473834,Nova Tech LLP,Finance Manager,Education,Pune,India,Paid Ads,,2025-11-11,2026-09-01,2026-09-21
C10370,Harsh,Kapoor,harsh.kapoor@pinnaclerealtygrou.in,+91 7347649078,Pinnacle Realty Group,Procurement Lead,Healthcare,Delhi,India,Events,Rohit Kulkarni,2025-08-13,2026-07-08,
C10311,Sahil,Brown,sahil.brown@cedarhealthsolutio.in,+91 9313656519,Cedar Health Solutions,,Information Technology,Mumbai,India,,,2025-08-17,2025-12-19,2026-05-15
C11284,Varun,Pillam,varun.pillai@vertexfinservgroup.in,,Vertex Finserv Group,Operations Manager,Manufacturing,Mumbai,India,Referral,Arjun Mehta,2025-10-23,2026-04-10,
C11302,Rohan,Mishra,rohan.mishra@bluelotusventuresl.in,077582-31334,Blue Lotus Ventures LLP,Business Analyst,Healthcare,Bengaluru,IN,LinkedIn,Neha Joshi,2026-09-26,2026-09-26,2026-04-26
C10215,Vivaan,Pandey,vivaan.pandey@zenithfoodsltd.in,NA,Zenith Foods Ltd,NA,Healthcare,Bengaluru,India,Referral,Neha Joshi,2025-01-21,2026-09-26,
C10536,Yash,Malhotra,yash.malhotra@coralfinservltd.in,+91 8527172722,Coral Finserv Ltd,Marketing Manager,-,Mumbai,India,Referral,Ayesha Khan,2027-04-25,2026-04-20,2026-04-10
C10027,Kunal,Mehta,kunal.mehta@granitetextilespvt.in,+91 7767735925,Granite Textiles Pvt Ltd,Procurement Lead,Hospitality,Chennai,India,Events,Arjun Mehta,2026-02-04,2026-02-04,2026-02-04
C10910,Manish,Smith,manish.smith@tridentventuresltd.in,+91 8514377693,Trident Ventures Ltd, ,Information Technology,Hyderabad,India,linkedin,Vikram Rao,2025-05-04,2026-08-07,2026-05-11
C10529,Liam,Smith,,+91 7820236848,Saffron Tech Industries,Procurement Lead,unknown,Bengaluru,India,Cold Outreach,Neha Joshi,2024-10-31,2025-10-17,2026-09-16
C11168,Rajesh,Chatterjee,rajesh.chatterjee@orbitfoodspvt.in,+91 7687447017,Orbit Foods Pvt Ltd,Marketing Manager,,Mumbai,India,Referral,Ayesha Khan,2025-07-01,2026-03-25,2026-08-17
C10650,Kunal,Sharma,kunal.sharma@kestrellogisticspv.in,+91 8487120602,Kestrel Logistics Pvt Ltd,,,Pune,India,Website,Farhan Shaikh,2026-03-14,2026-03-14,
C10665,Ritika,Bhatia,ritika.bhatia@silverlinefoodsgro.in,+91 9006155810,Silverline Foods Group,null,Retail,mumbai,India,Website,Vikram Rao,2026-04-15,2026-04-15,
C10256,Chloe,Desai,chloe.desai@lumenfinservpvt.in,+91 7099499939,Lumen Finserv Pvt Ltd,Marketing Manager,Retail,Mumbai,India,Website,Priya Nair,2025-05-04,2025-05-04,
C10025,James,Singh,james.singh@granitefoodsgroup.in,+91 7829922995,Granite Foods Group,Director,Financial Services,Bengaluru,India,Website,Priya Nair,2026-04-22,2026-07-21,2026-09-16
C10336,Payal,Hall,payal.hall@orbittextilespvt.in,+91 7562656504,Orbit Textiles Pvt Ltd,Procurement Lead,Healthcare,Mumbai,India,LinkedIn,Neha Joshi,2025-01-15,2026-05-14,2026-08-27
C10047,Sophie,Hall,sophie.hall@aurorafinservindus.in,+91 7878519108,Aurora Finserv Industries,-,-,Bengaluru,India,Website,Ayesha Khan,2026-08-30,2026-08-30,2026-08-30
C10106,Sneha,Wilson,sneha.wilson@bluelotusventuresl.in,+91 8174451870,Blue Lotus Ventures LLP,Procurement Lead,,Bengaluru,India,,Sneha Iyer,2026-01-31,2026-01-31,2026-07-16
C10978,Liam,Das,liam.das@meridianlabspvt.in,+91 9160936595,Meridian Labs Pvt Ltd,Head of Sales,Information Technology,Ahmedabad,India,Cold Outreach,Rohit Kulkarni,2024-12-05,2026-08-09,2026-05-16
C10055,Varun,Singh,varun.singh@monsoontextilesind.in,+91 9733427086,Monsoon Textiles Industries,CTO,Real Estate,Bengaluru,India,null,Ayesha Khan,2024-12-28,2026-09-17,2026-06-14
C10636,Pooja,Green,pooja.green@meridianfoodsindus.in,+91 7667033626,Meridian Foods Industries,Business Analyst,,Chennai,India,Inbound - Website,Sneha Iyer,2024-11-03,2026-08-01,2026-08-15
C10213,Harsh,Menon,,,Blue Lotus Textiles Industries,Procurement Lead,EdTech,Mumbai,India,Cold Outreach,Sneha Iyer,2025-02-10,2026-08-11,
C10120,Aditya,Iyer,aditya.iyer@cedarretailpvt.in,+91 9308705932,Cedar Retail Pvt Ltd,Procurement Lead,Manufacturing,Chennai,India,Events,Arjun Mehta,2025-03-14,2026-08-18,
C11166,Manish,Reddy,manish.reddy@industextilespvt.in,+91 8430796373,Indus Textiles Pvt Ltd,CEO,Education,Mumbai,India,Paid Ads,Priya Nair,2025-07-20,2026-05-01,
C10579,Nisha,Banerjee,nisha.banerjee@pinnaclelabspvt.in,+91 7908088235,Pinnacle Labs Pvt Ltd,CEO,Education,Hyderabad,India,Cold Outreach,Priya Nair,2025-12-03,2025-12-25,2026-08-21
C10072,Ananya,Mishra,ananya.mishra@meridianventuresin.in,N/A,Meridian Ventures Industries,Finance Manager,Information Technology,Bengaluru,IND,Inbound - Website,Sneha Iyer,2025-12-29,2026-03-19,
C10615,Arjun,Reddy,arjun.reddy@tridentfoodsllp.in,+91 8238497916,Trident Foods LLP,Head of Sales,Information Technology,Bengaluru,India,TBD,Ayesha Khan,2025-09-28,2026-06-14,
C10045,Meera,Wright,meera.wright@cedarlearningsolut.in,TBD,Cedar Learning Solutions,Business Analyst,Education,Mumbai,India,Paid Ads,Sneha Iyer,2026-08-25,2026-08-25,2026-08-25
C11008,Yash,Nair,yash.nair@auroraretailllp.in,+91 8921821925,Aurora Retail LLP,Director,,Pune,India,-,Neha Joshi,2026-08-09,2026-08-13,2026-08-09
C10523,Shreya,Iyer,shreya.iyer@coralpharmapvt.in,+91 7928234143,Coral Pharma Pvt Ltd,CTO,,Bengaluru,India,Website,Rohit Kulkarni,2025-06-09,2026-07-24,2026-01-16
C10682,Hannah,Smith,hannah.smith@monsoonmotorssolut.in,+91 9581932426,Monsoon Motors Solutions,Business Analyst,Hospitality,Delhi,India,LinkedIn,Sneha Iyer,2026-04-20,2026-04-20,2026-08-03
C10677,Amit,Pandey, ,+91 8104331875,Kestrel Pharma Pvt Ltd,CEO,Healthcare,Delhi,India,Web,Neha Joshi,2026-09-08,2026-09-08,
C10839,James,Menon,james.menon@harbortechgroup.in,+91 9751474397,Harbor Tech Group,,Information Technology,Chennai,IND,Website,Ayesha Khan,2025-10-11,2026-04-24,2026-04-25
C10533,Kavya,Das,kavya.das@lumenretailgroup.in,+91 7424033810,Lumen Retail Group,Procurement Lead,Retail,Chennai,India,Referral,Arjun Mehta,2026-05-21,2026-09-10,
C10465,Hannah,Rao,hannah.rao@novalogisticsindus.in,+91 9777118372,Nova Logistics Industries,Finance Manager,,Bengaluru,India,Cold Outreach,Ayesha Khan,2026-09-15,2026-09-15,
C11203,Ritika,Nair,RITIKA.NAIR@BANYANTEXTILESLTD.IN,+91 9078593110,Banyan Textiles Ltd,Director,hospitality,Mumbai,IND,Events,Vikram Rao,2025-07-21,2026-07-10,
C11316,DIVYA,gupta,divya.gupta@auroraretailllp.in,+91 9320679981,Aurora Retail LLP,Marketing Manager,Real Estate,Pune,India,LinkedIn,Farhan Shaikh,2026-10-01,2026-10-01,
C10869,Pooja,Mishra,pooja.mishra@meridianpharmapvt.in,+91 8111457683,Meridian Pharma Pvt Ltd,Head of Sales,Manufacturing,Hyderabad,IN,Website,Ayesha Khan,2024-12-01,2026-07-05,2026-09-29
C10060,Suresh,Walker,suresh.walkerquantumlearninggro.in,+91 8854777252,Quantum Learning Group,Head of Sales,Manufacturing,Mumbai,India,-,Neha Joshi,2025-09-04,2025-11-07,2026-09-20
C10092,Swati,Walker,swati.walker@meridianrealtyindu.in,+91 8500170127,Meridian Realty Industries,Finance Manager,Manufacturing,Hyderabad,India,Website,Farhan Shaikh,2025-05-23,2026-03-12,
C10551,Payal,Mehta,payal.mehta@meridiananalyticsi.in,+91 8756620563,Meridian Analytics Industries,Operations Manager,Information Technology,Bengaluru,India,Website,Rohit Kulkarni,2026-05-25,2026-08-25,2026-08-09
C10194,Priya,Saxena,priya.saxena@,+91 8723692929,Nova Analytics LLP,Business Analyst,Retail,Bengaluru,India,LinkedIn,,2026-08-30,2026-08-30,2026-08-30
C10280,Vikram,Clarke,vikram.clarke@pinnacleretailltd.in,+91 7070160166,Pinnacle Retail Ltd,Head of Sales,Financial Services,Mum,India,Events,Neha Joshi,2026-08-31,2026-08-31,2026-08-31
C10359,Sanjay,Wright,sanjay.wright@apexretailltd.in,,Apex Retail Ltd,Marketing Manager,Information Technology,Kolkata,India,Website,-,2025-12-19,2026-07-25,
C10519,Sahil,Brown,sahil.brown@saffronanalyticslt.in,+91 9437654562,Saffron Analytics Ltd,Business Analyst,Manufacturing,BLR,India,Cold Outreach,Rohit Kulkarni,2024-12-05,2026-06-22,
C10949,Vikram,Chopra,vikram.chopra@sahyadrifinservsol.in,+91 7857368011,Sahyadri Finserv Solutions,Director,retail,Delhi,India,Cold Outreach,Vikram Rao,2025-10-07,2025-10-07,2026-09-15
C10857,Sanjay,Khanna,sanjay.khanna@granitelearningpvt.in,+91 9205829582,Granite Learning Pvt Ltd,Director,Information Technology,Mum,India,Website,Vikram Rao,2024-12-14,2026-09-26,2026-03-30
C10182,Priya,Chopra,priya.chopra@cedarfinservltd.in,+91 9822239431,Cedar Finserv Ltd,Head of Sales,Hospitality,Delhi,India,Events,Priya Nair,2025-11-10,2026-07-08,
C10110,Riya,Banerjee,riya.banerjee@zenithrealtysoluti.in,+91 8557431329,Zenith Realty Solutions,CEO,Education,Bengaluru,India,,Ayesha Khan,2026-08-01,2026-08-01,2026-08-01
C10862,Suresh,Pillai,suresh.pillai@auroraretailltd.in,+91 8997990707,Aurora Retail Ltd,,Manufacturing,Mumbai,India,LinkedIn,Sneha Iyer,2025-12-14,2025-12-14,
C10721,Vikram,Joshi,vikram.joshi@coralrealtyindustr.in,+91 9100687616,Coral Realty Industries,Operations Manager,Retail,Pune,India,Cold Outreach, ,2025-08-04,2026-02-14,
C10204,Swati,Das,swati.das@cedarpharmasolutio.in, ,Cedar Pharma Solutions,Director,Manufacturing,Mumbai,India,Website,Ayesha Khan,2025-03-31,2026-05-23,2026-08-20
C11279,Ritika,Nair,ritika.nair@granitelabsgroup.in,079004-04769,Granite Labs Group,Head of Sales,Education,Pune,India,Website,Arjun Mehta,2025-09-29,2026-07-25,2026-09-22
C10987,Neha,Wright,neha.wright@indushealthsolutio.in,+91 8999699648,Indus Health Solutions,Director,Hospitality,Mumbai,India,Cold Outreach,Neha Joshi,2026-08-03,2026-08-03,2026-09-01
C10545,Manish,Hughes,manish.hughes@everestlearningsol.in,+91 9788361968,Everest Learning Solutions,Director,Information Technology,Mumbai,India,Cold Outreach,Vikram Rao,2026-06-26,2026-06-26,2026-08-25
C10962,Rahul,Saxena,rahul.saxena@peacockhospitality.in,+91 9509025561,Peacock Hospitality Group,Business Analyst,Financial Services,Bengaluru,India,Referral,Sneha Iyer,2025-04-04,2025-11-18,2025-08-08
C10704,Aditi,Pillai,aditi.pillai@coraltechpvt.in,,Coral Tech Pvt Ltd,Marketing Manager,Manufacturing,Mumbai,India,Referral,Neha Joshi,2025-07-10,2026-01-25,
C10670,Pooja,Smith,pooja.smith@peacockanalyticsgr.in,+91 9883607658,Peacock Analytics Group,CEO,financial services,Mumbai,India,null,Priya Nair,2025-12-11,2026-06-08,
C10594,Suresh,Saxena,suresh.saxena@novaventuressoluti.in,+91 9363146249,Nova Ventures Solutions,,,Bengaluru,India,Website,Rohit Kulkarni,2025-10-11,2026-07-16,2026-08-17
C10183,Kunal,Hughes,kunal.hughes@peacockpharmasolut.in,+91 9141397552,Peacock Pharma Solutions,Marketing Manager,Information Technology,Kolkata,India,Website,Rohit Kulkarni,2025-01-15,2025-12-22,
C10137,Pooja,Pandey,pooja.pandey@orbittechltd.in,+91 7373678508,Orbit Tech Ltd,Head of Sales,Education,Mumbai,India,N/A,Farhan Shaikh,2025-07-23,2026-08-16,2026-08-12
C10888,Varun,Mehta,varun.mehta@vertexmotorssoluti.in,+91 9626335564,Vertex Motors Solutions,Marketing Manager,,Kolkata,India, ,Vikram Rao,2026-03-04,2026-03-04,2026-03-04
C10080,Vikram,Nair,vikram.nair@novalabsltd.in, ,Nova Labs Ltd,,Financial Services,Kolkata,India,Cold Outreach,Ayesha Khan,2025-04-03,2026-03-12,2026-05-23
C11074,Aarav,Gupta,aarav.gupta@coralfoodsltd.in,+91 7622593648,Coral Foods Ltd,Business Analyst,Hospitality,Delhi,India,Website,Vikram Rao,2025-06-19,2026-08-19,2026-02-10
C10968,Nisha,Reddy,nisha.reddy@sahyadrimotorsindu.in,+91 9044287738,Sahyadri Motors Industries,Marketing Manager,Information Technology,Chennai,India,LI,Vikram Rao,2024-12-16,2026-08-13,2026-09-13
C10541,Oliver,Das,oliver.das@kestrelpharmagroup.in,,Kestrel Pharma Group,CEO,Manufacturing,Pune,India,Referral,Rohit Kulkarni,2024-12-29,2026-07-21,
C10583,Ananya,Patel,ananya.patel@banyanrealtygroup.in,,Banyan Realty Group,Head of Sales,Fin Services,Bengaluru,IN,,Farhan Shaikh,2025-12-08,2026-07-25,2026-09-07
C10480,Suresh,Brown,suresh.brown@cedartextilessolut.in,+91 9160169236,Cedar Textiles Solutions,Operations Manager,Education,Pune,India,Cold Outreach,Arjun Mehta,2026-06-24,2026-07-20,
C10165,Kunal,Desai,kunal.desai@pinnaclefoodsgroup.in,+91 7609177982,Pinnacle Foods Group,Finance Manager,Info Tech,Chennai,India,Website,Priya Nair,2025-08-15,2026-09-05,2026-06-10
C10248,Sophie,Pillai,sophie.pillai@coralmotorsgroup.in,+91 9110392405,Coral Motors Group,CEO,Education,Bengaluru,India,,Neha Joshi,2026-06-04,2026-08-08,
C10307,Kunal,Das,kunal.das@saffronlogisticsin.in,,Saffron Logistics Industries,CEO,Manufacturing,Bengaluru,India,Cold Outreach,Neha Joshi,2025-01-31,2026-08-22,2026-09-24
C10931,Manish,Sharma,manish.sharma@granitelearningsol.in,+91 8121988192,Granite Learning Solutions,Finance Manager,Financial Services,Chennai,India,Referral,Arjun Mehta,2025-10-13,2025-11-08,2026-06-21
C10588,Rahul,Pandey,rahul.pandey@sahyadripharmaindu.in,+91 8556185790,Sahyadri Pharma Industries,,Education,Bengaluru,India,LinkedIn,Neha Joshi,2026-05-07,2026-06-12,2026-08-27
C10334,Liam,Saxena,liam.saxena@vertexanalyticsltd.in,+91 7702814069,Vertex Analytics Ltd,Marketing Manager,Real Estate,Mumbai,India,,Rohit Kulkarni,2025-02-12,2026-09-09,
C10097,Komal,Menon,komal.menon@orbitlabsgroup.in,null,Orbit Labs Group,Director,Education,Mumbai,IN,LinkedIn,Priya Nair,2026-08-02,2026-08-02,2026-08-02
C10599,Riya,Sharma,riya.sharma@zenithanalyticsllp.in,+91 9974325122,Zenith Analytics LLP,Procurement Lead,-,Bengaluru,India,Cold Outreach,Ayesha Khan,2024-12-06,2026-05-26,
C10744,Rajesh,Verma,rajesh.verma@sahyadrifoodsindus.in,+91 7858749511,Sahyadri Foods Industries,,Financial Services,Hyderabad,India,,Rohit Kulkarni,2026-03-24,2026-03-24,2026-08-07
C10983,Suresh,Gupta,suresh.gupta@banyananalyticsllp.in,+91 7531234550,Banyan Analytics LLP,CTO,Healthcare,Pune,India,Referral,Ayesha Khan,2026-08-31,2026-08-31,2026-09-14
C10923,Neha,Sharma,neha.sharma@banyananalyticsltd.in,+91 7373606014,Banyan Analytics Ltd,Business Analyst,Hospitality,Ahmedabad,India,Cold Outreach,Farhan Shaikh,2026-08-03,2026-08-03,2026-08-09
C10993,Aarav,Hughes,aarav.hughes@pinnaclefoodsgroup.in,NA,Pinnacle Foods Group,Marketing Manager,Information Technology,Madras,India,Cold Outreach,Farhan Shaikh,2025-03-08,2026-09-04,2026-02-17
C11234,Ritika,Sgngh,ritika.singh@lumenpharmagroup.in,+91 8371834404,Lumen Pharma Group,Director,Manufacturing,Mumbai,India,LinkedIn,Vikram Rao,2026-05-01,2026-05-01,2026-01-28
C11308,M.,Reddy,manish.reddy@industextilespvt.in,+91 8430796373,Indus Textiles Pvt Ltd,CEO,Education,Mumbai,IND,Paid Ads,Priya Nair,2026-01-04,2026-05-01,
C11195,Kavya,Banerjee,kavya.banerjee@vertexretailindust.in,+91 8439464088,Vertex Retail Industries,Head of Sales,Retail,Bengaluru,India,Web,Priya Nair,2026-04-08,2026-04-08,
C10302,Emma,Walker,emma.walker@bluelotusanalytics.in,+91 7124471746,Blue Lotus Analytics Ltd,Procurement Lead,education,Pune,India,linkedin,Rohit Kulkarni,2026-02-08,2026-06-01,2026-04-04
C11085,Komal,Banerjee,komal.banerjee@kestrelmotorsgroup.in,+91 8664896676,Kestrel Motors Group,Founder,Education,Pune,India,LinkedIn,Farhan Shaikh,2026-09-03,2026-09-03,
C10388,Arjun,Das,arjun.das@cedarmotorspvt.in,+91 7189616423,Cedar Motors Pvt Ltd,CTO,,Pune,India,,Vikram Rao,2025-06-24,2025-09-23,
C10235,Divya,Menon,divya.menon@granitetechgroup.in,+91 9994053910,Granite Tech Group,Marketing Manager,Manufacturing,Delhi,India,Events,Rohit Kulkarni,2025-05-12,2026-06-01,2026-07-18
C10991,Rajesh,Bose,rajesh.bose@monsoonretailsolut.in,+91 9280405612,Monsoon Retail Solutions,Director,Retail,Mumbai,India,Referral,Arjun Mehta,2025-04-27,2025-04-27,2026-03-18
C10868,Ananya,Rao,ananya.rao@harborhealthpvt.in,+91 9907756085,Harbor Health Pvt Ltd,Business Analyst,Hospitality,Hyderabad,India,Website,Neha Joshi,2026-03-21,2026-09-01,
C10305,Varun,Sharma,varun.sharma@aurorafoodssolutio.in,,Aurora Foods Solutions,Finance Manager,RETAIL,Hyderabad,India,LinkedIn,,2025-12-01,2026-05-24,2026-07-23
C10941,Sophie,Thakur,sophie.thakur@meridianfinservltd.in,+91 7419031061,Meridian Finserv Ltd,Procurement Lead,Healthcare,Delhi,India,Website,Ayesha Khan,2026-02-12,2026-09-01,
C11073,Manish,Das,manish.das@coralrealtyindustr.in,+91 8683496047,Coral Realty Industries,Business Analyst,Retail,Pune,India,LinkedIn,Rohit Kulkarni,2024-11-05,2024-11-05,2026-09-13
C10249,Vikram,Kapoor,vikram.kapoor@novalabsltd.in,+91 7388487920,Nova Labs Ltd,CTO,Financial Services,Kolkata,India,Referral,Priya Nair,2025-07-28,2026-03-21,2026-05-13
C10925,Aditi,Desai,aditi.desai@quantumrealtygroup.in,+91 8153701242,Quantum Realty Group,Operations Manager,Education,Ahmedabad,India,Events,Farhan Shaikh,2025-06-20,2025-07-21,
C11067,Sahil,Iyer,sahil.iyer@novalogisticsllp.in,+91 7889480186,Nova Logistics LLP,Operations Manager,Healthcare,Delhi,India,linkedin,Ayesha Khan,2025-07-10,2026-07-15,2026-05-26
C10071,Aarav,Das,aarav.das@monsoonmotorssolut.in,+91 7839826224,Monsoon Motors Solutions,Operations Manager,Hospitality,Delhi,India,Linked In,Ayesha Khan,2026-01-29,2026-09-06,2026-09-09
C10094,Oliver,Iyer,oliver.iyer@banyanhospitalitys.in,+91 7371293870,Banyan Hospitality Solutions,Founder,information technology,Bengaluru,India,Events,Rohit Kulkarni,2026-06-19,2026-06-19,2026-06-19
C11091,Hannah,Brown,hannah.brown@peacockhospitality.in,,Peacock Hospitality Group,Finance Manager,Financial Services,Bengaluru,India,Inbound - Website,Farhan Shaikh,2026-07-14,2026-07-14,2026-07-14
C10033,Aditya,Rao,aditya.rao@sahyadrifinservsol.in,+91 8872982595,Sahyadri Finserv Solutions,Head of Sales,Retail,Delhi,India,LinkedIn,Sneha Iyer,2024-12-10,2026-04-20,2026-01-19
C10938,Grace,Taylor,grace.taylor@tridentretailsolut.in,+91 8084937830,Trident Retail Solutions,CTO,Information Technology,Chennai,India,Website,Farhan Shaikh,2025-03-17,2026-05-20,
C10448,Amit,Bose,amit.bose@kestrelfoodsgroup.in,+91 8289731791,Kestrel Foods Group,Head of Sales,Hospitality,Bengaluru,India,Referral,Arjun Mehta,2024-12-09,2026-01-21,
C10445,Vivaan,Desai,vivaan.desai@lumenventuresindus.in,+91 7342583230,Lumen Ventures Industries,,Real Estate,Pune,India,cold outreach,Rohit Kulkarni,2025-03-09,2026-02-01,
C11006,Shreya,Wright,shreya.wright@novalabsltd.in,+91 9661770673,Nova Labs Ltd,CTO,Financial Services,Kolkata,India,Word of mouth,Ayesha Khan,2026-05-05,2026-05-05,2026-05-05
C10710,Grace,Kulkarni,grace.kulkarni@bluelotusmotorspvt.in,+91 9096244063,Blue Lotus Motors Pvt Ltd,Founder,Financial Services,Bengaluru,India,Cold Outreach,Ayesha Khan,2026-01-04,2026-01-04,
C10828,Shreya,Singh,shreya.singh@vertexlearningindu.in,+91 8833920567,Vertex Learning Industries,Finance Manager,Hospitality,Ahmedabad,India,,Farhan Shaikh,2025-06-19,2026-04-07,2026-05-24
C10077,Oliver,Green,oliver.green@lumenpharmagroup.in,+91 9656101438,Lumen Pharma Group,Business Analyst,Manufacture,Mumbai,India,Referral,Vikram Rao,2025-05-19,2026-01-07,
C10084,Suresh,Pandey,suresh.pandey@pinnacletextileslt.in,+91 9662782827,Pinnacle Textiles Ltd,Operations Manager,Information Technology,Mumbai,India,Website,Arjun Mehta,2024-11-03,2026-03-07,2026-09-15
C10673,Daniel,Walker,daniel.walker@orbittechltd.in,+91 7438787535,Orbit Tech Ltd,Finance Manager,education,Mumbai,India,Events,Rohit Kulkarni,2026-09-17,2026-09-17,2026-09-17
C10082,Rahul,Clarke,rahul.clarke@peacockrealtysolut.in,+91 8371478596,Peacock Realty Solutions,Director,TBD,Pune,India,LinkedIn,Rohit Kulkarni,2025-08-10,2026-09-13,
C10457,James,Hall,james.hall@auroralabspvt.in,+91 9663618637,Aurora Labs Pvt Ltd,CEO,retail,Delhi,India,NA,Neha Joshi,2025-07-29,2026-06-26,2025-10-06
C10780,Swati,Hughes,swati.hughes@cedarhospitalityso.in,+91 7628969645,Cedar Hospitality Solutions,Operations Manager,Real Estate,Kolkata,India,,Arjun Mehta,2025-05-21,2026-02-14,2026-09-27
C10901,Tanvi,Hughes,tanvi.hughes@everesthealthgroup.in,98765,Everest Health Group,Head of Sales,Healthcare,Chennai,India,Events,Sneha Iyer,2024-12-19,2026-09-22,2026-07-28
C10436,James,Bhatia,james.bhatia@peacockpharmallp.in,+91 7173505831,Peacock Pharma LLP,,,Pune,India,Referral,Rohit Kulkarni,2026-05-23,2026-07-15,2026-09-28
C10724,Hannah,Brown,hannah.brown@coralanalyticsgrou.in,+91 8547574949,Coral Analytics Group,Founder,Information Technology,Ahmedabad,India,Cold Call,Ayesha Khan,2025-04-03,2026-09-14,2025-07-17
C11058,Harsh,Mishra,harsh.mishra@harbortechgroup.in,+91 8031805339,Harbor Tech Group,CTO,Information Technology,Chennai,India,Inbound - Website,Neha Joshi,2026-07-05,2026-07-05,2026-09-05
C10404,Yash,Khanna,yash.khanna@lumenmotorspvt.in,+91 7199180812,Lumen Motors Pvt Ltd,,,Pune,India,Cold Outreach,,2025-06-17,2026-09-09,2026-06-16
C11230,Yash,Menon,yash.menon@bluelotusfoodspvt.in,099616-59266,Blue Lotus Foods Pvt Ltd,CEO,Information Technology,Pune,India,Website,Arjun Mehta,2026-06-21,2026-06-21,2026-01-19
C10736,Sophie,Singh,sophie.singh@everestretailpvt.in,+91 7925236229,Everest Retail Pvt Ltd,Head of Sales,Information Technology,Kolkata,India,N/A,Neha Joshi,2026-06-03,2026-09-30,2026-06-03
C10785,Ritika,Shah,ritika.shah@silverlinelogistic.in,+91 8911918623,Silverline Logistics Industries,Marketing Manager,Manufacturing,Delhi,India,Paid Ads,Ayesha Khan,2024-11-21,2026-09-08,2026-07-24
C10104,Ananya,Banerjee,ananya.banerjee@peacockanalyticsll.in,+91 9138000307,Peacock Analytics LLP,Procurement Lead,,Delhi,India,LinkedIn,Ayesha Khan,2025-03-05,2025-03-05,2026-08-15
C10609,Nikhil,Desai,nikhil.desai@orbitpharmaindustr.in,+91 8834414978,Orbit Pharma Industries,Head of Sales,,Poona,India,Linked In,Farhan Shaikh,2025-05-05,2026-04-26,
C11018,Nisha,Hall,nisha.hall@auroraretailltd.in,,Aurora Retail Ltd,Finance Manager,Manufacturing,Mumbai,India,Referral,Farhan Shaikh,2025-11-06,2026-08-19,2026-09-09
C10792,Deepak,Patel,deepak.patel@zenithlabsllp.in,+91 98XXXXXX12,Zenith Labs LLP,Business Analyst,Education,Delhi,India,LinkedIn,Vikram Rao,2026-08-02,2026-08-02,2026-08-02
C10062,James,Green,james.green@peacockventuresind.in,TBD,Peacock Ventures Industries,Operations Manager,Education,Madras,India,Referral,Sneha Iyer,2025-09-18,2026-08-14,2026-06-05
C10281,Sanjay,Singh,sanjay.singh@meridianlabssoluti.in,+91 7817921717,Meridian Labs Solutions,Operations Manager,Hospitality,NCR Delhi,India,Events,Neha Joshi,2026-04-01,2026-09-27,
C10895,Nikhil,Joshi,nikhil.joshi@zenithhealthpvt.in,+91 7239594737,Zenith Health Pvt Ltd,Head of Sales,hospitality,Ahmadabad,India,Events,Vikram Rao,2025-03-28,2025-08-29,
C10238,Rahul,Joshi,rahul.joshi@saffronanalyticsgr.in,+91 9685289755,Saffron Analytics Group,Business Analyst,Real Estate,Ahmedabad,India,Paid Ads,Arjun Mehta,2025-04-14,2026-06-16,2026-06-07
C10223,Manish,Hughes,manish.hughes@zenithlabsllp.in,+91 7266341638,Zenith Labs LLP,Director,education,Delhi,IND,Cold Outreach,Sneha Iyer,2025-04-04,2026-09-20,2026-04-04
C10145,Nikhil,Banerjee,nikhil.banerjee@kestrelanalyticslt.in,+91 9251353465,Kestrel Analytics Ltd,Procurement Lead,,Ahmedabad,India,LinkedIn,Sneha Iyer,2026-06-08,2026-06-08,2026-09-14
C11232,Aditya,Wright,aditya.wright@pinnaclehealthsolu.in,099365-43588,Pinnacle Health Solutions,Operations Manager,Education,pune,India,Web,Vikram Rao,2026-07-05,2026-07-21,2026-07-07
C10373,Priya,Joshi,priya.joshi@granitetextilespvt.in,+91 9560417765,Granite Textiles Pvt Ltd,CTO,,Chennai,India,Cold Outreach,Rohit Kulkarni,2025-12-15,2026-08-22,2026-07-01
C10118,Anjali,Wilson,anjali.wilson@apexhospitalitygro.in,+91 9321334803,Apex Hospitality Group,Director,Financial Services,Kolkata,India,Cold Outreach,Farhan Shaikh,2025-12-03,2026-06-22,2026-09-21
C10984,Divya,Nair,,+91 8682938440,Indus Ventures Pvt Ltd,CEO,Information Technology,Pune,India,Website,Priya Nair,2025-11-20,2025-11-20,2026-07-11
C10250,Ananya,Shah,ananya.shah@lumenfoodssolution.in,+91 9940701645,Lumen Foods Solutions,CEO,Healthcare,Mumbai,India,Website,Farhan Shaikh,2025-09-27,2026-08-17,
C11271,N.,Menon,neha.menon@saffronanalyticslt.in,+91 9970246299,Saffron Analytics Ltd,CTO,Manufacturing,bengaluru,India,Website,Arjun Mehta,2025-02-01,2026-03-18,2026-07-01
C10009,Sanjay,Verma,sanjay.verma@banyanrealtygroup.in,+91 8853615305,Banyan Realty Group,CEO,Financial Services,Bengaluru,India,cold outreach,Arjun Mehta,2026-01-09,2026-01-09,2026-05-07
C10449,Nisha,Khanna,nisha.khanna@silverlinerealtyll.in,12345678901234567,Silverline Realty LLP,Founder,Information Technology,New Delhi,India,Website,Vikram Rao,2026-05-02,2026-07-04,
C10255,Ananya,Agarwal,ananya.agarwal@vertexanalyticsltd.in,+91 9125205664,Vertex Analytics Ltd,Finance Manager,Real Estate,Mumbai,India,Events,Sneha Iyer,2025-12-09,2026-08-25,
C10593,Suresh,Desai,,+91 8398854728,Indus Textiles Group,CEO,Real Estate,Mum,India,Google Ads,Vikram Rao,2025-06-26,2026-07-29,2026-08-16
C10389,Suresh,Thakur,suresh.thakur@pinnacleanalyticsl.in,+91 9214764925,Pinnacle Analytics Ltd,CEO,Healthcare,Chennai,India,Cold Outreach,Vikram Rao,2025-09-20,2025-11-26,
C10898,Sahil,Hall,sahil.hall@granitetextilespvt.in,+91 8645057303,Granite Textiles Pvt Ltd,CTO,N/A,chennai,India,,Ayesha Khan,2026-01-18,2026-05-06,2026-09-22
C11062,Ritika,Hall,ritika.hall@lumenfoodssolution.in,+91 9497698731,Lumen Foods Solutions,Marketing Manager,NA,Mumbai,Bharat,LinkedIn,Neha Joshi,2025-08-03,2025-12-04,2026-10-01
C10557,Aarav,Gupta,aarav.gupta@auroratextilespvt.in,+91 8817175242,Aurora Textiles Pvt Ltd,CEO,,Mumbai,india,LinkedIn,Arjun Mehta,2025-10-26,2025-10-26,2025-10-26
C10460,Priya,Rao,priya.rao@harborventuresgrou.in,+91 8672994938,Harbor Ventures Group,Finance Manager,Hospitality,Mumbai,India,TBD,Priya Nair,2024-12-20,2025-04-26,2026-06-20
C11216,Shreya,Iyer,SHREYA.IYER@CORALPHARMAPVT.IN,+91 7928234143,Coral Pharma Pvt Ltd,CTO,Education,Bengaluru,India,website,Rohit Kulkarni,2025-08-25,2026-07-24,2026-01-16
C10144,Grace,Patel,grace.patel@orbittechindustrie.in,unknown,Orbit Tech Industries,Business Analyst,,Ahmedabad,India,Website,Rohit Kulkarni,2026-08-24,2026-08-24,2026-08-24
C10501,Aditya,Reddy,aditya.reddy@monsoontechsolutio.in,+91 8492617647,Monsoon Tech Solutions,Procurement Lead,Real Estate,Bengaluru,India,Website,Rohit Kulkarni,2025-08-09,2026-04-01,
C11219,RAHUL,agarwal,rahul.agarwal@harborventuresgrou.in,+91 8461033993,Harbor Ventures Group,Finance Manager,Hospitality,Mumbai,India,,Farhan Shaikh,2025-08-28,2025-12-30,
C10539,Aditi,Bhatia,aditi.bhatia@cedarhealthsolutio.in,+91 7327972457,Cedar Health Solutions,Head of Sales,Info Tech,Mumbai,India,Website,Sneha Iyer,2025-07-11,2026-01-04,2026-09-07
C10177,Tanvi,Iyer,tanvi.iyer@orbittechltd.in,+91 7880133613,Orbit Tech Ltd,Business Analyst,Education,Mumbai,India,Cold Outreach,Farhan Shaikh,2026-01-13,2026-01-13,2026-09-30
C11273,Sneha,Pandey,sneha.pandey@harborpharmallp.in,+91 7892687056,Harbor Pharma,Business Analyst,Retail,Bengaluru,India,LinkedIn,Farhan Shaikh,2026-02-10,2026-07-14,
C11191,Daniel,Malhotra,daniel.malhotra@kestreltechllp.in,+91 98XXXXXX12,Kestrel Tech LLP,CEO,Manufacturing,Mumbai,IN,Website,Arjun Mehta,2026-07-05,2026-07-21,2026-07-14
C10849,Priya,Kulkarni,priya.kulkarni@saffrontechltd.in,+91 7765769277,Saffron Tech Ltd,,Manufacturing,Ahmedabad,India,Referral,Vikram Rao,2025-10-14,2026-04-18,2026-09-02
C10708,Rajesh,Patel,,+91 9168154660,Meridian Learning Pvt Ltd,Head of Sales,,Bengaluru,India,Paid Ads,Sneha Iyer,2024-12-10,2026-04-03,
C11313,R.,Bose,rajesh.bose@@monsoonretailsolut.in,+91 9280405612,Monsoon Retail Solutions,N/A,Retail,Mumbai ,India,Referral,Arjun Mehta,2025-06-25,2025-06-25,2026-03-18
C10007,Sophie,Walker,sophie.walker@,+91 8468862392,Peacock Analytics LLP,,Information Technology,Delhi,India,Website,Neha Joshi,2025-09-01,2026-07-30,2026-06-15
C10676,Nisha,Kapoor,nisha.kapoor@aurorafinservgroup.in,+91 9589477352,Aurora Finserv Group,Head of Sales,-,Bengaluru,India,Word of mouth,Neha Joshi,2025-12-17,2026-06-11,2025-12-17
C10667,Deepak,Brown,deepak.brown@orbitlearningsolut.in,+91 8403304166,Orbit Learning Solutions,Head of Sales,Manufacturing,Chennai,India,Cold Outreach,Sneha Iyer,2026-01-24,2026-09-20,
C11030,Priya,Kulkarni,priya.kulkarni@bluelotuslearningg.in,+91 7231239204,Blue Lotus Learning Group,Director,hospitality,Mumbai,India,Website,Farhan Shaikh,2024-12-27,2026-05-26,2026-05-24
C10357,Swati,Singh,swati.singh@quantumrealtygroup.in,+91 7762467197,Quantum Realty Group,Business Analyst,Edu,Ahmedabad,India,Events,Neha Joshi,2025-12-21,2026-06-04,2025-12-21
C10329,Manish,Clarke,manish.clarke@auroramotorsllp.in,+91 8567043103,Aurora Motors LLP,Business Analyst,Education,Chennai,India,Referral,Farhan Shaikh,2024-12-15,2026-07-13,2026-05-27
C10858,Karan,Pandey,karan.pandey@banyananalyticsltd.in,+91 9808190482,Banyan Analytics Ltd,Marketing Manager,,Ahmedabad,India,Events,Arjun Mehta,2025-01-09,2025-12-15,2026-04-30
C11015,Ananya,Chatterjee,ananya.chatterjee@orbitlabsgroup.in,+91 7554428679,Orbit Labs Group,CTO,Education,Mumbai,India,Website,Arjun Mehta,2025-07-19,2025-07-19,2025-07-19
C10924,Tanvi,Singh,tanvi.singh@monsoonmotorsllp.in,+91 9079388413,Monsoon Motors LLP,CTO,Information Technology,delhi,India,Referral,Arjun Mehta,2026-05-01,2026-05-01,2026-09-27
C10258,Manish,Malhotra,manish.malhotra@kestrelpharmallp.in,+91 7312797573,Kestrel Pharma LLP,CTO,,Bengaluru,India,LI,Priya Nair,2025-11-18,2025-11-18,2026-07-22
C11043,Ritika,Desai,ritika.desai@apexhospitalitygro.in,unknown,Apex Hospitality Group,Head of Sales,,Kolkata,India,LinkedIn,Ayesha Khan,2025-06-30,2025-06-30,2026-05-06
C10372,Swati,Menon,swati.menon@sahyadrimotorsindu.in,+91 9518376064,Sahyadri Motors Industries,Operations Manager,Information Technology,Chennai,India,Website,Vikram Rao,2025-09-04,2026-09-10,
C10946,Neha,Nair,neha.nair@pinnaclemotorspvt.in,+91 9846019134,Pinnacle Motors Pvt Ltd,Operations Manager,Financial Services,Bengaluru,Bharat,Cold Outreach,Ayesha Khan,2024-11-28,2026-06-23,
C11150,Rajesh,Walker,rajesh.walker@harborlogisticsgro.in,+91 7020203042,Harbor Logistics Group,Marketing Manager,Healthcare,Pune,India,-,Ayesha Khan,2025-12-29,2026-05-05,2026-08-24
C11108,Grace,Wright,grace.wright@cedarlearningsolut.in,+91 7500666641,Cedar Learning Solutions,CEO,Education,Mumbai,India,Website,Farhan Shaikh,2025-11-17,2026-09-19,2026-05-12
C10525,Arjun,Menon,arjun.menon@cedarpharmasolutio.in,,Cedar Pharma Solutions,Operations Manager,Manufacturing,Mumbai,India,Website,Arjun Mehta,2025-02-07,2026-09-10,2026-09-17
C10996,Oliver,Chatterjee,oliver.chatterjee@pinnacleretailltd.in,+91 9915076283,Pinnacle Retail Ltd,Director,,Mumbai,India,Paid Ads,Farhan Shaikh,2026-04-15,2026-08-06,
C10810,Oliver,Singh,,+91 7718749603,Cedar Textiles Solutions,Marketing Manager,Education,Pune,India,LinkedIn,Ayesha Khan,2026-07-01,2026-07-01,
C10917,Sahil,Hughes,sahil.hughes@monsoontextilesind.in,+91 8370526351,Monsoon Textiles Industries,Founder,Real Estate,Bengaluru,India,Website,Sneha Iyer,2024-11-15,2026-03-01,2026-09-22
C11255,Divya,Rao,DIVYA.RAO@ORBITTEXTILESPVT.IN,,Orbit Textiles Pvt Ltd,Business Analyst,Healthcare,Mumbai,India,Paid Ads,Sneha Iyer,2026-09-22,2026-09-22,2026-09-20
C10440,Nikhil,Taylor,,+91 8797232002,Coral Motors Pvt Ltd,Operations Manager,Information Technology,Mumbai,India,Referral,Arjun Mehta,2026-06-26,2026-07-27,
C10531,Shreya,Clarke,shreya.clarke@indusfinservgroup.in,+91 7278686694,Indus Finserv Group,Marketing Manager,Financial Services,Pune,India,Website,Ayesha Khan,2026-01-24,2026-07-25,2026-01-24
C11193,Sophie,Kapoor,"sophie.kapoor@pinnacleanalyticss,in",+91 7159489895,Pinnacle Analytics Solutions,,Information Technology,Pune,India,LinkedIn,Sneha Iyer,2025-03-24,2026-08-03,2026-01-19
C10226,Vikram,Pandey,vikram.pandey@meridianrealtyltd.in,+91 8570512046,Meridian Realty Ltd,CEO,healthcare,Hyderabad,India,Word of mouth,Ayesha Khan,2025-06-24,2026-05-14,
C10963,Ananya,Iyer,ananya.iyer@lumentechpvt.in,+91 7998747812,Lumen Tech Pvt Ltd,,Hospitality,Mumbai,India,Cold Outreach,Sneha Iyer,2025-03-19,2026-01-12,2026-08-09
C10228,Ananya,Patel,ananya.patel@apexhospitalityind.in,+91 9814743503,Apex Hospitality Industries,CEO,Healthcare,Mumbai,India,Website,Farhan Shaikh,2026-08-25,2026-08-25,2026-09-09
C11147,Swati,Wilson,swati.wilson@saffronretailsolut.in,+91 7537893186,Saffron Retail Solutions,Director,Info Tech,Delhi,India,Paid Ads,Neha Joshi,2025-08-28,2026-07-20,
C10212,Priya,Pandey,priya.pandey@kestreltextilesind.in,+91 8564729293,Kestrel Textiles Industries,CEO,,NCR Delhi,India,Events,Vikram Rao,2025-02-16,2025-04-23,2026-08-09
C10079,Meera,Bhatia,meera.bhatia@cedartechpvt.in,+91 7875717751,Cedar Tech Pvt Ltd,,Manufacture,Mumbai,Bharat,Website,Rohit Kulkarni,2025-02-21,2025-12-22,2026-06-09
C10148,Ethan,Joshi,ethan.joshi@orbitfoodspvt.in,+91 7712966667,Orbit Foods Pvt Ltd,CTO,Information Technology,Mumbai,India,,Vikram Rao,2025-12-17,2025-12-17,2026-09-27
C11245,Rajesh,Pandey,rajesh.pandey@aurorahospitalityp.in,+91 8044818321,Aurora Hospitality Pvt,Director,Healthcare,Kolkata,India,Cold Outreach,Arjun Mehta,2025-10-31,2026-09-22,2026-01-22
C10671,Chloe,Malhotra,chloe.malhotra@indusfinservgroup.in,+91 8914521182,Indus Finserv Group,Marketing Manager,Financial Services,Pune,India,,Neha Joshi,2025-10-09,2026-05-10,2026-07-23
C11260,Vikram,Shah,"vikram.shah@saffronrealtyllp,in",+91 9061387829,Saffron Realty,Marketing Manager,Retail,Mumbai,India,Paid Ads,Priya Nair,2025-12-30,2026-07-16,
C10861,Vivaan,Verma,vivaan.verma@pinnacleanalyticsp.in,+91 7211471656,Pinnacle Analytics Pvt Ltd,Founder,Real Estate,Mumbai,India,Events,Sneha Iyer,2026-05-07,2026-07-18,
C10715,Aditi,Rao,aditi.rao@bluelotusanalytics.in,+91 7163319422,Blue Lotus Analytics Ltd,CTO,Education,Pune,India,Referral,Arjun Mehta,2025-09-25,2026-06-24,2026-06-09
C10133,James,Gupta,james gupta@harborlabsltd.in,,Harbor Labs Ltd,Business Analyst,Hospitality,Hyderbad,India,LinkedIn,Priya Nair,2026-09-06,2026-09-06,2026-09-06
C11266,NIKHIL,malhotra,nikhil.malhotra@zenithtextilesindu.in,+91 7478686337,Zenith Textiles Industries,Procurement Lead,Healthcare,Bombay,India,,Vikram Rao,2026-05-22,2026-05-22,2026-03-30
C10408,Arjun,Thakur,arjun.thakur@tridentanalyticspv.in,+91 9290846684,Trident Analytics Pvt Ltd,Procurement Lead,hospitality,Mumbai,India,Paid Ads,Priya Nair,2026-09-04,2026-09-04,2026-09-04
C11235,Deepak,Taylor,,080745-10663,Lumen Finserv Pvt Ltd,Operations Manager,RETAIL,Mumbai,India,Website,Ayesha Khan,2026-04-08,2026-06-02,2026-03-06
C10507,Priya,Rao,priya.rao@vertexlearningltd.in,+91 7954296184,Vertex Learning Ltd,Operations Manager,Education,Hyderabad,India,LinkedIn,Ayesha Khan,2025-01-18,2026-08-13,2026-06-29
C11049,Varun,Chatterjee,varun.chatterjee@zenithmotorspvt.in,call reception,Zenith Motors Pvt Ltd,Operations Manager,Manufacturing,Pune,India,Paid Ads,Ayesha Khan,2025-11-30,2026-07-18,
C10504,Emma,Reddy,emma.reddy@meridianhealthgrou.in,+91 9208751029,Meridian Health Group,Marketing Manager,Financial Services,Mumbai,India,Events,Rohit Kulkarni,2025-01-31,2026-06-21,
C10973,Vikram,Rao,vikram.rao@graniterealtygroup.in,+91 9050404333,Granite Realty Group,Marketing Manager,Manufacturing,Mum,India,Paid Ads,Arjun Mehta,2025-05-09,2026-09-22,2026-09-11
C10347,Sahil,Banerjee,sahil.banerjee@sahyadripharmaindu.in,+91 8011939325,Sahyadri Pharma Industries,Founder,Education,Bengaluru,India,Website,Sneha Iyer,2024-11-06,2026-09-09,
C10386,Aarav,Wilson,aarav.wilson@induslogisticsltd.in,+91 7613715041,Indus Logistics Ltd,,Real Estate,Kolkata,India,LinkedIn,Rohit Kulkarni,2027-11-05,2026-02-13,2026-06-11
C10000,Arjun,Pillai,arjun.pillai@coralventuresgroup.in,+91 7199867980,Coral Ventures Group,Finance Manager,Education,Mumbai,india,Paid Ads,Vikram Rao,2024-12-31,2025-06-21,2025-12-19
C10360,Karan,Mehta,karan.mehta@peacockpharmallp.in,+91 7520850769,Peacock Pharma LLP,Business Analyst,Retail,Pune,India,Paid Ads,Sneha Iyer,2026-05-22,2026-09-29,2026-08-25
C11248,Tanvi,Khanna,tanvi.khanna@monsoontechltd.in,075274-20549,Monsoon Tech Ltd,Marketing Manager,Hospitality,Hyderabad,India,Website,Farhan Shaikh,2025-07-08,2026-06-23,
C10475,James,Sharma,james.sharma@zenithmotorssoluti.in,+91 8130232129,Zenith Motors Solutions,Business Analyst,Manufacturing,Bengaluru,India,Cold Outreach,Vikram Rao,2025-01-02,2026-03-22,
C11133,Ethan,Saxena,ethan.saxena@harborhealthpvt.in,+91 7798059503,Harbor Health Pvt Ltd,CEO,,Hyderabad,India,Web,Farhan Shaikh,2025-04-09,2026-06-12,2026-08-23
C10948,Daniel,Chatterjee,daniel.chatterjee@peacocklabssolutio.in,unknown,Peacock Labs Solutions,Marketing Manager,,Hyderabad,india,Cold Outreach,Arjun Mehta,2025-11-24,2026-09-25,2026-08-26
C10942,Liam,Reddy,"liam.reddy@novalogisticsllp,in",+91 8668473236,Nova Logistics LLP,Procurement Lead,Healthcare,Delhi,India,Website,Vikram Rao,2025-10-15,2026-06-03,2026-08-14
C10919,Shreya,Bhatia,shreya.bhatia@peacockrealtyllp.in,+91 7389743260,Peacock Realty LLP,Founder,Real Estate,Pune,India,Referral,Arjun Mehta,2026-04-24,2026-04-24,
C11007,Rajesh,Sharma,rajesh.sharma@saffronretailpvt.in,+91 7122355216,Saffron Retail Pvt Ltd,Procurement Lead,Real Estate,Mumbai,India,Website,Arjun Mehta,2026-08-17,2026-09-11,2026-08-17
C10172,Riya,Saxena,riya.saxena@orbitrealtygroup.in,+91 9122816064,Orbit Realty Group,,,Delhi,India,LinkedIn,Ayesha Khan,2025-12-27,2026-05-22,
C10450,Kavya,Thakur,kavya.thakur@indushealthsolutio.in,+91 8692548121,Indus Health Solutions,null,,Mumbai,India,LinkedIn,Arjun Mehta,2026-01-13,2026-05-09,
C10125,Yash,Pandey,yash.pandey@monsoonmotorssolut.in,+91 8765861793,Monsoon Motors Solutions,Head of Sales,Hospitality,Delhi,India,LinkedIn,Priya Nair,2026-06-10,2026-06-24,2026-09-16
C11270,Oliver,Rao,oliver.rao@bluelotustextilesi.in,+91 8718325823,Blue Lotus Textiles,Business Analyst,Education,Mumbai,India,paid ads,Neha Joshi,2026-05-27,2026-05-27,
C10530,Harsh,Mehta,harsh.mehta@zenithmotorspvt.in,+91 9802942409,Zenith Motors Pvt Ltd,Founder,Manufacture,Pune,India, ,Vikram Rao,2025-06-21,2025-10-21,2026-09-05
C10713,Aditi,Joshi,aditi.joshi@orbitfoodspvt.in,N/A,Orbit Foods Pvt Ltd,Business Analyst,information technology,Mumbai,India,LinkedIn,Sneha Iyer,2026-04-30,2026-08-31,2026-09-27
C10090,Kavya,Gupta,kavya.gupta@sahyadriventuresll.in,+91 7672946671,Sahyadri Ventures LLP,CEO,Retail,Chennai,india,LinkedIn,Sneha Iyer,2025-02-28,2026-09-01,2026-01-26
C11276,Amit,Brown,amit.brown@orbitrealtygroup.in,094929-95562,Orbit Realty Group,null,Real Estate,Delhi,India,LinkedIn,Vikram Rao,2025-05-27,2025-10-11,2026-09-29
C10181,Aditi,Das,aditi.das@tridentfoodsllp.in,+91 7450882100,Trident Foods LLP,Director,Information Technology,Bengaluru,India,Referral,Rohit Kulkarni,2025-09-01,2026-07-25,2026-06-26
C10798,Sophie,Walker,sophie.walker@banyanfoodspvt.in,+91 9434606664,Banyan Foods Pvt Ltd,Marketing Manager,Hospitality,Hyderabad,India,Cold Outreach,Neha Joshi,2025-05-19,2026-08-29,2026-08-29
C10414,Priya,Saxena,priya.saxena@harborretailltd.in,+91 9869886497,Harbor Retail Ltd,CTO,Manufacturing,Chennai,India,Paid Ads,Neha Joshi,2026-04-17,2026-04-26,
C10251,Suresh,Taylor,NA,+91 7579812387,Zenith Hospitality LLP,Business Analyst,Manufacturing,Mumbai,India,Paid Ads,Priya Nair,2025-09-19,2026-03-17,2026-04-20
C10069,Hannah,Mehta,hannah mehta@aurorafinservindus.in,+91 7626551104,Aurora Finserv Industries,Finance Manager,Manufacturing,Bengaluru,India,LinkedIn,Sneha Iyer,2025-11-17,2026-07-21,
C10131,Sneha,Hughes,sneha.hughes@apexlearninggroup.in,+91 8868793741,Apex Learning Group,CTO,Real Estate,Mumbai,India,Paid Ads,Priya Nair,2025-01-07,2026-02-25,
C10300,Chloe,Desai,chloe.desai@apexlearninggroup.in,+91 9258001061,Apex Learning Group,Business Analyst,,Mumbai,India,Website,Neha Joshi,2025-01-18,2025-12-27,2026-05-27
C10811,Nisha,Mishra,nisha.mishra@everestlearningsol.in,+91 8036924926,Everest Learning Solutions,NA,Information Technology,Mumbai,India, ,Vikram Rao,2026-04-11,2026-08-17,
C10326,Hannah,Kapoor,hannah.kapoor@peacockanalyticsgr.in,+91 8381793355,Peacock Analytics Group,,Financial Services,Mumbai,India,TBD,Farhan Shaikh,2026-08-09,2026-09-18,
C11290,D.,Saxena,diya.saxena@coralanalyticsgrou.in,+91 8844683414,Coral Analytics Group,CTO,Information Technology,Ahmedabad,India,Cold Outreach,Rohit Kulkarni,2026-10-01,2026-10-01,2026-08-12
C10965,James,Bhatia,james.bhatia@zenithfoodsltd.in,+91 9848266913,Zenith Foods Ltd,CTO,Healthcare,BLR,India,Website,Sneha Iyer,2026-04-18,2026-04-18,
C10499,Oliver,Joshi,oliver.joshi@coralanalyticsgrou.in,+91 8742333059,Coral Analytics Group,CEO,IT,Ahmedabad,India,Events,,2025-04-14,2026-04-17,2026-03-23
C11303,James,Mishra,JAMES.MISHRA@APEXFINSERVINDUSTR.IN,+91 9937966033,Apex Finserv Industries,Operations Manager,Manufacturing,Pune,India,Cold Outreach,Rohit Kulkarni,2026-10-01,2026-10-01,2026-07-09
C10364,Tanvi,Singh,tanvi.singh@saffrontechindustr.in,+91 9536649878,Saffron Tech Industries,Head of Sales,Financial Services,Bengaluru,India,Cold Outreach,Ayesha Khan,2025-02-10,2026-09-23,2026-08-31
C10495,Sophie,Rao,sophie.rao@novaventuressoluti.in,12345678901234567,Nova Ventures Solutions,Operations Manager,Education,Bengaluru,India,Cold Outreach,Neha Joshi,2026-07-22,2026-07-22,2026-07-22
C11229,RAHUL,chatterjee,rahul.chatterjee@silverlinefinservl.in,+91 9666134732,Silverline Finserv LLP,Marketing Manager,Hospitality,Bengaluru,Bharat,LinkedIn,,2026-10-01,2026-10-01,
C10338,Nisha,Bhatia,nisha.bhatia@harborretailltd.in,+91 9610646287,Harbor Retail Ltd,Director,Manufacturing,Chennai,India,Cold Outreach,Ayesha Khan,2025-09-18,2026-06-06,
C10421,Komal,Patel,komal.patel@granitehealthindus.in,,Granite Health Industries,CEO,Healthcare,Chennai,India,Website,Rohit Kulkarni,2025-02-18,2025-03-11,2026-07-29
C10164,Swati,Wilson,swati.wilson@everestpharmasolut.in,+91 7027261493,Everest Pharma Solutions,,Hospitality,Pune,India,,Farhan Shaikh,2026-03-17,2026-03-17,2026-03-17
C10028,Nikhil,Pillai,nikhil.pillai@cedarlearningltd.in,+91 98XXXXXX12,Cedar Learning Ltd,Founder,Hospitality,Bengaluru,India, ,Farhan Shaikh,2025-12-01,2025-12-01,2026-05-29
C10516,Rohan,Pillai,rohan.pillai@kestrelanalyticspv.in,+91 9506762515,Kestrel Analytics Pvt Ltd,Marketing Manager,Financial Services,Pune,India,Cold Outreach,Rohit Kulkarni,2025-01-12,2026-07-15,2026-06-19
C10193,James,Taylor,james.taylormonsoontechltd.in,+91 9202428699,Monsoon Tech Ltd,Founder,Hospitality,Hyderabad,India,Cold Outreach,Sneha Iyer,2025-04-13,2025-11-23,
C11305,A.,Hughes,amit.hughes@saffronretailsolut.in,+91 7398741132,Saffron Retail Solutions,Procurement Lead,Information Technology,Delhi,india,Events,Neha Joshi,2025-05-23,2026-08-21,2026-09-17
C11160,Isha,Hughes,isha.hughes@novafinservltd.in,+91 7247250583,Nova Finserv Ltd,Marketing Manager,Retail,Bengaluru,India,Website,Vikram Rao,2024-12-25,2026-09-26,
C10169,Riya,Mishra,riya.mishra@lumenretailgroup.in,+91 9106200342,Lumen Retail Group,Operations Manager,Retail,Chennai,India,Trade Show,Ayesha Khan,2025-02-16,2025-06-08,2026-07-23
C10864,Kavya,Nair,kavya.nair@apexretailgroup.in,+91 9539705487,Apex Retail Group,Marketing Manager,Information Technology,Mumbai,India,Referral,Rohit Kulkarni,2026-05-11,2026-07-02,2026-08-07
C10652,Manish,Saxena,manish.saxena@harborventuresllp.in,+91 8472298120,Harbor Ventures LLP,Director,Health Care,Mumbai,India,Referral,Neha Joshi,2025-06-05,2026-08-24,2025-08-27
C10173,Neha,Sharma,neha sharma@novalogisticsltd.in,+91 9202590947,Nova Logistics Ltd,Director,Financial Services,Amdavad,India,Referal,Rohit Kulkarni,2025-09-26,2026-02-24,
C10518,Kunal,Bhatia,kunal.bhatia@meridianlabssoluti.in,+91 7052650167,Meridian Labs Solutions,Marketing Manager,Hospitality,Delhi,India,Website,Ayesha Khan,2025-03-24,2026-08-17,
C11075,Aditi,Thakur,aditi.thakur@orbitanalyticspvt.in,+91 9390624672,Orbit Analytics Pvt Ltd,Business Analyst,Healthcare,Mumbai,India,LinkedIn,Rohit Kulkarni,2026-03-31,2026-03-31,2026-06-12
C10855,Riya,Pillai,riya.pillai@zenithhospitalityl.in,+91 8778255882,Zenith Hospitality LLP,Procurement Lead,N/A,Mumbai,India,Events,Arjun Mehta,2025-06-06,2026-08-20,
C10491,Shreya,Iyer,shreya.iyer@meridianventurespv.in,+91 9872717833,Meridian Ventures Pvt Ltd,Marketing Manager,Information Technology,Banglore,India,Website,Rohit Kulkarni,2026-06-12,2026-09-18,
C10073,Deepak,Bhatia,deepak.bhatia@silverlinelogistic.in,+91 8575692459,Silverline Logistics Industries,Marketing Manager,Manufacturing,Delhi,India,Referral,Ayesha Khan,2026-07-25,2026-08-05,2026-08-09
C11107,Amit,Singh,amit.singh@orbitrealtygroup.in,+91 9510030762,Orbit Realty Group,Founder,Real Estate,Delhi,India,LinkedIn,Sneha Iyer,2025-01-08,2026-07-10,2026-01-02
C10587,Vivaan,Das,vivaan.das@peacockrealtysolut.in,+91 9074260880,Peacock Realty Solutions,Procurement Lead,Hospitality,Pune,India,Referral,Rohit Kulkarni,2025-08-24,2026-05-31,
C10945,Suresh,Chatterjee,suresh.chatterjee@auroralabssolution.in,+91 7720376388,Aurora Labs Solutions,Head of Sales,Education,Mumbai,India,Inbound - Website,Arjun Mehta,2026-06-11,2026-08-21,
C10657,Riya,Reddy,riya.reddy@granitemotorsllp.in,+91 7767412415,Granite Motors LLP,,Financial Services,Kolkata,India,Events,Vikram Rao,2024-12-03,2026-08-09,2026-07-21
C10234,Riya,Agarwal,riya.agarwal@pinnacleretailltd.in,+91 8118102203,Pinnacle Retail Ltd,CEO,Financial Services,Mumbai,India,Referral,Rohit Kulkarni,2024-12-23,2026-04-02,2026-08-18
C10732,Anjali,Reddy,anjali.reddy@vertexmotorsindust.in,+91 8318939749,Vertex Motors Industries,Founder,Financial Services,Pune,India,Referral,Rohit Kulkarni,2025-06-24,2026-06-26,2026-08-04
C10214,Swati,Walker,swati.walker@peacocklabssolutio.in,+91 7203471754,Peacock Labs Solutions,,Healthcare,Hyderabad,India,LinkedIn,Sneha Iyer,2025-01-28,2026-09-26,
C10162,Grace,Verma,"grace.verma@aurorafoodssolutio,in",+91 8088019948,Aurora Foods Solutions,Business Analyst,Retail,Hyderabad,India,Website,Neha Joshi,2026-06-06,2026-06-15,
C10132,Divya,Wilson,divya.wilsonbluelotuslabsllp.in,+91 9921722332,Blue Lotus Labs LLP,,education,Mumbai,India,LI,Farhan Shaikh,2025-04-14,2025-04-14,2026-04-19
C10947,Nisha,Sharma,nisha.sharma@aurorafoodssolutio.in,+91 7586950732,Aurora Foods Solutions,CEO,,Hyderabad,India,Events,Farhan Shaikh,2026-07-14,2026-09-05,
C10893,Swati,Smith,swati.smith@monsoonlabssolutio.in,+91 7303911142,Monsoon Labs Solutions,N/A,Healthcare,Pune,India,Website,Neha Joshi,2025-02-28,2025-12-25,2026-08-30
C11087,Sneha,Desai,sneha.desai@auroralearningllp.in,+91 9062354662,Aurora Learning LLP,Head of Sales,Financial Services,Kolkata,India,NA,Arjun Mehta,2025-10-02,2026-04-25,2026-09-25
C10185,Pooja,Pillai,pooja.pillai@indusventurespvt.in,,Indus Ventures Pvt Ltd,Head of Sales,Information Technology,Pune,India,Referral,Rohit Kulkarni,2025-01-12,2026-03-24,
C10041,Oliver,Smith,oliver.smith@cedaranalyticsltd.in,,Cedar Analytics Ltd,Head of Sales,Hospitality,Bengaluru,Bharat,LinkedIn,Ayesha Khan,2025-09-03,2026-08-22,2026-07-30
C10692,Aditya,Wright,aditya.wright@pinnaclehealthsolu.in,+91 9936543588,Pinnacle Health Solutions,Operations Manager,Education,Pune,India,Website,Vikram Rao,2026-05-31,2026-07-21,2026-07-07
C10108,Aarav,Menon,aarav.menon@coraltechpvt.in,+91 9413836702,Coral Tech Pvt Ltd,Operations Manager,Manufacturing,Mumbai,India, ,Vikram Rao,2026-04-11,2026-04-20,2026-04-11
C10038,Meera,Malhotra,meera.malhotra@kestrelmotorsltd.in,+91 8437575844,Kestrel Motors Ltd,CEO,RealEstate,Hyderabad,India,Referal,Farhan Shaikh,2026-03-09,2026-03-29,2026-09-09
C10568,Sahil,Brown,sahil.brown@bluelotuslabsllp.in,+91 8665586851,Blue Lotus Labs LLP,Head of Sales,Education,Mumbai,India,,Arjun Mehta,2024-12-23,2026-02-15,2026-04-30
C10787,Diya,Mishra,diya.mishra@everesthealthgroup.in,+91 8124633515,Everest Health Group,Finance Manager,Healthcare,Chennai,India,Cold Outreach,Sneha Iyer,2025-04-26,2026-03-02,2026-07-31
C11120,Sanjay,Hughes,sanjay.hughes@meridianfoodsindus.in,+91 7119509271,Meridian Foods Industries,null,Retail,Chennai,IND,LinkedIn,Farhan Shaikh,2026-05-06,2026-08-25,2026-06-10
C11269,Shreya,Thakur,shreya.thakur@,+91 7567164932,Indus Hospitality,Business Analyst,Manufacturing,Pune,India,,Priya Nair,2026-10-01,2026-10-01,2026-07-10
C10483,Neha,Singh,neha.singh@saffronanalyticsgr.in,+91 9694611952,Saffron Analytics Group,Operations Manager,Real Estate,Ahmedabad,India,,Farhan Shaikh,2026-07-21,2026-07-21,2026-07-24
C10468,Kavya,Desai,kavya.desai@cedartextilessolut.in,+91 8005313122,Cedar Textiles Solutions,Founder,Education,Pune,india,LinkedIn,Rohit Kulkarni,2025-07-30,2025-11-28,
C10024,Tanvi,Shah,tanvi.shah@auroraretailsoluti.in,+91 9242253584,Aurora Retail Solutions,CEO,Retail,Delhi,India,LinkedIn,Sneha Iyer,2025-05-10,2026-08-06,2026-08-15
C11010,Aditya,Hall,,unknown,Nova Tech Solutions,Procurement Lead,Retail,Hyderabad,India,Cold Outreach,Rohit Kulkarni,2025-11-09,2026-05-02,2026-09-09
C10824,Payal,Kulkarni,payal.kulkarni@aurorahospitalityi.in,+91 9907280123,Aurora Hospitality Industries,Operations Manager,RealEstate,Bengaluru,Bharat,Website,Vikram Rao,2026-08-03,2026-08-03,2026-08-03
C10918,Diya,Brown,diya.brown@harborventuresgrou.in,+91 8572565920,Harbor Ventures Group,Head of Sales,Hospitality,Mumbai,IN,Paid Ads,Farhan Shaikh,2025-01-06,2025-11-06,2026-09-29
C11118,Pooja,Shah,pooja.shah@monsoontextilesind.in,+91 7247282895,Monsoon Textiles Industries,Operations Manager,Real Estate,Bengaluru,India,Web,Rohit Kulkarni,2025-04-04,2026-05-17,2026-08-11
C10366,Grace,Singh,grace.singh@lumenfinservpvt.in,+91 8513644249,Lumen Finserv Pvt Ltd,Marketing Manager,Retail,Mumbai,India,LinkedIn,Rohit Kulkarni,2026-05-02,2026-05-02,2026-10-01
C10505,Neha,Patel,neha.patel@peacockanalyticsgr.in,+91 7845826034,Peacock Analytics Group,Founder,Financial Services,Mumbai,India,Paid Ads,Sneha Iyer,2026-06-02,2026-06-02,
C11227,SHREYA,green,shreya.green@meridiananalyticsl.in,+91 7789046337,Meridian Analytics Ltd,Business Analyst,Healthcare,Poona,India,linkedin,Vikram Rao,2025-09-14,2026-07-03,2026-07-28
C10383,Pooja,Pillai,pooja.pillai@silverlinerealtyll.in,+91 8494856257,Silverline Realty LLP,Head of Sales,,Delhi,India,Referral,Neha Joshi,2025-10-24,2026-02-19,2026-07-17
C10734,Neha,Clarke,neha.clarke@vertexlearningltd.in,+91 8884712705,Vertex Learning Ltd,Business Analyst,-,Hyderabad,India,Referral,Ayesha Khan,2026-04-19,2026-04-19,
C10717,Diya,Thakur,diya.thakur@industextilespvt.in,+91 9572169666,Indus Textiles Pvt Ltd,Marketing Manager,Education,Mumbai,India,Referral,Vikram Rao,2025-11-15,2026-08-18,
C10454,Deepak,Wright,deepak.wright@kestrelpharmasolut.in,,Kestrel Pharma Solutions,Business Analyst,Education,Ahmedabad,India,Referral,Neha Joshi,2025-08-01,2026-09-05,2026-09-06
C10264,Chloe,Shah,chloe.shah@bluelotusventuresl.in,+91 8742123094,Blue Lotus Ventures LLP,Founder,Healthcare,Bengaluru,India,LinkedIn,Neha Joshi,2025-05-29,2025-09-07,2026-08-01
C10926,Harsh,Kapoor,harsh.kapoor@lumenmotorsgroup.in,+91 8144881121,Lumen Motors Group,Founder,Healthcare,Ahmedabad,India,Paid Ads,Rohit Kulkarni,2025-01-10,2026-07-27,2026-05-19
C10232,Sanjay,Agarwal,sanjay.agarwal@zenithretailsoluti.in,+91 8982182744,Zenith Retail Solutions,Business Analyst,Retail,Delhi,India,LinkedIn,Priya Nair,2025-07-22,2026-08-23,2026-09-29
C10444,Priya,Thakur,priya.thakur@bluelotusanalytics.in,call reception,Blue Lotus Analytics Ltd,Finance Manager,Education,Pune,India,Website,Arjun Mehta,2026-01-29,2026-01-29,
C10395,Oliver,Smith,oliver.smith@pinnaclehealthsolu.in,+91 8974995641,Pinnacle Health Solutions,Head of Sales,Education,Pune,India,,Vikram Rao,2026-05-04,2026-05-16,2026-08-21
C10906,Kunal,Joshi,kunal.joshi@novafinservltd.in,+91 8117595749,Nova Finserv Ltd,Business Analyst,Retail,Bengaluru,IND,Referral,Arjun Mehta,2025-05-14,2026-09-11,2026-07-31
C10176,Suresh,Reddy,suresh.reddy@orbittechltd.in,+91 9408588770,Orbit Tech Ltd,Operations Manager,Education,Mumbai,India,TBD,Vikram Rao,2026-06-28,2026-08-24,2026-06-28
C10018,Emma,Thakur,emma.thakur@everestpharmagroup.in,+91 9202970213,Everest Pharma Group,Procurement Lead,Manufacturing,Delhi,India,LinkedIn,Priya Nair,2026-08-10,2026-08-10,2026-08-10
C11158,Harsh,Reddy,harsh.reddy@monsoontechltd.in,+91 7436258542,Monsoon Tech Ltd,CEO,Hospitality,Hyderabad,India,Events,Priya Nair,2025-06-10,2026-09-19,
C10859,Sahil,Agarwal,sahil.agarwal@bluelotusfoodspvt.in,+91 8868639561,Blue Lotus Foods Pvt Ltd,Marketing Manager,Information Technology,Pune,Bharat,Referral,Neha Joshi,2025-02-15,2026-02-22,2026-09-27
C10997,Arjun,Pillai,arjun.pillai@kestrelfinservsolu.in,+91 8407779462,Kestrel Finserv Solutions,Founder,Financial Services,chennai,India,Events,Neha Joshi,2026-07-29,2026-08-15,
C11011,Riya,Chopra,riya.chopra@novaanalyticsllp.in,+91 9870715238,Nova Analytics LLP,CTO,,Bengaluru,IND,LinkedIn,Neha Joshi,2025-04-24,2026-07-12,2026-07-18
C10595,Kavya,Verma,kavya.verma@tridenthospitality.in,+91 7407875418,Trident Hospitality Industries,CEO,Hospitality,Mumbai,India,LinkedIn,Vikram Rao,2026-03-13,2026-03-13,2026-03-13
C10061,Aditi,Shah,aditi.shah@coralhealthllp.in,+91 7006231203,Coral Health LLP,Business Analyst,Information Technology,Delhi,India,LinkedIn,Priya Nair,2025-06-27,2025-06-27,2026-07-13
C10272,Sahil,Bhatia,sahil.bhatia@silverlinelogistic.in,+91 9990235577,Silverline Logistics Industries,Founder,Manufacturing,Delhi,India,Referral,Neha Joshi,2026-05-07,2026-05-07,
C11070,Tanvi,Brown,tanvi.brown@industextilespvt.in,+91 9429688276,Indus Textiles Pvt Ltd,Director,Edu,Mumbai,India,Paid Ads,Neha Joshi,2025-12-01,2025-12-01,2025-12-01
C11240,Hannah,Banerjee,hannah.banerjee@indushealthpvt.in,+91 8203708782,Indus Health Pvt,,Manufacturing,Chennai,India,Website,Priya Nair,2026-06-07,2026-06-07,
C10278,Divya,Singh,divya.singh@novalabsltd.in,+91 7533448571,Nova Labs Ltd,Operations Manager,Financial Services,Kolkata,India,Inbound - Website,Sneha Iyer,2026-08-25,2026-08-25,2026-08-25
C11029,Yash,Saxena,,+91 8620258254,Banyan Foods Pvt Ltd,Marketing Manager,Hospitality,Hyderabad,India,Paid Ads,Rohit Kulkarni,2026-02-28,2026-02-28,2026-03-18
C10694,Daniel,Nair,daniel.nair@apexhospitalityind.in,,Apex Hospitality Industries,Head of Sales,Healthcare,MUMBAI,India,LinkedIn,Ayesha Khan,2025-07-26,2026-07-05,2026-08-28
C10368,Diya,Patel,diya.patel@peacockpharmasolut.in,12345678901234567,Peacock Pharma Solutions,CEO,Information Technology,Kolkata,India,LinkedIn,Ayesha Khan,2025-11-16,2026-08-25,2026-08-21
C11301,Riya,Versa,riya.verma@cedarpharmasolutio.in,+91 7933334680,Cedar Pharma Solutions,Founder,Manufacturing,Mumbai,India,Referral,Ayesha Khan,2025-11-14,2026-06-04,2026-08-15
C10036,Divya,Reddy,divya.reddy@granitetechgroup.in,+91 8562636897,Granite Tech Group,Founder,Manufacturing,Delhi,India,Events,Vikram Rao,2025-06-18,2026-09-21,
C10735,Rohan,Mishra,rohan.mishra@bluelotusventuresl.in,+91 7758231334,Blue Lotus Ventures LLP,,Healthcare,Bengaluru,India,LinkedIn,Neha Joshi,2026-04-19,2026-04-19,2026-04-26
C11002,Emma,Clarke,emma.clarke@everestpharmagroup.in,+91 8902950264,Everest Pharma Group,Business Analyst,Manufacturing,Delhi,India,Website,Rohit Kulkarni,2026-06-15,2026-06-15,
C10662,Ethan,Das,ethan.das@coralhospitalityin.in,,Coral Hospitality Industries,CTO,,Delhi,India,Events,,2025-01-16,2026-08-05,2026-06-20
C11047,Nikhil,Bhatia,nikhil.bhatia@apexlogisticssolut.in,+91 9522946209,Apex Logistics Solutions,,Real Estate,Poona,India,Events,Arjun Mehta,2025-08-05,2026-05-01,2026-09-01
C10943,Shreya,Chatterjee,shreya.chatterjee@bluelotusfoodspvt.in,+91 8067200784,Blue Lotus Foods Pvt Ltd,,Information Technology,Poona,India,LinkedIn,Sneha Iyer,2025-07-03,2026-03-08,2026-08-29
C10547,Priya,Malhotra,priya.malhotra@meridianmotorssolu.in,98765,Meridian Motors Solutions,CEO,Hospitality,Mumbai,India,Referral,Ayesha Khan,2025-04-01,2026-02-28,
C11057,Rajesh,Wilson,rajesh.wilson@monsoonlabssolutio.in,+91 8436213009,Monsoon Labs Solutions,CTO,Healthcare,pune,India,Website,Arjun Mehta,2024-12-15,2026-09-08,2026-09-29
C10688,Karan,Kulkarni,karan.kulkarni@orbitanalyticspvt.in,+91 8938620448,Orbit Analytics Pvt Ltd,Procurement Lead,Healthcare,Mumbai,India,Website,Neha Joshi,2026-03-20,2026-09-20,2026-04-01
C10738,Aarav,Thakur,aarav.thakur@banyanfoodssolutio.in,+91 8527403344,Banyan Foods Solutions,Procurement Lead,I.T.,Mumbai,India,Website,Farhan Shaikh,2025-03-24,2026-05-13,
C10191,Anjali,Hall,anjali.hall@banyananalyticssol.in,+91 7723184322,Banyan Analytics Solutions,Head of Sales,Financial Services,Delhi,India,LinkedIn,Rohit Kulkarni,2024-11-03,2024-11-03,
C10456,Shreya,Chopra,shreya.chopra@tridentfinservsolu.in,+91 8668459090,Trident Finserv Solutions,Head of Sales,Manufacturing,Pune,India,Website,Arjun Mehta,2025-10-08,2025-10-08,
C10393,Neha,Wright,neha.wright@everesthealthgroup.in,+91 9017226016,Everest Health Group,Operations Manager,healthcare,chennai,India,LinkedIn,Neha Joshi,2025-11-28,2026-06-14,
C10675,Grace,Hughes,grace.hughes@sahyadritechpvt.in,+91 7416448595,Sahyadri Tech Pvt Ltd,Director,Retail,Delhi,India,Event,Ayesha Khan,2024-12-16,2025-03-28,2026-09-26
C10760,Sanjay,Desai,sanjay.desai@banyantextilespvt.in,+91 9673794871,Banyan Textiles Pvt Ltd,Operations Manager,Manufacturing,bengaluru,India,Events,Arjun Mehta,2025-12-20,2026-04-23,2026-05-17
C11299,D.,Walker,deepak.walker@coralmotorspvt.in,+91 9593917251,Coral Motors Pvt Ltd,Marketing Manager,unknown,Mumbai,India,LinkedIn,Arjun Mehta,2025-10-13,2025-10-13,
C10728,Aarav,Mehta,aarav.mehta@everestlogisticsso.in,+91 8332491357,Everest Logistics Solutions,,Retail,Pune,Bharat,Referral,Priya Nair,2026-09-06,2026-09-06,
C10419,Sneha,Thakur,sneha.thakur@orbittechindustrie.in,+91 7741209481,Orbit Tech Industries,Business Analyst,Healthcare,Ahmedabad,india,Website,Priya Nair,2025-12-30,2026-04-30,
C10375,Amit,Walker,amit.walker@cedarfinservltd.in,+91 7382965772,Cedar Finserv Ltd,Operations Manager,Hospitality,Delhi,India,Website,Arjun Mehta,2024-11-12,2026-08-22,
C10412,Meera,Walker,meera.walker@harborventuresllp.in,+91 8539989354,Harbor Ventures LLP,Operations Manager,Healthcare,Mumbai,India,Events,Ayesha Khan,2025-04-10,2026-05-29,2026-03-16
C10074,Amit,Das,amit.das@indusfinservgroup.in,+91 9793564651,Indus Finserv Group,Director,Financial Services,Pune,India,Website,Ayesha Khan,2025-11-12,2025-11-12,2026-08-20
C11236,Tanvi,Djs,tanvi.das@,+91 9891416128,Nova Logistics Ltd,Operations Manager,Financial Services,Ahmedabad,Bharat,Cold Outreach,Vikram Rao,2025-04-14,2026-09-02,
C11040,Sophie,Khanna,sophie.khanna@indushospitalityll.in,+91 9975358523,Indus Hospitality LLP,Business Analyst,Manufacturing,Pune,India,LinkedIn,Priya Nair,2026-01-10,2026-01-10,2026-05-07
C10500,Harsh,Joshi,harsh.joshi@bluelotusanalytics.in,+91 7572018596,Blue Lotus Analytics Ltd,Head of Sales,,Pune,India,,Farhan Shaikh,2025-07-08,2026-08-11,2025-09-26
C10825,Daniel,Mehta,daniel.mehta@orbitlabsgroup.in,+91 8326949684,Orbit Labs Group,Marketing Manager,Education,Mumbai,India,LinkedIn,Arjun Mehta,2025-10-05,2026-08-03,
C10982,Harsh,Patel,harsh.patel@banyanhospitalitys.in,+91 7126003083,Banyan Hospitality Solutions,Procurement Lead,Information Technology,Bengaluru,India,LinkedIn,Rohit Kulkarni,2026-02-04,2026-02-19,2026-02-04
C10616,Grace,Bose,grace.bose@sahyadritechllp.in,+91 9837744197,Sahyadri Tech LLP,Procurement Lead,Manufacturing,Delhi,India,Events,Farhan Shaikh,2026-08-07,2026-08-07,
C10114,Rohan,Desai,rohan.desai@novalabsltd.in,+91 8215107029,Nova Labs Ltd,CTO,Financial Services,Kolkata,India,Cold Outreach,Farhan Shaikh,2026-07-01,2026-07-21,2026-09-23
C10417,Varun,Wright,varun.wright@kestrelfinservsolu.in,+91 8432701851,Kestrel Finserv Solutions,Founder,Financial Services,Madras,India,LinkedIn,Sneha Iyer,2025-05-29,2026-09-13,2026-07-04
C10601,Sahil,Patel,sahil.patel@kestrelanalyticslt.in,+91 9438822114,Kestrel Analytics Ltd,Procurement Lead,Finance,Ahmedabad,India,LinkedIn,NA,2026-07-30,2026-09-25,2026-08-15
C10604,Pooja,Clarke,pooja.clarke@apexrealtyllp.in,+91 8824556964,Apex Realty LLP,Operations Manager,Hospitality,Mum,India,Website,Arjun Mehta,2025-04-14,2026-01-07,2026-09-30
C11022,Amit,Patel,amit.patel@harborventuresllp.in,+91 9421410527,Harbor Ventures LLP,CTO,Healthcare,Bombay,India,Referral,Rohit Kulkarni,2026-05-29,2026-05-29,
C10089,Pooja,Hall,pooja.hall@silverlinefinservl.in,+91 8449481260,Silverline Finserv LLP,Operations Manager,F&B,Bengaluru,India,Cold Outreach,Ayesha Khan,2026-04-20,2026-08-23,2026-10-01
C10848,Isha,Walker,isha.walker@peacocklabsindustr.in,+91 8394570394,Peacock Labs Industries,Marketing Manager,Education,Mumbai,India,,Sneha Iyer,2025-02-28,2026-04-27,2026-08-30
C11009,Aditya,Hughes,aditya.hughes@auroralogisticssol.in,+91 9436998480,Aurora Logistics Solutions,Head of Sales,Information Technology,Bengaluru,India,Website,Priya Nair,2025-07-12,2026-08-01,2026-09-02
C11263,Ananya,Iyer,ANANYA.IYER@BLUELOTUSFOODSPVT.IN,+91 7404384279,Blue Lotus Foods Pvt Ltd,Finance Manager,Information Technology,Pune,India,Referral,Rohit Kulkarni,2026-07-20,2026-08-08,2026-03-30
C10753,Varun,Rao,varun.rao@novafoodsgroup.in,+91 7093459626,Nova Foods Group,Head of Sales,Real Estate,Bengaluru,India,Web,Ayesha Khan,2025-02-01,2026-08-19,2026-08-28
C10498,Ethan,Thakur,ethan.thakur@cedartechpvt.in,+91 9443861259,Cedar Tech Pvt Ltd,Founder,Manufacturing,Mumbai,India,Cold Outreach,Sneha Iyer,2026-02-25,2026-02-25,2026-06-21
C11048,Liam,Menon,liam.menon@indushospitalityso.in,+91 7039952970,Indus Hospitality Solutions,CEO,Retail,Delhi,India,Website,Neha Joshi,2025-01-30,2026-01-25,2026-08-30
C11054,Harsh,Sharma,harsh.sharma@orbitmotorsllp.in,call reception,Orbit Motors LLP,,Healthcare,Bengaluru,India,Website,Farhan Shaikh,2026-02-24,2026-02-24,
C11052,Sneha,Das,sneha.das@silverlinelogistic.in,+91 7109567975,Silverline Logistics Industries,CTO,Manufacturing,Delhi,India,Cold Outreach,Sneha Iyer,2026-05-28,2026-08-12,
C10011,Chloe,Das,chloe.das@tridenthospitality.in,+91 7036971179,Trident Hospitality Industries,Business Analyst,Hospitality,Mumbai,India,Website,Vikram Rao,2026-04-21,2026-07-03,
C10396,Vivaan,Desai,vivaan.desai@coralhospitalityin.in,+91 7723683147,Coral Hospitality Industries,-,Information Technology,Delhi,India,Referral,Priya Nair,2025-09-10,2025-09-10,2026-09-09
C11031,Karan,Wilson,karan.wilson@tridentfinservsolu.in,98765,Trident Finserv Solutions,Finance Manager,Manufacturing,Poona,India,LinkedIn,Rohit Kulkarni,2025-03-17,2025-11-14,
C10555,Komal,Patel,komal.patel@auroralabssolution.in,,Aurora Labs Solutions,Director,Education,Mumbai,India,,Arjun Mehta,2026-05-24,2026-06-14,
C10042,Deepak,Brown,deepak.brown@saffronrealtyllp.in,+91 9400499154,Saffron Realty LLP,Finance Manager,Retail,Mumbai,India,Paid Ads,Neha Joshi,2025-12-23,2026-09-16,
C10841,Ethan,Patel,,+91 8990802711,Pinnacle Retail Ltd,Head of Sales,Fin Services,Mumbai,India,Website,Ayesha Khan,2025-04-30,2025-10-10,2026-03-17
C10167,Daniel,Bose,daniel.bose@vertexretailindust.in,+91 8472269848,Vertex Retail Industries,,,Bengaluru,India,Events,unknown,2026-04-10,2026-05-22,
C10416,Payal,Pandey,payal.pandey@zenithmotorspvt.in,+91 8940821545,Zenith Motors Pvt Ltd,Operations Manager,Manufacturing,Pune,India,LinkedIn,Priya Nair,2026-08-11,2026-08-11,
C10576,Chloe,Banerjee,chloe.banerjee@cedartechgroup.in,NA,Cedar Tech Group,CEO,,Hyderabad,IN,Website,Sneha Iyer,2025-01-10,2025-10-21,2026-04-18
C10834,James,Smith,james.smith@aurorafinservllp.in,,Aurora Finserv LLP,Director,Education,Delhi,India,Website,Vikram Rao,2026-09-04,2026-09-04,2026-09-04
C10267,Rahul,Pandey,rahul.pandey@lumenmotorspvt.in,+91 7499982795,Lumen Motors Pvt Ltd,Founder,real estate,Pune,India,Web,Sneha Iyer,2026-07-25,2026-07-25,2026-07-25
C10989,Ritika,Desai,ritika.desai@orbitrealtysolutio.in,+91 7123426698,Orbit Realty Solutions,Founder,Hospitality,Pune,India,LinkedIn,Priya Nair,2025-12-17,2026-09-03,2026-09-13
C10426,Aarav,Khanna,aarav.khanna@sahyadrihealthgrou.in,+91 9420074946,Sahyadri Health Group,Procurement Lead,unknown,Delhi,India,Cold Outreach,Vikram Rao,2025-08-08,2025-08-14,2026-09-14
C10690,Kunal,Iyer,kunal.iyer@cedartextilessolut.in,+91 7432406424,Cedar Textiles Solutions,Head of Sales,Education,Pune,India,Referral,Farhan Shaikh,2025-07-30,2026-05-22,2026-08-14
C10544,Varun,Iyer,varun.iyer@tridentanalyticsgr.in,+91 7265576769,Trident Analytics Group,Procurement Lead,,Mumbai,India,Website,Vikram Rao,2025-03-06,2025-03-06,
C11237,NIKHIL,iyer,nikhil.iyer@everestretailpvt.in,+91 8888610158,Everest Retail Pvt Ltd,,I.T.,Calcutta,India,referral,Arjun Mehta,2025-08-14,2025-08-14,
C10674,Harsh,Mehta,harsh.mehta@meridiananalyticsl.in,+91 7281237106,Meridian Analytics Ltd,Finance Manager,Healthcare,Pune,India,Website,Neha Joshi,2026-09-02,2026-09-02,2026-09-02
C10689,Daniel,Iyer,daniel.iyer@auroralabspvt.in,+91 8111212590,Aurora Labs Pvt Ltd,Head of Sales,Retail,Dilli,India,,Vikram Rao,2025-05-07,2026-08-16,2026-09-01
C11165,Kunal,Chatterjee,kunal.chatterjee@saffrontechltd.in,+91 8914261404,Saffron Tech Ltd,Business Analyst,Manufacturing,Ahmedabad,India,Referral,Vikram Rao,2026-06-15,2026-08-02,
C10851,Oliver,Desai,oliver.desai@pinnaclefoodsgroup.in,+91 9514604014,Pinnacle Foods Group,Head of Sales,NA,Chennai,India,LinkedIn,Vikram Rao,2025-06-16,2025-08-08,2026-08-14
C11292,Deepak,Mehta,deepak.mehta@cedarlearningpvt.in,099657-01329,Cedar Learning Pvt Ltd,Founder,Retail,Mumbai,India,Cold Outreach,Ayesha Khan,2025-02-06,2026-09-12,2025-12-21
C10159,Aditya,Mehta,null,+91 8089935889,Pinnacle Finserv Solutions,CEO,Healthcare,Mumbai,India,Linked In,Vikram Rao,2025-09-17,2025-09-17,
C11055,Ethan,Iyer,ethan.iyer@graniterealtygroup.in,+91 8808081571,Granite Realty Group,Head of Sales,Manufacturing,Mumbai,India,Referral,Rohit Kulkarni,2024-12-17,2026-05-21,2026-01-12
C10257,Karan,Smith,karan.smith@silverlinehospital.in,unknown,Silverline Hospitality Industries,Marketing Manager,Financial Services,Pune,India,Website,Priya Nair,2025-04-17,2026-04-25,
C11033,Varun,Green,varun.green@novafinservllp.in,+91 9768316082,Nova Finserv LLP,Finance Manager,Healthcare,Delhi,India,Paid Ads,Neha Joshi,2025-12-26,2026-09-25,
C10335,Arjun,Hall,arjun.hall@meridianlearningpv.in,null,Meridian Learning Pvt Ltd,Business Analyst,Information Technology,Bengaluru,India,LinkedIn,Neha Joshi,2024-11-01,2026-02-04,2026-10-01
C11241,Kavya,Khanna,kavya.khanna@harborlabsllp.in,+91 8383206038,Harbor Labs LLP,Procurement Lead,Financial Services,Bengaluru,IN,Referral,Priya Nair,2025-06-10,2026-06-02,2026-02-08
C10015,Deepak,Clarke,deepak.clarke@bluelotuslabspvt.in,+91 7345054156,Blue Lotus Labs Pvt Ltd,CTO,Healthcare,Mumbai,India,Events,Farhan Shaikh,2026-08-29,2026-08-29,2026-08-29
C10515,Aarav,Green,aarav.green@quantumtechpvt.in,+91 9068538909,Quantum Tech Pvt Ltd,Finance Manager,,Delhi,India,Paid Ads,Vikram Rao,2025-10-11,2025-10-11,
C10324,Diya,Pillai,diya.pillai@quantumtechpvt.in,+91 9016580464,Quantum Tech Pvt Ltd,Director,,Delhi,India,unknown,Vikram Rao,2025-08-21,2025-08-21,2026-07-14
C10768,Emma,Saxena,emma.saxena@zenithhospitalityl.in,+91 7897215406,Zenith Hospitality LLP,Operations Manager,Manufacturing,Mumbai ,India,Website,Neha Joshi,2026-08-25,2026-09-16,
C10607,Arjun,Banerjee,arjun.banerjee@banyanretailpvt.in,+91 8882142369,Banyan Retail Pvt Ltd,CEO,,mumbai,India,LinkedIn,Priya Nair,2026-06-29,2026-06-29,
C11163,Harsh,Kapoor,harsh.kapoor@meridianventuresin.in,+91 7125450809,Meridian Ventures Industries,Procurement Lead,Information Technology,Bengaluru,India,Paid Ads,Sneha Iyer,2026-04-02,2026-04-02,2026-06-15
C10966,Sneha,Agarwal,sneha.agarwal@pinnacletextileslt.in,+91 7542960807,Pinnacle Textiles Ltd,Founder,Information Technology,Mumbai,India,LinkedIn,Vikram Rao,2025-09-26,2025-12-31,2026-07-04
C10900,Kunal,Rao,kunal.rao@aurorafoodsgroup.in,+91 7321450576,Aurora Foods Group,CTO,unknown,Mumbai,India,Website,Sneha Iyer,2025-06-01,2026-06-05,2026-04-08
C10222,Ethan,Rao,ethan.rao@pinnaclemotorspvt.in,+91 8807740649,Pinnacle Motors Pvt Ltd,Marketing Manager,,Bengaluru,India,Cold Outreach,Arjun Mehta,2025-02-10,2026-07-02,
C10179,Suresh,Saxena,suresh.saxena@cedaranalyticsltd.in,-,Cedar Analytics Ltd,,Hospitality,Bengaluru,India,Trade Show,Rohit Kulkarni,2025-09-09,2025-09-09,2025-10-28
C10944,Riya,Chatterjee,riya.chatterjee@sahyadritechllp.in,+91 7781975437,Sahyadri Tech LLP,Marketing Manager,Manufacturing,NCR Delhi,India,Events,Sneha Iyer,2025-01-08,2025-11-07,
C10099,Amit,Rao,amit.rao@harborhospitalityl.in,+91 9658271091,Harbor Hospitality LLP,Founder,Real Estate,Ahmedabad,India,,Priya Nair,2026-01-31,2026-01-31,2026-09-27
C10836,Yash,Menon,yash.menon@indushealthpvt.in,+91 8250733055,Indus Health Pvt Ltd,Director,Manufacturing,Chennai,India,,Ayesha Khan,2025-07-30,2026-03-24,2026-01-11
C10757,Emma,Nair,emma.nair@silverlinefoodsgro.in,+91 9932382231,Silverline Foods Group,CEO,,Mumbai,India,Events,Sneha Iyer,2026-04-24,2026-09-10,2026-09-15
C10521,Ananya,Desai,,+91 9416787256,Granite Tech Group,Business Analyst,Mfg,delhi,India,NA,Farhan Shaikh,2026-04-27,2026-04-27,2026-05-20
C10761,Diya,Banerjee,diya.banerjee@meridianrealtyindu.in,+91 8871584156,Meridian Realty Industries,Founder,NA,Hyderabad,India,Paid Ads,Ayesha Khan,2025-01-27,2025-09-26,
C10022,Nikhil,Bose,nikhil.bose@coralmotorsgroup.in,+91 7589578291,Coral Motors Group,CEO,Education,Bengaluru,India,LinkedIn,Neha Joshi,2026-05-28,2026-09-27,2026-09-11
C10356,Tanvi,Banerjee,tanvi.banerjee@cedarretailpvt.in,,Cedar Retail Pvt Ltd,Finance Manager,Manufacturing,Chennai,India,LinkedIn,Priya Nair,2026-08-30,2026-08-30,2026-08-30
C10733,Chloe,Desai,chloe.desai@zenithmotorssoluti.in,+91 9970469472,Zenith Motors Solutions,Procurement Lead,Manufacturing,Bengaluru,India,N/A,Sneha Iyer,2026-08-27,2026-08-27,2026-09-24
C11098,Sneha,Singh,,+91 9181677848,Nova Tech Solutions,CEO,Retail,Hyderabad,India,,Arjun Mehta,2026-02-06,2026-02-06,
C11223,V.,Joshi, ,+91 7833898881,Saffron Analytics Ltd,CTO,Manufacturing,bengaluru,India,LinkedIn,Rohit Kulkarni,2025-03-20,2026-09-14,
C10611,Karan,Rao,karan.rao@harborlogisticsgro.in,+91 8398529894,Harbor Logistics Group,Founder,Healthcare,Pune,India,Cold Outreach,Farhan Shaikh,2025-11-05,2026-06-16,2026-05-22
C11125,Kunal,Das,kunal.das@zenithretailgroup.in,+91 9574835268,Zenith Retail Group,Founder,,Hyderabad,India,LinkedIn,Sneha Iyer,2025-11-16,2025-11-16,
C10340,Sahil,Das,sahil.das@kestrelanalyticslt.in,+91 8301471959,Kestrel Analytics Ltd,Finance Manager,Financial Services,ahmedabad,India,Referal,Sneha Iyer,2025-12-17,2025-12-17,2026-07-24
C10431,Isha,Iyer,isha.iyer@silverlinehospital.in,+91 9433750479,Silverline Hospitality Industries,Marketing Manager,Financial Services,Pune,India,Website,Farhan Shaikh,2026-06-10,2026-06-10,2026-07-04
C11090,Karan,Pillai,karan.pillai@harborhealthpvt.in,+91 9488600801,Harbor Health Pvt Ltd,Finance Manager,Hospitality,Hyderabad,India,Referral,Farhan Shaikh,2025-02-13,2025-02-13,2026-09-23
C10217,Oliver,Das,unknown,+91 9647598762,Orbit Textiles Pvt Ltd,Head of Sales,Healthcare,Mumbai,India,Cold Outreach,Ayesha Khan,2025-05-29,2026-03-11,2025-12-31
C10911,Kavya,Green,kavya.green@lumenanalyticssolu.in,+91 8295961111,Lumen Analytics Solutions,Founder,,Pune,India,,Farhan Shaikh,2025-05-11,2026-06-17,2026-04-21
C10203,Ananya,Patel,ananya.patel@silverlinefoodsgro.in,+91 9021465669,Silverline Foods Group,Marketing Manager,Retail,Mumbai,India,Referral,Rohit Kulkarni,2026-09-07,2026-09-07,2026-09-16
C11066,Emma,Verma,null,,Pinnacle Labs Pvt Ltd,Director,Education,Hyderabad,India,Referral,Neha Joshi,2024-12-12,2026-04-30,2026-08-09
C11077,Priya,Smith,priya.smith@saffronventuresind.in,,Saffron Ventures Industries,CTO,Retail,Mumbai,India,LinkedIn,,2024-11-07,2026-08-08,2026-09-26
C10093,Daniel,Rao,daniel.rao@harborlabsltd.in,+91 8241541520,Harbor Labs Ltd,,Hospitality,Hyderabad,India,Referral,Vikram Rao,2025-10-15,2025-10-15,2026-08-28
C10977,Vivaan,Wright,NA,+91 8182980365,Banyan Analytics LLP,Finance Manager,Healthcare,Pune,India,,Neha Joshi,2026-07-09,2026-08-10,
C10068,Vivaan,Chatterjee,vivaan.chatterjee@meridianlearningpv.in,+91 8735866296,Meridian Learning Pvt Ltd,CEO,Information Technology,Bengaluru,India,Cold Outreach,Sneha Iyer,2025-05-27,2026-08-29,2025-11-01
C11280,H.,Kapoor,harsh.kapoor@meridianventuresin.in,+91 7125450809,Meridian Ventures Industries,Procurement Lead,Info Tech,Bengaluru,India,Paid Ads,Sneha Iyer,2026-09-15,2026-09-15,2026-06-15
C10284,Komal,Pandey,N/A,+91 7827615396,Granite Health Industries,CTO,Healthcare,Chennai,India,Referral,Arjun Mehta,2026-06-16,2026-06-16,
C10696,Rahul,Pandey,rahul.pandey@silverlinelogistic.in,+91 8969028249,Silverline Logistics Pvt Ltd,Business Analyst,Education,Mumbai,India,Website,Ayesha Khan,2025-02-10,2025-08-29,2026-06-24
C10085,Ritika,Shah,ritika.shah@banyanrealtygroup.in,+91 7723688767,Banyan Realty Group,CTO,Finance,Bengaluru,India,Events,Neha Joshi,2026-08-08,2026-08-08,2026-08-08
C10434,Sahil,Wilson,sahil.wilson@bluelotusmotorspvt.in,+91 8803046875,Blue Lotus Motors Pvt Ltd,Founder,Financial Services,Bengaluru,India,LinkedIn,Arjun Mehta,2024-11-02,2026-05-10,2026-09-02
C11170,Aarav,Reddy,aarav.reddy@industextilesgroup.in,+91 7052781055,Indus Textiles Group,Business Analyst,Real Estate,Mumbai,India,Events,Priya Nair,2024-12-30,2025-12-11,
C10153,Manish,Nair,manish.nair@saffrontechindustr.in,+91 8992618914,Saffron Tech Industries,CEO,Financial Services,Bengaluru,India,Cold Outreach,Neha Joshi,2025-02-02,2026-02-09,2026-06-06
C10075,Vivaan,Khanna,vivaan.khanna@peacockpharmasolut.in,+91 7741672434,Peacock Pharma Solutions,Head of Sales,Info Tech,Kolkata,india,Events,Farhan Shaikh,2025-07-13,2026-05-01,2026-08-20
C11149,Nikhil,Malhotra,nikhil.malhotra@banyanventuresindu.in,+91 7041447432,Banyan Ventures Industries,Business Analyst,Manufacturing,Pune,India,Events,Rohit Kulkarni,2025-10-30,2026-08-17,
C11318,Ananya,Taylou,ananya.taylor@silverlinefinservl.in,+91 7979316477,Silverline Finserv LLP,Head of Sales,Hospitality,Bengaluru,India,Events,Rohit Kulkarni,2027-05-10,2026-08-02,2026-05-30
C10789,Diya,Desai,diya.desai@zenithretailgroup.in,+91 8283512959,Zenith Retail Group,Head of Sales,Hospitality,Hyd,India,Cold Outreach,Ayesha Khan,2025-11-01,2026-07-21,2026-10-01
C10580,Nikhil,Malhotra,nikhil.malhotra@meridianlearningpv.in,,Meridian Learning Pvt Ltd,Finance Manager,Information Technology,Banglore,India,Events,Neha Joshi,2025-11-01,2025-11-14,
C10446,Sophie,Rao,sophie.rao@banyanmotorsllp.in,+91 7534735528,Banyan Motors LLP,Director,manufacturing,Delhi,IND,Cold Outreach,Rohit Kulkarni,2026-06-02,2026-06-02,2026-08-02
C10703,Aarav,Brown,aarav.brown@granitemotorsllp.in,+91 9660464197,Granite Motors LLP,Business Analyst,,Calcutta,India,LinkedIn,Neha Joshi,2025-04-15,2026-04-16,2026-09-28
C10188,Ritika,Joshi,ritika.joshi@lumenlogisticsltd.in,,Lumen Logistics Ltd,Marketing Manager,Real Estate,pune,India,Cold Outreach,Vikram Rao,2026-05-11,2026-05-11,2026-05-11
C10271,Ritika,Pandey,ritika.pandey@,+91 8583034414,Meridian Health Group,Operations Manager,Financial Services,Mumbai,India,Referral,Arjun Mehta,2024-11-05,2026-04-23,2026-04-06
C11112,Rohan,Pillai,rohan.pillai@silverlinefoodsgro.in,+91 9625719760,Silverline Foods Group,Director,Retail,Mumbai,India,Website,,2026-03-16,2026-04-26,
C10884,Sanjay,Bose,sanjay.bose@silverlinetechllp.in,+91 9953263890,Silverline Tech LLP,Head of Sales,Retail,Banglore,India,Website,Sneha Iyer,2024-12-16,2026-08-25,
C10236,James,Shah,james.shah@industextilesgroup.in,+91 9650948014,Indus Textiles Group,CEO,Real Estate,Mumbai,India,Paid Ads,Rohit Kulkarni,2026-07-15,2026-07-15,2026-07-15
C10487,Aditya,Nair,aditya.nair@induslogisticsltd.in,+91 7698477596,Indus Logistics Ltd,Procurement Lead,,kolkata,India,Linked In,Arjun Mehta,2025-08-02,2026-09-15,
C11274,Rajesh,Thakur,NA,+91 9982507146,Harbor Tech Group,CEO,,Chennai,India,Website,Ayesha Khan,2025-05-25,2026-08-25,2026-05-17
C10559,Ritika,Rao,ritika.rao@monsoontextilesind.in,+91 9955168740,Monsoon Textiles Industries,Director,Real Estate,Bengaluru,India,Paid Ads,Priya Nair,2024-12-15,2026-06-17,2026-07-01
C10117,Aditi,Brown,aditi.brown@granitelogisticsll.in,+91 9856420593,Granite Logistics LLP,Founder,Retail,Bengaluru,India,,Sneha Iyer,2025-02-07,2026-02-04,
C10637,Aditi,Chopra,aditi.chopra@granitetechgroup.in,+91 9549305966,Granite Tech Group,,,Delhi,India,Cold Outreach,Farhan Shaikh,2026-05-29,2026-05-29,2026-05-29
C11188,Sneha,Reddy,sneha.reddy@saffronrealtyindus.in,+91 7191505764,Saffron Realty Industries,Operations Manager,Retail,Pune,India,Referral,Neha Joshi,2024-12-11,2026-09-05,
C10801,Swati,Brown,swati.brown@kestrellabssolutio.in,,Kestrel Labs Solutions,CEO,Manufacture,Bengaluru,India,Cold Outreach,Rohit Kulkarni,2024-12-21,2026-04-29,
C10750,Sahil,Iyer,sahil.iyer@@granitefinservgrou.in,+91 9981231795,Granite Finserv Group,Procurement Lead,Manufacturing,Bengaluru,India,LinkedIn,Vikram Rao,2025-03-26,2025-03-26,2026-06-15
C10512,Komal,Rao,komal.rao@auroralabssolution.in,NA,Aurora Labs Solutions,Marketing Manager,Education,Mumbai,India,Events,Farhan Shaikh,2026-03-05,2026-09-17,
C10633,Rohan,Banerjee,rohan.banerjee@granitelabsgroup.in,+91 7753745843,Granite Labs Group,Business Analyst,Education,Pune,India,Cold Outreach,Arjun Mehta,2026-03-01,2026-03-01,2026-09-12
C11205,Sanjay,Heghes,sanjay.hughes@meridianfoodsindus.in,+91 7119509271,Meridian Foods Industries,CEO,Retail,Chennai,India,LinkedIn,Farhan Shaikh,2026-06-27,2026-08-25,2026-06-10
C11122,Anjali,Banerjee,anjali.banerjee@novalogisticspvt.in,+91 9189485432,Nova Logistics Pvt Ltd,Director,Manufacturing,Mumbai,India,Referral,Farhan Shaikh,2025-03-12,2026-06-14,2025-12-06
C10907,Nisha,Gupta,nisha.gupta@meridianlearningpv.in,+91 9984933067,Meridian Learning Pvt Ltd,null,,Bengaluru,India,LinkedIn,Sneha Iyer,2025-02-05,2026-09-29,2026-08-29
C11196,Manish,Rao,manish.rao@peacockpharmallp.in,+91 8398894132,Peacock Pharma LLP,CEO,Retail,Pune,Bharat,Paid Ads,Neha Joshi,2025-06-22,2026-04-28,2026-08-24
C10126,Vivaan,Agarwal,vivaan.agarwal@auroramotorsllp.in,+91 7152621815,Aurora Motors LLP,Director,Education,Chennai,India,,Neha Joshi,2026-01-17,2026-05-06,
C10790,Varun,Saxena,varun.saxena@silverlinelogistic.in,+91 7814415298,Silverline Logistics Pvt Ltd,Head of Sales,EdTech,Mumbai,India,Paid Ads,Neha Joshi,2025-06-22,2025-12-01,
C10829,Kunal,Saxena,kunal.saxena@banyanlabspvt.in,+91 9660256265,Banyan Labs Pvt Ltd,Founder,Financial Services,Hyderabad,India,LinkedIn,Ayesha Khan,2025-10-06,2026-02-07,
C10116,Manish,Hughes,manish.hughes@silverlinerealtyll.in,+91 7462638380,Silverline Realty LLP,CTO,Information Technology,Delhi,India,Cold Outreach,Arjun Mehta,2026-07-30,2026-07-30,2026-08-26
C10473,Shreya,Das,shreya.das@cedartextilessolut.in,+91 8303975245,Cedar Textiles Solutions,Founder,Education,Pune,India,Referral,Farhan Shaikh,2025-06-24,2026-02-25,
C10740,Chloe,Menon,chloe.menon@sahyadrifinservsol.in,+91 9734996010,Sahyadri Finserv Solutions,Procurement Lead,,NCR Delhi,India,LinkedIn,Arjun Mehta,2025-02-04,2026-02-19,2026-06-07
C11117,Harsh,Taylor,harsh.taylor@auroralearningllp.in,+91 9225709001,Aurora Learning LLP,CTO,Financial Services,Kolkata,India,Website,Arjun Mehta,2026-08-13,2026-09-14,
C10950,Aditya,Kapoor,aditya.kapoor@saffronanalyticslt.in,+91 9118723335,Saffron Analytics Ltd,CEO,Manufacturing,Bengaluru,IN,Website,Priya Nair,2025-05-23,2026-05-30,2025-08-28
C10057,Ethan,Wright,ethan.wright@zenithlabsllp.in,+91 9373540331,Zenith Labs LLP,Finance Manager,Education,Delhi,India,Paid Ads,Vikram Rao,2025-06-15,2026-09-22,2025-11-08
C10603,Manish,Malhotra,,+91 7570396531,Nova Logistics LLP,Marketing Manager,Healthcare,Delhi,India,Paid Ads,Farhan Shaikh,2025-11-23,2026-01-07,2026-01-06
C10786,Vivaan,Brown,vivaan.brown@kestrellogisticspv.in,+91 8116966672,Kestrel Logistics Pvt Ltd,Procurement Lead,real estate,Pune,India,Website,Sneha Iyer,2025-11-06,2026-05-22,2026-03-25
C10830,Komal,Kulkarni,komal.kulkarni@lumenfinservpvt.in,+91 7672453076,Lumen Finserv Pvt Ltd,Head of Sales,Retail,Mumbai,India,LinkedIn,Sneha Iyer,2025-12-11,2026-05-24,
C10119,Diya,Kulkarni,diya.kulkarni@everesthealthgroup.in,+91 8590599293,Everest Health Group,Finance Manager,Healthcare,Chennai,India,Referral,Ayesha Khan,2025-02-13,2026-09-08,
C10656,Payal,Patel,payal.patel@orbitlabsllp.in,+91 9830705349,Orbit Labs LLP,CTO,,Bengaluru,India,Events,Ayesha Khan,2025-11-23,2026-09-12,2026-09-02
C11063,Manish,Menon,manish.menon@coralhealthindustr.in,+91 9416612374,Coral Health Industries,Founder,Information Technology,Bengaluru,India,Referral,Sneha Iyer,2025-02-11,2026-08-23,2025-12-17
C10669,Harsh,Taylor,harsh.taylor@apexhospitalityind.in,+91 8473149764,Apex Hospitality Industries,CTO,Healthcare,Mumbai,India,TBD,Farhan Shaikh,2026-03-13,2026-08-31,2026-09-23
C10105,Aditya,Hughes,aditya.hughes@bluelotusventuresl.in,+91 9635365419,Blue Lotus Ventures LLP,Procurement Lead,Healthcare,Bengaluru,India,Website,Priya Nair,2026-08-05,2026-08-05,2026-09-24
C10635,Aditya,Bose,aditya.bose@sahyadritechllp.in,+91 9710704496,Sahyadri Tech LLP,Operations Manager,Manufacturing,NCR Delhi,India,Cold Outreach,Rohit Kulkarni,2026-08-07,2026-08-07,2026-09-18
C10369,Sahil,Walker,sahil.walker@pinnaclerealtygrou.in,+91 7898471391,Pinnacle Realty Group,Procurement Lead,Medical,Delhi,India,,Farhan Shaikh,2026-09-16,2026-09-16,2026-09-16
C10268,Rajesh,Menon,rajesh.menon@apexhospitalityind.in,+91 8814721458,Apex Hospitality Industries,CTO,Healthcare,Mumbai,India,Word of mouth,Vikram Rao,2025-04-27,2025-04-27,2026-06-30
C10655,Riya,Chatterjee, ,+91 7244913421,Zenith Motors Pvt Ltd,,,Pune,India,Referral,Ayesha Khan,2025-10-21,2026-04-26,2026-08-11
C10819,Aditya,Rao,aditya.rao@silverlinetechllp.in,+91 9090463766,Silverline Tech LLP,Founder,Retail,Bengaluru,India,Events,Sneha Iyer,2025-09-04,2026-07-11,2026-08-16
C10935,Karan,Malhotra,karan.malhotra@induslogisticsltd.in,,Indus Logistics Ltd,CEO,Real Estate,Kolkata,India,Cold Outreach,,2025-09-05,2026-07-04,
C10822,Aarav,Sharma,aarav.sharma@everestpharmagroup.in,+91 8912975191,Everest Pharma Group,Founder,Manufacturing,Dilli,India,Events,Vikram Rao,2024-11-25,2026-02-16,2026-06-08
C10866,Komal,Reddy,komal.reddy@sahyadrimotorsindu.in,+91 8274204956,Sahyadri Motors Industries,CEO,N/A,Chennai,India,,Rohit Kulkarni,2025-11-21,2026-03-23,2026-08-14
C10046,James,Das,james.das@zenithmotorspvt.in,+91 7327279568,Zenith Motors Pvt Ltd,Finance Manager,Manufacturing,Pune,India,,Vikram Rao,2026-04-11,2026-04-11,2026-07-06
C10349,Ethan,Clarke,,+91 9138759271,Pinnacle Health Solutions,Head of Sales,Education,Pune,India,Cold Outreach,Farhan Shaikh,2025-01-15,2026-09-20,
C11141,Sanjay,Bose,sanjay.bose@sahyadrifinservsol.in,+91 9868430211,Sahyadri Finserv Solutions,CTO,Retail,Delhi,India,LinkedIn,Vikram Rao,2026-01-01,2026-09-13,
C10876,Kunal,Bhatia,kunal.bhatia@meridiantechgroup.in,+91 9954787698,Meridian Tech Group,Director,,Hyderabad,India,Referal,Ayesha Khan,2025-02-20,2026-09-08,
C10773,James,Mishra,james.mishra@cedarlearningltd.in,+91 7392051460,Cedar Learning Ltd,Finance Manager,Hospitality,Bengaluru,India,Cold Outreach,Sneha Iyer,2026-07-26,2026-07-26,2026-07-26
C10195,Payal,Wright,payal.wright@granitemotorsllp.in,+91 8621038862,Granite Motors LLP,Director,Financial Services,Kolkata,India,Website,Neha Joshi,2026-08-02,2026-08-02,
C10102,Emma,Kulkarni,emma.kulkarni@granitehospitality.in,+91 9202758842,Granite Hospitality Ltd,Procurement Lead,Fin Services,Delhi,IN,Website,Sneha Iyer,2026-03-31,2026-03-31,
C10004,Tanvi,Pillai,tanvi.pillai@banyanfoodspvt.in,+91 8235733221,Banyan Foods Pvt Ltd,Operations Manager,Hospitality,Hyderbad,India,Cold Outreach,Rohit Kulkarni,2025-10-11,2026-02-26,
C10619,Oliver,Gupta,oliver.gupta@kestrelanalyticspv.in,+91 9957244617,Kestrel Analytics Pvt Ltd,CTO,,Pune,India,Paid Ads,Ayesha Khan,2026-06-01,2026-07-14,2026-09-28
C10571,Sahil,Chopra,sahil.chopra@sahyadripharmaindu.in,+91 8660538444,Sahyadri Pharma Industries,Operations Manager,Education,Bengaluru,India,,Farhan Shaikh,2024-12-08,2026-05-31,2026-08-30
C10052,Aditya,Pandey,aditya.pandey@coralhospitalityin.in,+91 7331190790,Coral Hospitality Industries,Marketing Manager,information technology,Delhi,India,events,Farhan Shaikh,2026-01-31,2026-08-28,2026-05-12
C10263,Hannah,Menon,hannah.menon@apexlogisticssolut.in,+91 9926860259,Apex Logistics Solutions,Head of Sales,Real Estate,Pune,India,Website,Ayesha Khan,2026-04-14,2026-04-14,2026-04-14
C11204,Kavya,Hughes,KAVYA.HUGHES@INDUSFINSERVGROUP.IN,+91 8678544587,Indus Finserv Group,Finance Manager,,Pune,India,Website,Neha Joshi,2026-08-30,2026-08-30,
C10443,Vikram,Joshi,vikram.joshi@coraltextilespvt.in,+91 7730337933,Coral Textiles Pvt Ltd,Finance Manager,Hospitality,Mumbai,India,Events,Arjun Mehta,2025-12-24,2026-07-14,
C11102,Yash,Rao,yash.rao@bluelotusmotorspvt.in,+91 7019864242,Blue Lotus Motors Pvt Ltd,Marketing Manager,Financial Services,Bengaluru,India,Cold Outreach,Vikram Rao,2026-06-09,2026-06-09,
C10782,Hannah,Hughes,hannah.hughes@cedartechpvt.in,+91 7749079779,Cedar Tech Pvt Ltd,CTO,Manufacturing,Mumbai,India,Inbound - Website,Ayesha Khan,2025-06-08,2026-06-18,2026-09-16
C10837,Amit,Brown,amit.brown@aurorahospitalityp.in,,Aurora Hospitality Pvt Ltd,Business Analyst,Healthcare,Kolkata,India,Cold Outreach,Sneha Iyer,2026-01-16,2026-07-20,2026-08-11
C11179,Diya,Chopra,diya.chopra@,+91 8295350637,Coral Health LLP,Marketing Manager,,Delhi,India,Website,Rohit Kulkarni,2025-02-07,2026-01-26,2026-06-17
C10691,Isha,Chatterjee,isha.chatterjee@auroraanalyticssol.in,+91 7447417595,Aurora Analytics Solutions,Procurement Lead,Hospitality,mumbai,India,Cold Outreach,Neha Joshi,2025-05-20,2025-08-18,2026-05-03
C10304,Varun,Clarke,varun.clarke@apexrealtyllp.in,+91 7917410119,Apex Realty LLP,Operations Manager,Hospitality,Mumbai,India,Cold Outreach,Priya Nair,2025-01-21,2025-01-21,2026-08-13
C10341,Daniel,Reddy,daniel.reddy@harborretailltd.in,+91 9904290257,Harbor Retail Ltd,Head of Sales,Manufacturing,Chennai,India,LinkedIn,,2025-04-16,2026-05-09,2025-10-21
C11042,Liam,Walker,liam.walker@orbitfoodspvt.in,+91 7029295014,Orbit Foods Pvt Ltd,Marketing Manager,Information Technology,Mumbai,india,Referral,Vikram Rao,2026-04-09,2026-04-09,2026-09-23
C10313,Suresh,Joshi,suresh.joshi@pinnacleretailltd.in,+91 8100219467,Pinnacle Retail Ltd,Head of Sales,BFSI,Mumbai,india,Website,Sneha Iyer,2026-07-11,2026-07-11,
C10149,Aarav,Agarwal,aarav.agarwal@cedartextilessolut.in,+91 9300335421,Cedar Textiles Solutions,CTO,education,Poona,India,Referral,Sneha Iyer,2026-02-22,2026-02-22,2026-09-20
C10124,James,Iyer,james.iyer@lumenpharmagroup.in,+91 9570433154,Lumen Pharma Group,CEO,,Mum,India,Event,Priya Nair,2026-04-30,2026-09-16,2026-09-19
C11173,Nisha,Thakur,nisha.thakur@tridentventuresltd.in,+91 9092973525,Trident Ventures Ltd,Director,Info Tech,Hyderabad,India,LinkedIn,Vikram Rao,2025-01-24,2026-06-19,
C10574,Sahil,Walker,sahil.walker@kestrelhealthpvt.in,+91 9482531106,Kestrel Health Pvt Ltd,-,-,Mumbai,India,Referral,Ayesha Khan,2024-12-05,2025-11-15,2026-09-21
C10697,Emma,Bhatia,emma.bhatia@coralretailpvt.in,+91 7142576270,Coral Retail Pvt Ltd,Head of Sales,-,Bengaluru,India,Website,Ayesha Khan,2024-12-18,2025-02-06,2026-04-06
C10664,Deepak,Banerjee,deepak.banerjee@kestreltextilesind.in,+91 8735047639,Kestrel Textiles Industries,Head of Sales,Real Estate,Delhi,India,Referral,Rohit Kulkarni,2025-06-12,2026-02-12,2026-08-02
C10050,Aditya,Das,aditya.das@kestrelanalyticslt.in,+91 7656766182,Kestrel Analytics Ltd,Procurement Lead,Financial Services,Ahmadabad,India,,Farhan Shaikh,2026-05-11,2026-07-11,2026-07-11
C11039,Varun,Verma,,+91 7256083200,Coral Retail Pvt Ltd,Operations Manager,Manufacturing,Bengaluru,India,,Neha Joshi,2025-06-12,2026-07-11,2026-02-28
C10958,Komal,Reddy,komal.reddy@cedarpharmasolutio.in,+91 7038187692,Cedar Pharma Solutions,Founder,Manufacturing,Mum,India,Referral,Vikram Rao,2026-05-22,2026-05-22,2026-09-11
C10726,Payal,Das,payal.das@novalogisticsllp.in,+91 8303942904,Nova Logistics LLP,Procurement Lead,,Delhi,India,Events,Farhan Shaikh,2024-12-10,2026-03-19,2026-09-15
C10799,Payal,Sharma,payal.sharma@sahyadrimotorsindu.in,+91 8072311127,Sahyadri Motors Industries,CEO,Information Technology,Chennai,India,Website,Arjun Mehta,2025-03-26,2026-09-22,2026-02-07
C10833,Liam,Pillai,liam.pillai@lumentechindustrie.in,+91 7597107563,Lumen Tech Industries,Marketing Manager,Information Technology,Bengaluru,India,Paid Ads,Vikram Rao,2025-08-25,2026-09-17,2026-08-21
C10353,Rajesh,Desai,rajesh.desai@cedarlogisticspvt.in,+91 9613674994,Cedar Logistics Pvt Ltd,CTO,Education,Chennai,India,LinkedIn,Farhan Shaikh,2026-06-11,2026-06-11,
C11282,Ethan,Malhotra,ethan.malhotra@novafinservltd.in,078556-60847,Nova Finserv Ltd,Founder,Retail,Bengaluru,India,Events,Farhan Shaikh,2025-04-12,2026-08-26,2025-09-19
C10142,Rahul,Sharma,rahul.sharma@novalogisticsltd.in,+91 9589944171,Nova Logistics Ltd,Procurement Lead,Finance,Ahmedabad,India,Paid Ads,Arjun Mehta,2026-02-05,2026-03-24,2026-07-17
C10470,Aarav,Menon,aarav.menon@kestreltechllp.in,,Kestrel Tech LLP,Director,Manufacturing,Mumbai,India,Referral,Rohit Kulkarni,2026-03-15,2026-03-15,
C10882,Payal,Nair,payal.nair@bluelotusfoodspvt.in,+91 98XXXXXX12,Blue Lotus Foods Pvt Ltd,,Information Technology,Pune,India,Website,Sneha Iyer,2025-03-15,2025-03-15,2026-03-21
C10971,Ananya,Chopra,ananya.chopra@harborventuresgrou.in,+91 8402635582,Harbor Ventures Group,Operations Manager,Hospitality,Mumbai,Bharat,Website,Priya Nair,2026-04-15,2026-04-15,2026-08-17
C10653,Amit,Saxena,amit.saxena@everestlogisticsso.in,+91 9941347509,Everest Logistics Solutions,Business Analyst,,Pune,India,Cold Outreach,Farhan Shaikh,2025-02-16,2026-07-19,
C10399,Hannah,Shah,hannah.shahzenithhospitalityl.in,,Zenith Hospitality LLP,Director,Manufacturing,Mumbai,India,Paid Ads,Arjun Mehta,2025-07-30,2026-08-27,2026-07-13
C11005,Liam,Hall,liam.hall@cedarretailpvt.in,call reception,Cedar Retail Pvt Ltd,Founder,manufacturing,Chennai,India,LinkedIn,Neha Joshi,2026-01-25,2026-02-16,2026-09-21
C10511,Shreya,Nair,shreya.nair@apexlearninggroup.in,,Apex Learning Group,CTO,real estate,Mumbai,India,Website,Farhan Shaikh,2025-05-05,2026-06-26,2026-09-12
C11264,Priya,Green,priya.green@coralmotorsgroup.in,095228-85158,Coral Motors Group,Finance Manager,Education,Bengaluru,India,Referral,Farhan Shaikh,2025-09-04,2026-08-26,2025-09-24
C10320,Kunal,Khanna,kunal.khanna@tridenthospitality.in,98765,Trident Hospitality Industries,CEO,Hospitality,Mumbai,India,LinkedIn,Neha Joshi,2025-04-21,2026-06-28,2026-09-10
C10019,Varun,Saxena,varun.saxena@coralrealtyindustr.in,+91 8719285654,Coral Realty Industries,Marketing Manager,Retail,Pune,India,Google Ads,Priya Nair,2025-08-28,2026-09-17,2026-05-18
C10684,Yash,Pillai,yash.pillai@vertexmotorsindust.in,+91 7945154809,Vertex Motors Industries,Operations Manager,,Poona,India,Website,Sneha Iyer,2025-07-12,2025-10-22,2025-12-20
C10035,Anjali,Banerjee,anjali.banerjee@zenithanalyticsllp.in,+91 9930972896,Zenith Analytics LLP,Head of Sales,,Bengaluru,India,,Vikram Rao,2026-04-24,2026-09-05,2026-09-14
C10902,Vivaan,Taylor,vivaan.taylor@meridianfoodsindus.in,+91 9507659759,Meridian Foods Industries,Procurement Lead,Retail,Chennai,India,LinkedIn,Priya Nair,2024-11-17,2026-06-11,
C10827,Sophie,Saxena,sophie.saxena@quantumlearningpvt.in,+91 9159591945,Quantum Learning Pvt Ltd,Finance Manager,Manufacturing,Mumbai,India,Linked In,Neha Joshi,2024-12-19,2024-12-19,
C11182,Anjali,Patel,anjali.patel@graniterealtygroup.in,+91 8912151641,Granite Realty Group,CEO,Manufacturing,Mumbai,India,Referral,Arjun Mehta,2024-12-29,2026-04-27,2026-07-22
C10407,Manish,Khanna,manish.khanna@pinnacleanalyticss.in,+91 9507208115,Pinnacle Analytics Solutions,Procurement Lead,Information Technology,Pune,India,LinkedIn,Ayesha Khan,2026-04-03,2026-04-03,2026-09-24
C10920,Rajesh,Bhatia,rajesh.bhatia@silverlinefoodsgro.in,+91 8833258486,Silverline Foods Group,Business Analyst,Retail,Mumbai,India,Paid Ads,Vikram Rao,2025-04-19,2026-09-12,
C10537,Vivaan,Singh,vivaan.singh@coralpharmapvt.in,+91 7693121637,Coral Pharma Pvt Ltd,CTO,Education,Bengaluru,India,Inbound - Website,Ayesha Khan,2026-04-03,2026-04-03,
C10758,Rahul,Bose,rahul.bose@silverlinefoodsgro.in,+91 7457988942,Silverline Foods Group,null,Retail,Mumbai,India,LinkedIn,Ayesha Khan,2026-06-15,2026-06-15,
C10245,Nikhil,Bhatia,nikhil.bhatia@novalogisticsllp.in,+91 9086416862,Nova Logistics LLP,,Healthcare,Delhi,Bharat,Referral,Vikram Rao,2026-09-13,2026-09-13,
C10784,Hannah,Rao,hannah.rao@pinnaclelabsgroup.in,,Pinnacle Labs Group,Head of Sales,Financial Services,Kolkata,India,Cold Outreach,Arjun Mehta,2026-04-01,2026-04-01,2026-04-01
C10489,Rajesh,Saxena,rajesh.saxena@kestrelrealtysolut.in,+91 9786305050,Kestrel Realty Solutions,Procurement Lead,Information Technology,Pune,India,Events,Vikram Rao,2025-08-03,2025-10-23,2025-10-14
C10154,Payal,Desai,payal.desai@apextechllp.in,+91 9356420873,Apex Tech LLP,Finance Manager,Manufacturing,Pune,Bharat,LinkedIn,Priya Nair,2026-09-18,2026-09-18,2026-09-18
C10961,Kunal,Joshi,kunal.joshi@orbittechltd.in,+91 8000000152,Orbit Tech Ltd,Director,,Mumbai,IND,Website,Vikram Rao,2025-06-21,2026-09-14,2026-09-30
C10853,Liam,Gupta,liam.gupta@meridianventuresin.in,+91 8600767620,Meridian Ventures Industries,Director,Information Technology,Bengaluru,India,cold outreach,Rohit Kulkarni,2025-04-06,2026-09-21,
C10625,Yash,Mishra,yash mishra@indushealthpvt.in,+91 7912841173,Indus Health Pvt Ltd,Founder,Manufacturing,Chennai,India,Referral,Arjun Mehta,2025-10-26,2026-06-10,2026-07-27
C10685,Deepak,Patel,deepak.patel@granitelogisticsll.in,+91 9440907977,Granite Logistics LLP,Head of Sales,Retail,Bengaluru,India,Referral,Rohit Kulkarni,2025-10-14,2026-08-26,2026-02-23
C10569,Swati,Hall,swati.hall@quantumrealtygroup.in,+91 8646491111,Quantum Realty Group,Founder,Education,Amdavad,India,Referral,Farhan Shaikh,2025-01-31,2026-06-28,
C11258,Sahil,Mabhotra,sahil.malhotra@everestlogisticsso.in,+91 7852778956,Everest Logistics Solutions,CEO,Retail,Pune,India,Website,Neha Joshi,2025-11-06,2026-06-25,2026-05-29
C10017,Emma,Das,emma.das@meridianlearningpv.in,+91 9627570596,Meridian Learning Pvt Ltd,Operations Manager,Information Technology,Bengaluru,India,Referral,Priya Nair,2025-01-28,2026-08-03,
C10127,Harsh,Joshi,harsh.joshi@vertexfinservgroup.in,+91 8201533688,Vertex Finserv Group,Operations Manager,,Mumbai,India,Events,Sneha Iyer,2025-11-29,2026-09-23,2026-08-19
C10927,Diya,Reddy,diya.reddy@kestrelpharmallp.in,+91 8188781794,Kestrel Pharma LLP,CEO,healthcare,BLR,India,LinkedIn,Rohit Kulkarni,2026-06-04,2026-06-04,2026-06-25
C10980,Nikhil,Pandey,nikhil.pandey@meridianfoodsllp.in,,Meridian Foods LLP,Operations Manager,BFSI,Pune,India,LinkedIn,Farhan Shaikh,2025-12-24,2026-05-02,
C11295,Pooja,Smith,pooja.smith@peacockanalyticsgr.in,+91 9883607658,Peacock Analytics,,,Mumbai,India,LinkedIn,Priya Nair,2026-01-03,2026-06-08,
C10190,Komal,Clarke,komal.clarke@everestlogisticsll.in,+91 8659184638,Everest Logistics LLP,CTO,Manufacturing,Delhi,India,LinkedIn,Arjun Mehta,2024-11-03,2026-08-29,2026-06-07
C10992,Swati,Gupta,swati.gupta@vertexfinservgroup.in,+91 8826418696,Vertex Finserv Group,Procurement Lead,manufacturing,Mumbai,India,,Rohit Kulkarni,2025-04-27,2026-04-09,2026-04-25
C11289,ARJUN,reddy,arjun.reddy@tridentfoodsllp.in,+91 8238497916,Trident Foods LLP,Head of Sales,Information Technology,Bengaluru,India,Referral,Ayesha Khan,2026-01-20,2026-06-14,
C10606,Shreya,Das,shreya.das@quantumhealthpvt.in,,Quantum Health Pvt Ltd,Operations Manager,Manufacturing,Delhi,India,Website,Arjun Mehta,2026-06-30,2026-06-30,
C10180,Tanvi,Nair,tanvi.nair@silverlinehospital.in,+91 9491476607,Silverline Hospitality Industries,Head of Sales,Financial Services,Pune,India,Referral,Ayesha Khan,2025-06-05,2026-09-17,
C10301,Sneha,Das,,+91 7091093911,Indus Hospitality Solutions,CEO,Retail,Delhi,India,Cold Outreach,Ayesha Khan,2025-05-08,2026-09-29,
C10496,Varun,Hall,varun.hall@induslogisticsgrou.in,+91 9095481497,Indus Logistics Group,Marketing Manager,,Mumbai,India,Referral,Farhan Shaikh,2026-09-18,2026-09-18,
C11142,Ritika,Sharma,ritika.sharma@tridenttechindustr.in,+91 9575988759,Trident Tech Industries,Head of Sales,Information Technology,Delhi,India,Website,Farhan Shaikh,2024-11-24,2026-04-18,
C11096,Ananya,Verma,ananya.verma@bluelotusfoodspvt.in,+91 9862175080,Blue Lotus Foods Pvt Ltd,CEO,information technology,Pune,India,Referral,Farhan Shaikh,2024-12-10,2026-07-26,
C10517,Meera,Smith,meera.smith@aurorafinservgroup.in,12345678901234567,Aurora Finserv Group,Finance Manager,financial services,Bengaluru,India,Website,Priya Nair,2025-01-04,2026-06-28,
C10476,Tanvi,Iyer,tanvi.iyer@pinnaclerealtygrou.in,+91 8423362934,Pinnacle Realty Group,Operations Manager,Healthcare,Delhi,India,Referral,Vikram Rao,2026-03-20,2026-09-18,2026-08-01
C10157,Rajesh,Bhatia,rajesh.bhatia@peacockrealtyllp.in,+91 8674676212,Peacock Realty LLP,Founder,Real Estate,Pune,India,Paid Ads,TBD,2025-12-30,2026-06-06,
C10016,Diya,Brown,diya.brown@granitelearningsol.in,+91 8841616928,Granite Learning Solutions,Operations Manager,Financial Services,Chennai,India,LinkedIn,,2025-09-15,2026-07-29,2026-06-18
C10546,Kavya,Pillai,kavya.pillai@kestrellabssolutio.in,+91 7587210552,Kestrel Labs Solutions,Operations Manager,,Bengaluru,India,LinkedIn,Farhan Shaikh,2025-12-30,2025-12-30,
C10658,Amit,Joshi,amit.joshi@everestpharmagroup.in,+91 8781506185,Everest Pharma Group,Marketing Manager,Manufacture,Delhi,IN,Cold Outreach,Priya Nair,2025-07-09,2026-08-06,2026-06-19
C11228,Swati,Joshi,swati.joshi@harborretailltd.in,084796-95450,Harbor Retail Ltd,Founder,Manufacturing,Chennai,India,Referral,Ayesha Khan,2025-06-29,2026-05-18,2026-08-02
C11019,Amit,Verma,amit.verma@meridiananalyticsi.in,+91 8443034918,Meridian Analytics Industries,Director,Information Technology,Bengaluru,India,,Rohit Kulkarni,2026-09-11,2026-09-11,2026-09-16
C11110,Nisha,Green,nisha.green@sahyadrihealthgrou.in,+91 9366834826,Sahyadri Health Group,Business Analyst,,Delhi,India,Events,Farhan Shaikh,2026-07-13,2026-07-13,
C10959,Kavya,Shah,kavya.shah@granitefoodsgroup.in,+91 9813881588,Granite Foods Group,CEO,Financial Services,Bengaluru,India,LinkedIn,Arjun Mehta,2024-11-22,2026-06-18,2026-07-15
C11243,D.,Menon,diya.menon@banyananalyticsllp.in,+91 8249911877,Banyan Analytics LLP,Marketing Manager,Healthcare,Pune,India,LinkedIn,Neha Joshi,2026-10-01,2026-10-01,2026-06-13
C10283,Kunal,Joshi,kunal.joshi@granitelogisticsll.in,+91 8992816158,Granite Logistics LLP,-,Retail,Bangalore,India,Outbound,Neha Joshi,2026-04-20,2026-04-20,
C10797,Aarav,Bose,aarav.bose@aurorafinservgroup.in,+91 8263560229,Aurora Finserv Group, ,Financial Services,Bengaluru,India,Referral,Sneha Iyer,2026-09-01,2026-09-01,2026-09-01
C10225,Amit,Verma,amit.verma@zenithlabsllp.in,+91 98XXXXXX12,Zenith Labs LLP,CEO,Education,Delhi,India,Website,Neha Joshi,2026-01-21,2026-01-21,
C10026,Aditya,Walker,aditya.walker@saffronlogisticsin.in,+91 7969078447,Saffron Logistics Industries,,Manufacturing,Bengaluru,India,Cold Outreach,Farhan Shaikh,2025-08-30,2025-12-30,
C10437,Komal,Reddy,komal.reddy@harbortechgroup.in,+91 7065120704,Harbor Tech Group,Director,Information Technology,Chennai,India,Referral,Rohit Kulkarni,2025-08-26,2025-09-03,
C11283,Kunal,Nair,kunal.nair@auroralogisticsgro.in,+91 7100323651,Aurora Logistics,Director,Retail,Mumbai,India,,Rohit Kulkarni,2025-09-24,2025-10-24,2026-09-05
C10229,Aarav,Joshi,aarav.joshi@novafinservllp.in,+91 9163009792,Nova Finserv LLP,Procurement Lead,,Delhi,India,Cold Outreach,Vikram Rao,2025-10-19,2026-03-09,2026-08-11
C10037,Amit,Smith,amit.smith@peacockanalyticsgr.in,TBD,Peacock Analytics Group,Marketing Manager,Financial Services,Mumbai,India,Paid Ads,Sneha Iyer,2024-11-15,2025-10-23,2026-08-09
C10749,Priya,Chopra,priya.chopra@saffronventuresind.in,+91 98XXXXXX12,Saffron Ventures Industries,CTO,Retail,Mumbai ,India,Website,Farhan Shaikh,2025-03-07,2025-07-27,
C11045,Diya,Patel,diya.patel@coralretailpvt.in, ,Coral Retail Pvt Ltd,Marketing Manager,Mfg,Bengaluru,India,Web,Vikram Rao,2026-07-27,2026-09-10,
C10469,Amit,Hughes,amit.hughes@meridianlearningpv.in,,Meridian Learning Pvt Ltd,Procurement Lead,Information Technology,Bengaluru,India,,Farhan Shaikh,2025-08-05,2026-09-01,2026-03-24
C11131,Sophie,Kulkarni,sophie.kulkarni@apexretailgroup.in,+91 7227595002,Apex Retail Group,CTO,-,Mumbai,India,Cold Outreach,Priya Nair,2025-09-15,2026-08-03,2026-07-22
C11297,GRACE,thakur,grace.thakur@pinnacleanalyticss.in,+91 8413297150,Pinnacle Analytics Solutions,CTO,IT,Pune,India,LinkedIn,Farhan Shaikh,2025-06-04,2026-08-16,2026-08-17
C10687,Oliver,Green,oliver.green@orbitrealtygroup.in,,Orbit Realty Group,unknown,,Delhi,Bharat,Website,Ayesha Khan,2025-01-29,2025-09-10,2025-07-20
C11213,Priya,Kulkarni,priya.kulkarni@saffrontechltd.in,077657-69277,Saffron Tech Ltd,Business Analyst,Manufacturing,Ahmedabad,India,Referal,Vikram Rao,2025-10-20,2026-04-18,2026-09-02
C10639,Kavya,Clarke,kavya.clarke@novaanalyticsllp.in,+91 9609454490,Nova Analytics LLP,CEO,,Bengaluru,India,LinkedIn,Arjun Mehta,2025-08-01,2025-08-01,
C11145,Oliver,Hall,oliver.hall@everestlearningltd.in,+91 7158189705,Everest Learning Ltd,Director,Real Estate,Mumbai,India,Website, ,2025-07-18,2026-07-17,2026-09-04
C11106,Suresh,Iyer,suresh.iyer@zenithtechsolution.in,+91 9384531980,Zenith Tech Solutions,Finance Manager,Manufacturing,Delhi,India,LinkedIn,Ayesha Khan,2026-04-20,2026-08-01,
C11199,Grace,Chopra,grace.chopra@sahyadritechllp.in,+91 7375658963,Sahyadri Tech LLP,Procurement Lead,Manufacturing,Delhi,India,Referral,Neha Joshi,2026-09-16,2026-09-16,
C10800,Grace,Banerjee,grace.banerjee@lumenpharmagroup.in,+91 9648449411,Lumen Pharma Group,CTO,Manufacturing,Mumbai,India,Cold Outreach,Vikram Rao,2024-12-30,2026-09-21,2026-02-09
C10160,Sanjay,Menon,sanjay.menon@peacockhospitality.in,call reception,Peacock Hospitality Group,Finance Manager,Financial Services,Bengaluru,India,,Arjun Mehta,2025-10-23,2025-11-21,
C10956,Rohan,Gupta,rohan.gupta@cedarmotorspvt.in,+91 8324888995,Cedar Motors Pvt Ltd,Finance Manager,,Pune,India,,Vikram Rao,2025-12-22,2026-09-14,2026-08-31
C10821,Emma,Agarwal,emma.agarwal@novaanalyticsllp.in,+91 7021312512,Nova Analytics LLP,Director,Retail,Bengaluru,India,Cold Outreach,Rohit Kulkarni,2025-08-31,2025-08-31,2026-01-07
C11124,Isha,Singh,isha.singh@cedarpharmallp.in,,Cedar Pharma LLP,Director,Education,Hyd,India,,Ayesha Khan,2026-09-15,2026-09-15,2026-09-15
C10877,Vikram,Iyer,vikram.iyer@sahyadripharmaindu.in,+91 8889144449,Sahyadri Pharma Industries,Business Analyst,Education,Bengaluru,IND,Website,Arjun Mehta,2025-08-12,2026-01-23,2026-01-18
C10913,Rahul,Patel,rahul.patel@novatechsolutions.in,+91 7090326714,Nova Tech Solutions,Director,Retail,Hyderabad,India,LinkedIn,Rohit Kulkarni,2025-01-13,2026-01-23,2026-09-20
C10152,Arjun,Nair,arjun.nair@auroralogisticssol.in,+91 7016761847,Aurora Logistics Solutions,Head of Sales,Information Technology,Bengaluru,India,Website,,2026-03-14,2026-03-14,2026-07-24
C11208,Vivaan,Clarke,vivaan.clarke@novalabsltd.in,074681-05485,Nova Labs Ltd,CEO,Financial Services,Kolkata,India,Website,,2025-10-03,2026-07-09,2026-07-18
C10509,Amit,Mishra,amit.mishra@tridentventuresltd.in,12345678901234567,Trident Ventures Ltd,Procurement Lead,Information Technology,Hyderabad,India,Referral,Arjun Mehta,2026-08-05,2026-08-05,2026-08-05
C11111,Suresh,Hall,,+91 7838688891,Pinnacle Labs Pvt Ltd,Finance Manager,Education,Hyderabad,India,Referral,Neha Joshi,2026-05-24,2026-05-24,2026-09-05
C10103,Chloe,Verma, ,+91 8481491778,Zenith Motors Pvt Ltd,Procurement Lead,Manufacturing,Pune,India,Website,Ayesha Khan,2025-08-16,2026-07-28,
C10586,Amit,Desai,amit.desai@orbittextilespvt.in,+91 8704611729,Orbit Textiles Pvt Ltd,Procurement Lead,Healthcare,Mumbai,India,Referral,Vikram Rao,2025-08-30,2025-10-06,
C11171,Vivaan,Gupta,vivaan.gupta@saffronrealtyllp.in,+91 9221425731,Saffron Realty LLP,CTO,Retail,Mumbai,India,Website,Sneha Iyer,2025-08-04,2025-08-04,2026-04-15
C10053,Sneha,Clarke,sneha.clarke@novatechllp.in,+91 7284395995,Nova Tech LLP,Marketing Manager,,PUNE,India,LinkedIn,Ayesha Khan,2025-08-25,2026-07-03,
C10151,Vivaan,Malhotra,,+91 7309821506,Kestrel Pharma Solutions,Operations Manager,EdTech,Ahmedabad,India,Cold Outreach,Priya Nair,2026-03-15,2026-03-15,
C10403,Sahil,Green,sahil.green@pinnaclelabsgroup.in,+91 9374550842,Pinnacle Labs Group,Business Analyst,,Kolkata,India,Referral,Rohit Kulkarni,2025-07-18,2026-08-19,
C10207,Kavya,Das,kavya.das@everestlogisticsll.in,+91 9518275539,Everest Logistics LLP,,Manufacturing,Delhi,India,Website,Vikram Rao,2026-09-07,2026-09-07,
C11249,C.,Shah,chloe.shah@quantumlearningpvt.in,unknown,Quantum Learning Pvt Ltd,Operations Manager,Manufacturing,mumbai,India,Referral,Arjun Mehta,2025-09-24,2026-07-09,2026-09-01
C10008,Swati,Nair,swati.nair@vertexmotorssoluti.in,+91 9141247826,Vertex Motors Solutions,CEO,Hospitality,Kolkata,India,Paid Ads,Vikram Rao,2025-05-09,2026-01-25,2026-09-05
C11014,Oliver,Kulkarni,oliver.kulkarni@cedarlearningltd.in,+91 7504056695,Cedar Learning Ltd,Finance Manager,Hospitality,Bengaluru,India,referral,Priya Nair,2024-11-11,2026-09-12,2025-10-13
C11060,Manish,Mishra,manish.mishra@kestrelpharmasolut.in,+91 8901107977,Kestrel Pharma Solutions,CEO,Education,Ahmedabad,India,Paid Ads,Priya Nair,2025-05-15,2026-03-19,
C10452,Sneha,Banerjee,sneha.banerjee@zenithmotorssoluti.in,+91 8148881431,Zenith Motors Solutions,CEO,Manufacturing,Bengaluru,India,Website,Priya Nair,2025-05-17,2026-09-30,2025-05-17
C10253,Vivaan,Hughes,vivaan.hughes@orbittechindustrie.in,+91 7256216893,Orbit Tech Industries,CTO,,Ahmedabad,India,Website,Ayesha Khan,2024-11-30,2026-03-25,2026-08-27
C10896,James,Hall,james.hall@lumenmotorsgroup.in,+91 7620478768,Lumen Motors Group,Business Analyst,Healthcare,Ahmedabad,India,Events,Neha Joshi,2026-04-25,2026-04-25,2026-04-25
C11156,Divya,Taylor,divya.taylor@novaanalyticsllp.in,+91 8504944407,Nova Analytics LLP,CTO,,Bengaluru,India,LinkedIn,Vikram Rao,2026-05-16,2026-05-16,2026-06-23
C10880,Oliver,Brown,oliver.brown@saffronrealtyindus.in,+91 8749785249,Saffron Realty Industries,CEO,Retail,Pune,India,LinkedIn,Farhan Shaikh,2025-10-23,2026-09-27,2025-12-31
C11247,M.,Pandey,manish.pandey@bluelotuslearningg.in,+91 7251778528,Blue Lotus Learning Group,Director,Hospitality,Mumbai,India,Website,Ayesha Khan,2025-09-02,2026-01-11,2025-06-09
C10623,Yash,Das,yash.das@cedarretailpvt.in,+91 9268319013,Cedar Retail Pvt Ltd,Founder,Manufacturing,Chennai,India,,Priya Nair,2025-07-17,2026-08-31,
C10345,Nikhil,Verma,nikhil.verma@quantumfoodspvt.in,-,Quantum Foods Pvt Ltd,CEO,Retail,Chennai,India,Web,Ayesha Khan,2025-02-11,2026-05-21,2026-03-27
C11137,Aditi,Menon,aditi.menon@everestfoodsllp.in,+91 8403784233,Everest Foods LLP,Director,Real Estate,Kolkata,India,-,Sneha Iyer,2025-11-23,2025-11-23,2026-09-16
C10262,Yash,Verma,yash.verma@apexhospitalityind.in,+91 9371452111,Apex Hospitality Industries,Finance Manager,unknown,Mumbai,India,Referral,Rohit Kulkarni,2025-11-01,2026-03-02,
C10150,Rohan,Patel,rohan.patel@@lumenpharmagroup.in,+91 8789856257,Lumen Pharma Group,Procurement Lead,Manufacturing,Mumbai,India,Cold Outreach,Ayesha Khan,2026-01-03,2026-09-14,
C10472,Tanvi,Malhotra,tanvi.malhotra@saffronretailsolut.in,+91 9030914363,Saffron Retail Solutions,Director,Information Technology,Delhi,India,Website,Ayesha Khan,2025-08-04,2026-07-30,2026-09-16
C10640,Diya,Saxena,diya.saxena@meridianlabspvt.in,+91 8070578360,Meridian Labs Pvt Ltd,Director,unknown,Ahmedabad,India,Paid Ads,Sneha Iyer,2025-05-18,2026-09-08,2026-08-26
C11307,Liam,Thakur,liam.thakur@silverlinerealtyll.in,+91 9441283337,Silverline Realty,Head of Sales,,Delhi,India,Paid Ads,Arjun Mehta,2025-10-16,2026-06-06,
C11244,Aditya,Kkpoor,aditya.kapoor@saffronanalyticslt.in,,Saffron Analytics Ltd,CEO,,Bengaluru,India,Website,Priya Nair,2025-10-20,2026-05-30,2025-08-28
C10550,Tanvi,Singh,tanvi.singh@monsoontechgroup.in,+91 8241862369,Monsoon Tech Group,Founder,Education,Hyderabad,india,Website,Ayesha Khan,2025-07-22,2025-07-22,2026-09-24
C10928,Diya,Menon,diya.menon@kestrelpharmagroup.in,+91 9409112252,Kestrel Pharma Group,,Mfg,Pune,Bharat,Cold Outreach,Vikram Rao,2024-11-12,2026-09-10,2026-07-29
C10488,Kavya,Pillai,kavya.pillai@kestreltechllp.in,+91 8905510762,Kestrel Tech LLP,Founder,Manufacturing,Mumbai,India,Referral,Sneha Iyer,2025-11-07,2025-11-07,2026-03-05
C11192,Divya,Menon,divya.menon@@everesttechgroup.in,+91 7059702551,Everest Tech Group,Head of Sales,Retail,Ahmedabad,India,Referral,Neha Joshi,2025-12-29,2026-03-11,
C10146,Sahil,Smith,sahil.smith@banyanlabspvt.in,+91 9999173816,Banyan Labs Pvt Ltd,Business Analyst,BFSI,Hyderabad,India,LinkedIn,Priya Nair,2024-12-20,2026-01-14,
C10402,Manish,Brown,manish.brown@harborhealthpvt.in,+91 7800545228,Harbor Health Pvt Ltd,N/A,Hospitality,Hyderabad,India,Cold Outreach,Arjun Mehta,2025-06-21,2026-07-01,
C10954,Isha,Kapoor,isha.kapoor@bluelotusventuresl.in,+91 8707392013,Blue Lotus Ventures LLP,Procurement Lead,Healthcare,Bangalore,India,Referral,Sneha Iyer,2026-04-23,2026-04-23,
C11239,Manish,Saxena,manish.saxena@harborventuresllp.in,084722-98120,Harbor Ventures LLP,Director,Healthcare,MUMBAI,India,Referral,Neha Joshi,2025-12-15,2026-08-24,2025-08-27
C10659,Kavya,Rao,kavya.rao@tridentfinservsolu.in,+91 7347272742,Trident Finserv Solutions,Marketing Manager,Manufacturing,Pune,India,Referral,Rohit Kulkarni,2026-07-22,2026-07-22,2026-07-22
C10463,Ananya,Chatterjee,ananya.chatterjee@lumenlogisticsltd.in,+91 9413768151,Lumen Logistics Ltd,CEO,Real Estate,Pune,India,Referral,Arjun Mehta,2026-06-06,2026-06-06,2026-08-17
C10186,Nikhil,Clarke,nikhil.clarke@meridiantechgroup.in,+91 9110809969,Meridian Tech Group,Marketing Manager,Retail,Hyderabad,India,Paid Ads,Sneha Iyer,2026-06-18,2026-07-29,
C10608,Sanjay,Bose,sanjay.bose@cedarpharmallp.in,+91 9666144942,Cedar Pharma LLP,,Education,Hyderabad,India,LinkedIn,Arjun Mehta,2024-12-10,2026-05-11,2025-06-07
C10143,Neha,Singh,neha.singh@graniterealtygroup.in,+91 9309652074,Granite Realty Group,Operations Manager,manufacturing,Mumbai,India,Paid Ads,Farhan Shaikh,2026-07-25,2026-07-25,
C10751,Tanvi,Pillai,tanvi.pillai@cedarpharmasolutio.in,+91 9170066615,Cedar Pharma Solutions,Procurement Lead,Manufacturing,Mumbai,India,Paid Ads,Rohit Kulkarni,2026-07-19,2026-07-19,2026-08-20
C10981,Karan,Banerjee,"karan.banerjee@granitelabsgroup,in",+91 9428860505,Granite Labs Group,Marketing Manager,Education,Pune,India,Referral,Farhan Shaikh,2025-11-25,2026-07-20,2026-09-17
C10197,Harsh,Malhotra,,+91 8659916247,Kestrel Motors Group,Marketing Manager,education,Pune,India,Paid Ads,Rohit Kulkarni,2024-11-27,2026-06-30,2026-01-06
C10883,Rahul,Mishra,rahul.mishra@meridianventurespv.in,+91 9900159446,Meridian Ventures Pvt Ltd,Marketing Manager,Information Technology,bengaluru,India,Website,Sneha Iyer,2026-07-18,2026-09-05,
C10279,Aarav,Green,aarav.green@novalogisticsindus.in,+91 7385854249,Nova Logistics Industries,Marketing Manager,,Bengaluru,India,Website,Sneha Iyer,2026-01-25,2026-04-26,2026-04-09
C10293,Anjali,Mehta,anjali.mehta@monsoontechsolutio.in,98765,Monsoon Tech Solutions,Business Analyst,,Bengaluru,India,Paid Ads,Arjun Mehta,2026-05-06,2026-05-06,2026-09-30
C11200,Varun,Kapdor,varun.kapoor@sahyadriventuresll.in,+91 7222801944,Sahyadri Ventures LLP,Head of Sales,Retail,Chennai,IN,LinkedIn,Ayesha Khan,2025-02-18,2025-08-12,2026-07-24
C10400,Daniel,Mishra,daniel.mishra@harborventuresllp.in,+91 8375738395,Harbor Ventures LLP, ,Healthcare,Mumbai,India,Cold Outreach,Neha Joshi,2024-11-07,2024-11-07,
C10122,James,Brown,james.brown@indusventurespvt.in,+91 7895392644,Indus Ventures Pvt Ltd,Head of Sales,unknown,Pune,India,Website,Priya Nair,2026-05-08,2026-05-08,2026-09-10
C10202,Deepak,Green,,+91 8902770384,Everest Learning Solutions,Marketing Manager,Information Technology,Mum,India,,Vikram Rao,2025-10-26,2026-06-28,2026-09-20
C10835,Divya,Smith,divya.smith@bluelotusfoodspvt.in,+91 8816295187,Blue Lotus Foods Pvt Ltd,Finance Manager,Information Technology,Pune,India,,Sneha Iyer,2025-02-14,2026-03-08,2026-07-27
C10246,Deepak,Walker,deepak.walker@banyananalyticssol.in,+91 9833146591,Banyan Analytics Solutions,CEO,Financial Services,Delhi,India,,Farhan Shaikh,2026-05-07,2026-07-27,
C11254,R.,Clarke,rahul.clarke@everestpharmagroup.in,+91 9824199626,Everest Pharma Group,Operations Manager,NA,Delhi,India,Website,Ayesha Khan,2025-10-06,2026-08-16,2026-08-08
C11242,Grace,Wrigut,grace.wright@cedarlearningsolut.in,+91 7500666641,Cedar Learning Solutions,CEO,Education,Mumbai,India,Web,Farhan Shaikh,2026-04-30,2026-09-19,2026-05-12
C10384,Isha,Gupta,,+91 7074276170,Blue Lotus Labs Industries,Finance Manager,Financial Services,Delhi,India,LinkedIn,Neha Joshi,2025-02-18,2026-08-30,
C10854,Hannah,Das,hannah.das@meridiantechgroup.in,+91 7404337009,Meridian Tech Group,CTO,Retail,Hyderabad,India,Referral,Neha Joshi,2026-09-04,2026-09-04,2026-09-04
C10219,Ethan,Iyer,ethan.iyer@apexlogisticssolut.in,+91 9216433472,Apex Logistics Solutions,Head of Sales,Real Estate,Pune,Bharat,,Ayesha Khan,2025-08-11,2026-03-22,
C10641,Swati,Agarwal,swati.agarwal@orbitventuresllp.in,+91 8244472322,Orbit Ventures LLP,Director,Education,Delhi,India,Events,,2025-06-02,2026-05-05,2026-09-10
C10001,Payal,Smith,payal.smith@orbittechltd.in,+91 98XXXXXX12,Orbit Tech Ltd,Finance Manager,,Mumbai,India,Referral,Ayesha Khan,2026-04-18,2026-08-07,2026-09-21
C10112,Amit,Gupta,amit.gupta@pinnaclefoodsgroup.in,+91 7568044206,Pinnacle Foods Group,Finance Manager,Information Technology,Chennai,India,Referral,Vikram Rao,2025-05-04,2026-06-21,
C10698,Meera,Iyer,meera.iyer@saffrontechindustr.in,+91 7613285072,Saffron Tech Industries,Procurement Lead,Financial Services,Bengaluru,India,Website,Farhan Shaikh,2025-03-22,2025-03-22,
C11261,Emma,Iyer,emma.iyer@saffrontechltd.in,+91 9721811437,Saffron Tech,Operations Manager,manufacturing,Ahmedabad,India,LinkedIn,Priya Nair,2026-08-28,2026-08-28,2026-09-24
C10951,Manish,Reddy,manish.reddy@meridianfoodsllp.in,+91 9973153911,Meridian Foods LLP,Operations Manager,Financial Services,Pune,India,Cold Outreach,Vikram Rao,2026-05-10,2026-07-02,2026-05-10
C11164,Karan,Bhatia,karan.bhatia@orbitretailindustr.in,+91 8925596647,Orbit Retail Industries,Head of Sales,Manufacturing,Bengaluru,India,Website,,2026-05-06,2026-05-06,
C11190,Yash,Singh,yash.singh@peacockpharmallp.in,+91 7636560450,Peacock Pharma LLP,Founder,,Pune,India,LinkedIn,Arjun Mehta,2026-05-28,2026-05-28,2026-08-30
C10441,Komal,Clarke,komal.clarke@monsoonlearningind.in,+91 7749545089,Monsoon Learning Industries,Head of Sales,,Poona,IN,Website,null,2024-11-20,2025-05-18,2026-07-21
C11136,Aditya,Pillai,aditya.pillai@novalogisticsllp.in,+91 7067990069,Nova Logistics LLP, ,Healthcare,Delhi,India,PPC,Priya Nair,2025-08-01,2026-07-22,2026-07-07
C10663,Payal,Pandey,payal.pandey@bluelotusfoodspvt.in,+91 7448360854,Blue Lotus Foods Pvt Ltd,Procurement Lead,Information Technology,pune,Bharat,LinkedIn,,2025-01-01,2026-07-12,2026-08-16
C11207,Nisha,Banerjee,-,091632-11197,Orbit Realty Group,Business Analyst,Real Estate,Delhi,India,LinkedIn,Rohit Kulkarni,2026-01-30,2026-04-20,2026-07-26
C10317,Diya,Joshi,diya.joshi@pinnaclerealtyllp.in,+91 8811379956,Pinnacle Realty LLP,Marketing Manager,,Pune,India,Events,Arjun Mehta,2026-01-24,2026-07-23,2026-09-11
C10648,Karan,Chopra,karan.chopra@quantumfinservsolu.in,+91 7579376392,Quantum Finserv Solutions,Business Analyst,Hospitality,Mumbai,India,Website,,2025-05-12,2026-03-02,2026-08-28
C10709,Harsh,Reddy,harsh.reddy@quantumlearningpvt.in,+91 9449883059,Quantum Learning Pvt Ltd,Finance Manager,Manufacturing,Mumbai,India,Website,Farhan Shaikh,2026-08-03,2026-08-03,2026-08-03
C10972,Anjali,Menon,anjali.menon@novaanalyticsllp.in,+91 8489880315,Nova Analytics LLP,Marketing Manager,Retail,Bengaluru,India,Referral,Ayesha Khan,2026-04-02,2026-07-06,
C10627,Ritika,Shah,ritika.shah@cedarlearningltd.in,+91 7974005643,Cedar Learning Ltd,Procurement Lead,Hospitality,Bengaluru,India,Cold Outreach,Priya Nair,2025-01-05,2026-04-24,2026-02-05
C10632,Arjun,Mehta,arjun.mehta@kestrelrealtysolut.in,+91 8240559342,Kestrel Realty Solutions,Director,Information Technology,Pune,India,LinkedIn,Rohit Kulkarni,2025-03-20,2026-07-19,
C11287,Nisha,Malhotra,nisha.malhotra@orbittextilespvt.in,091826-88615,Orbit Textiles Pvt Ltd,NA,Healthcare,Mumbai,India,Cold Outreach,Arjun Mehta,2025-01-17,2026-07-29,2026-08-24
C11218,Suresh,Mishra,,+91 7443240061,Kestrel Realty,Procurement Lead,Information Technology,Pune,IN,LinkedIn,Ayesha Khan,2026-10-01,2026-10-01,2026-09-04
C10795,Vivaan,Shah,vivaan.shah@lumenretailgroup.in,+91 8358068828,Lumen Retail Group,Procurement Lead,Retail,Chennai,India,Events,Priya Nair,2026-07-05,2026-07-05,2026-08-26
C10645,Riya,Gupta,NA,+91 7193588953,Lumen Ventures Industries,CTO,-,Pune,India,Cold Outreach,Priya Nair,2025-01-26,2026-06-19,2026-03-14
C11012,Aditi,Kulkarni,aditi.kulkarni@vertexmotorsindust.in,+91 9746191779,Vertex Motors Industries,Business Analyst,Financial Services,Pune,India,Referral,Ayesha Khan,2025-06-15,2026-05-01,
C10556,Nikhil,Bhatia,nikhil.bhatia@harborventuresllp.in,+91 9606339912,Harbor Ventures LLP,Director,Healthcare,Mumbai,India,Referral,Neha Joshi,2025-01-30,2026-08-05,
C10681,Amit,Mehta,amit.mehta@banyanretailpvt.in,,Banyan Retail Pvt Ltd,Marketing Manager,Financial Services,Mumbai ,India,Referral,Farhan Shaikh,2026-01-14,2026-02-06,2026-02-13
C10577,Karan,Mehta,karan.mehta@kestrellogisticspv.in,+91 8361706171,Kestrel Logistics Pvt Ltd,Marketing Manager,Real Estate,Pune,India,Events,Farhan Shaikh,2026-05-19,2026-05-19,2026-05-19
C11109,Meera,Iyer,meera.iyer@vertexlearningindu.in,,Vertex Learning Industries,Director,Hospitality,Ahmedabad,India,LinkedIn,Neha Joshi,2026-02-11,2026-07-23,2026-02-11
C10524,Ritika,Kulkarni,ritika.kulkarni@bluelotuslabsllp.in,+91 9231260432,Blue Lotus Labs LLP,CTO,Education,Bombay,India,Website,Vikram Rao,2025-05-03,2025-05-03,
C11059,Harsh,Thakur,harsh.thakur@lumenfoodssolution.in,+91 7159183270,Lumen Foods Solutions,Founder,Healthcare,Mumbai,India,Website,Sneha Iyer,2024-12-08,2026-01-29,2026-09-22
C10540,Sahil,Verma,sahil.verma@zenithretailsoluti.in,+91 7841862030,Zenith Retail Solutions,Marketing Manager,Retail,Delhi,India,LinkedIn,Ayesha Khan,2026-04-08,2026-08-15,2026-08-19
C10748,Aditi,Hall,aditi.hall@banyananalyticsllp.in,+91 7285155333,Banyan Analytics LLP,Operations Manager,Healthcare,pune,India,Website,Sneha Iyer,2025-02-27,2026-06-13,2026-09-18
C11221,Nikhil,Drsai,nikhil.desai@orbitpharmaindustr.in,+91 8834414978,Orbit Pharma Industries,,Retail,Pune,India,LinkedIn,Farhan Shaikh,2025-10-09,2026-04-26,
C10484,Aarav,Joshi,aarav.joshi@cedarlearningpvt.in,unknown,Cedar Learning Pvt Ltd,Procurement Lead,Retail,Mumbai,India,Website,Ayesha Khan,2025-12-06,2026-08-12,2026-04-14
C10095,Daniel,Rao,daniel.rao@banyanfoodspvt.in,+91 7611155426,Banyan Foods Pvt Ltd,Head of Sales,Hospitality,Hyderabad,India,,Ayesha Khan,2026-05-08,2026-07-22,2026-08-23
C11020,Payal,Smith,payal.smith@peacockhospitality.in,+91 7859340153,Peacock Hospitality Group,CTO,Finance,Bengaluru,India,LinkedIn,Arjun Mehta,2026-02-28,2026-02-28,
C10563,Arjun,Kapoor,null,+91 9644212146,Banyan Motors Ltd,CEO,Real Estate,Bengaluru,India,LinkedIn,Neha Joshi,2025-09-20,2025-09-20,2026-09-23
C10742,Divya,Clarke,divya.clarke@meridianlearningpv.in,,Meridian Learning Pvt Ltd,Marketing Manager,Information Technology,Bengaluru,India,Website,Neha Joshi,2025-11-24,2026-05-11,2026-05-02
C10863,Suresh,Clarke,suresh.clarke@cedarpharmallp.in,+91 8995706071,Cedar Pharma LLP,Finance Manager,Education,Hyderabad,India,LinkedIn,Rohit Kulkarni,2026-07-16,2026-08-09,2026-09-05
C10891,Suresh,Pillai,suresh.pillai@saffronrealtyllp.in,+91 7121980418,Saffron Realty LLP,Operations Manager,Retail,MUMBAI,India,LinkedIn,Sneha Iyer,2025-06-03,2026-09-17,
C11038,Ananya,Shah,ananya.shah@zenithretailgroup.in,+91 9978713752,Zenith Retail Group,Director,,Hyd,India,Paid Ads,Vikram Rao,2025-01-02,2026-08-13,
C10206,Chloe,Khanna,chloe.khanna@granitelearningsol.in,+91 9071416335,Granite Learning Solutions,CTO,,Chennai,India,,Priya Nair,2025-07-17,2025-10-11,2026-06-18
C10392,Kavya,Wilson,kavya.wilson@vertexlearningltd.in,+91 9081081866,Vertex Learning Ltd,CEO,Education,Hyderabad,India,unknown,Sneha Iyer,2026-08-17,2026-09-02,2026-08-17
C10794,Suresh,Singh,suresh.singh@orbitventuresllp.in,+91 8080314998,Orbit Ventures LLP,Head of Sales,Education,Delhi,India,Referral,Priya Nair,2024-11-11,2024-12-17,2026-06-12
C10870,Divya,Kulkarni,divya.kulkarni@kestrellabssolutio.in,+91 8858471296,Kestrel Labs Solutions,CEO,Manufacturing,bengaluru,India,Referal,Vikram Rao,2025-06-12,2026-05-06,2026-08-11
C10397,Ananya,Gupta,ananya.gupta@quantumfoodspvt.in,+91 8770793349,Quantum Foods Pvt Ltd,CTO,Retail,Chennai,India,Website,Priya Nair,2024-11-15,2026-07-17,2026-02-10
C10766,Anjali,Joshi,anjali.joshi@kestrelfinservsolu.in,+91 7626693351,Kestrel Finserv Solutions,Marketing Manager,Financial Services,Chennai,India,Paid Ads,Sneha Iyer,2025-05-31,2025-05-31,2026-05-19
C11211,Tanvi,Agarwal,tanvi.agarwal@saffronanalyticsgr.in,091227-53046,Saffron Analytics Group,Marketing Manager,Real Estate,Ahmedabad,India,LinkedIn,Sneha Iyer,2025-07-02,2026-03-14,
C11028,Grace,Kulkarni,grace.kulkarni@bluelotustextilesi.in,+91 8448896699,Blue Lotus Textiles Industries,Finance Manager,Education,Mumbai,India,,Vikram Rao,2026-03-01,2026-09-01,2026-09-23
C10642,Oliver,Patel,oliver.patel@novalogisticsindus.in,98765,Nova Logistics Industries,Founder,,Bengaluru,India,Events,Arjun Mehta,2026-02-08,2026-08-12,
C10612,Deepak,Sharma,deepak.sharma@granitefoodsgroup.in,+91 9701041591,Granite Foods Group,Operations Manager,Financial Services,Bengaluru,India,Referral,Arjun Mehta,2026-08-04,2026-08-04,2026-08-04
C10960,Nikhil,Kulkarni,nikhil.kulkarni@peacockpharmasolut.in,+91 8323182971,Peacock Pharma Solutions,CTO,Information Technology,Calcutta,India,Events,Rohit Kulkarni,2026-09-07,2026-09-07,
C10725,Riya,Verma,riya.verma@pinnaclemotorspvt.in, ,Pinnacle Motors Pvt Ltd,Operations Manager,Financial Services,Bangalore,India,Web,Ayesha Khan,2025-03-14,2026-07-30,
C10683,Swati,Mishra,swati.mishra@coralhealthindustr.in,+91 7057563983,Coral Health Industries,CTO,,Bengaluru,India,LinkedIn,Priya Nair,2026-02-06,2026-05-04,2026-06-07
C10098,Priya,Wilson,priya.wilson@saffrontechindustr.in,,Saffron Tech Industries,Director,,BLR,India,Website,Priya Nair,2025-10-16,2026-02-13,2026-05-29
C10804,Yash,Mehta,yash.mehta@pinnacleanalyticsp.in,+91 9848228501,Pinnacle Analytics Pvt Ltd,CEO,Real Estate,Mumbai,India,LinkedIn,,2026-08-09,2026-08-09,2026-08-19
C10406,Anjali,Bhatia,anjali.bhatia@monsoontechsolutio.in,NA,Monsoon Tech Solutions,Marketing Manager,Realty,Bengaluru,India,Website,Farhan Shaikh,2025-09-22,2025-10-28,
C10502,Sahil,Brown,sahil.brown@apexretailgroup.in,+91 9309997419,Apex Retail Group,,TBD,Mumbai,India,,Farhan Shaikh,2025-11-28,2026-09-28,2026-08-03
C11071,Pooja,Patel,pooja.patel@lumenmotorspvt.in,+91 7141961560,Lumen Motors Pvt Ltd,Finance Manager,Real Estate,Pune,India,Cold Outreach,Vikram Rao,2025-01-31,2026-02-19,2026-09-26
C11056,Hannah,Shah,hannah.shah@auroraretailltd.in,+91 7806713073,Aurora Retail Ltd,Procurement Lead,Manufacturing,Mumbai,India,Website,Priya Nair,2024-11-01,2025-01-30,2026-07-25
C10929,Ethan,Chopra,ethan chopra@granitelogisticsll.in,+91 8618632397,Granite Logistics LLP,Director,Retail,Banglore,India,TBD,Rohit Kulkarni,2025-01-29,2026-09-16,
C10779,Shreya,Malhotra,shreya.malhotra@banyananalyticsllp.in,+91 7337320430,Banyan Analytics LLP,Director,Healthcare,Pune,India,Referral,Neha Joshi,2026-07-02,2026-07-02,2026-09-12
C10200,Swati,Smith,swati.smith@meridiananalyticsi.in,+91 8956213721,Meridian Analytics Industries,Marketing Manager,Information Technology,Bengaluru,India,Referral,Arjun Mehta,2024-12-06,2025-12-09,
C10134,Komal,Wilson,komal.wilson@monsoonfinservpvt.in,+91 7622999119,Monsoon Finserv Pvt Ltd,,Financial Services,Bengaluru,India,Cold Outreach,Arjun Mehta,2026-03-24,2026-03-24,2026-09-11
C11051,Liam,Iyer,liam.iyer@zenithmotorssoluti.in,+91 9063224815,Zenith Motors Solutions,Procurement Lead,Manufacturing,Banglore,India,LinkedIn,Ayesha Khan,2026-05-24,2026-05-24,2026-05-24
C10040,Ritika,Wright,ritika.wright@apexrealtyllp.in,+91 7833016571,Apex Realty LLP,Head of Sales,Hospitality,MUMBAI,India,Website,Ayesha Khan,2025-10-07,2026-07-28,
C11017,Karan,Agarwal,karan.agarwal@lumentechpvt.in,+91 8725629269,Lumen Tech Pvt Ltd,Marketing Manager,,Mumbai,India,,Vikram Rao,2026-05-01,2026-05-04,
C10230,Shreya,Iyer,shreya.iyer@industextilespvt.in,+91 8005281273,Indus Textiles Pvt Ltd,Procurement Lead,Education,Mumbai,India,Paid Ads,Arjun Mehta,2026-03-21,2026-03-21,2026-07-29
C10378,Sophie,Brown,sophie.brown@granitemotorsllp.in,+91 9334476263,Granite Motors LLP,Director,Financial Services,Calcutta,India,,Sneha Iyer,2026-04-02,2026-08-04,
C10288,Riya,Shah,riya.shah@meridianventurespv.in,+91 9008514036,Meridian Ventures Pvt Ltd,Director,Information Technology,Bengaluru,IND,,Arjun Mehta,2025-09-02,2026-09-23,2026-03-04
C10418,Yash,Bhatia,yash.bhatia@,+91 8922877725,Vertex Analytics Ltd,CEO,Real Estate,Mumbai,India,,Farhan Shaikh,2026-03-27,2026-03-27,2026-08-17
C10391,Sophie,Malhotra,sophie.malhotra@banyanlabspvt.in,+91 9278814761,Banyan Labs Pvt Ltd,Finance Manager,,Hyderabad,India,Linked In,Ayesha Khan,2025-07-19,2026-05-17,2026-04-09
C10592,Chloe,Smith,chloe.smith@orbittechltd.in,+91 8415833117,Orbit Tech Ltd,Founder,education,Mumbai,India,Website,Vikram Rao,2026-08-31,2026-08-31,
C11162,Vikram,Khanna,vikram.khanna@@silverlinerealtyll.in,,Silverline Realty LLP,Operations Manager,Information Technology,Delhi,India,LinkedIn,Farhan Shaikh,2026-01-15,2026-03-10,2026-03-14
C11086,Ananya,Sharma,ananya.sharma@everestlogisticsll.in,+91 8565775809,Everest Logistics LLP,Finance Manager,Manufacturing,Delhi,Bharat,Cold Outreach,,2026-07-26,2026-09-07,2026-09-01
C10647,Pooja,Desai,pooja.desai@orbittextilespvt.in,+91 8353537513,Orbit Textiles Pvt Ltd,Finance Manager,NA,Mumbai,India,,Farhan Shaikh,2026-09-01,2026-09-01,2026-09-01
C11152,Deepak,Desai,deepak.desai@sahyadrimotorsindu.in,+91 7593777569,Sahyadri Motors Industries,CEO,,Chennai,India,Referral,Vikram Rao,2026-04-07,2026-08-14,
C10520,Emma,Saxena,emma.saxena@novatechllp.in,98765,Nova Tech LLP,CTO,Education,Pune,IN,LinkedIn,Arjun Mehta,2025-06-11,2026-01-13,
C10064,Rajesh,Thakur,rajesh.thakur@quantumlearningpvt.in,+91 7341016668,Quantum Learning Pvt Ltd,Finance Manager,,Mum,India,Website,Priya Nair,2025-02-19,2026-04-29,2026-07-30
C10014,Chloe,Khanna,chloe.khanna@kestrelanalyticspv.in,+91 8221704303,Kestrel Analytics Pvt Ltd,Founder,Financial Services,Pune,India,LinkedIn,Sneha Iyer,2025-07-10,2026-05-13,2026-09-03
C11180,Arjun,Chatterjee,arjun.chatterjee@silverlinefinservl.in,12345678901234567,Silverline Finserv LLP,CEO,Hospitality,Bengaluru,India,Events,Arjun Mehta,2025-05-27,2025-05-27,2026-05-03
C11064,Sneha,Kulkarni,sneha.kulkarni@kestrelrealtysolut.in,+91 8238994991,Kestrel Realty Solutions,Director,Information Technology,Pune,India,LinkedIn,Priya Nair,2025-01-16,2026-02-09,2026-07-10
C10492,Harsh,Verma,harsh.verma@cedarhealthsolutio.in,+91 8643471287,Cedar Health Solutions,CEO,TBD,Mumbai,India,Cold Outreach,Arjun Mehta,2025-09-01,2026-01-09,
C10379,Manish,Kulkarni,,+91 7044397359,Zenith Labs LLP,,N/A,Delhi,Bharat,Website,Neha Joshi,2026-02-10,2026-02-18,2026-05-13
C10187,Aditi,Smith,aditi.smith@zenithretailsoluti.in,+91 7563942788,Zenith Retail Solutions,NA,Retail & E-commerce,Delhi,India,LinkedIn,Priya Nair,2024-11-20,2026-06-07,2026-01-13
C10763,Sophie,Malhotra,sophie.malhotra@sahyadritechllp.in,+91 7589298808,Sahyadri Tech LLP,Procurement Lead,Manufacturing,Delhi,India,Referral,Ayesha Khan,2025-08-31,2026-02-23,2026-09-15
C10216,Suresh,Green,suresh.green@quantumlearningpvt.in,+91 9225699611,Quantum Learning Pvt Ltd,Head of Sales,unknown,Mumbai,India,LinkedIn,Arjun Mehta,2025-01-03,2026-07-20,
C10791,Payal,Gupta,,+91 8786718153,Saffron Realty Group,,TBD,Bengaluru,India,Website,Neha Joshi,2026-08-23,2026-08-23,2026-08-23
C11076,Vivaan,Green,NA,+91 7413193592,Kestrel Textiles Industries,Marketing Manager,,Delhi,India,Events,Rohit Kulkarni,2025-11-22,2026-06-02,2026-07-13
C10878,Divya,Desai,divya.desai@lumenlogisticsltd.in,+91 8358644963,Lumen Logistics Ltd,Director,Real Estate,Pune,india,Cold Outreach,Ayesha Khan,2025-08-27,2026-07-30,
C10337,Karan,Kapoor,karan.kapoor@peacockanalyticsgr.in,,Peacock Analytics Group,CEO,Financial Services,Mumbai,India,Website,Sneha Iyer,2025-10-16,2026-04-24,2026-02-24
C10719,Grace,Hall,grace.hall@novalabsltd.in,+91 9688327532,Nova Labs Ltd,Finance Manager,Financial Services,Kolkata,India,Paid Ads,Vikram Rao,2025-04-04,2025-12-21,2026-06-06
C10295,Vivaan,Das,vivaan.das@monsoonfinservpvt.in,TBD,Monsoon Finserv Pvt Ltd,Founder,Financial Services,Bengaluru,India,,Ayesha Khan,2025-10-21,2026-09-12,2025-11-23
C11016,Riya,Kulkarni,"riya.kulkarni@pinnacleretailltd,in",,Pinnacle Retail Ltd,CEO,Financial Services,Mumbai,India,,Ayesha Khan,2026-07-22,2026-09-10,2026-07-22
C10455,Vikram,Iyer,-,,Orbit Motors LLP,Director,Healthcare,Bengaluru,India,Cold Outreach,Sneha Iyer,2025-09-12,2026-06-18,
C10815,Sahil,Gupta,sahil.gupta@kestrelrealtysolut.in,+91 7026767209,Kestrel Realty Solutions,Procurement Lead,information technology,Pune,India,Paid Ads,Ayesha Khan,2025-11-17,2025-12-28,2026-08-17
C10269,Arjun,Nair,arjun.nair@pinnacleretailltd.in,+91 9817946954,Pinnacle Retail Ltd,Business Analyst,Financial Services,Mumbai,India,Referral,Arjun Mehta,2024-11-17,2026-08-04,2026-08-03
C10995,Rohan,Shah,rohan.shah@harborventuresgrou.in,,Harbor Ventures Group,CEO,Hospitality,Bombay,India,LinkedIn,Priya Nair,2025-02-15,2026-09-18,
C10201,Ritika,Shah,ritika.shah@peacockpharmasolut.in,+91 9012796114,Peacock Pharma Solutions,Marketing Manager,Information Technology,Kolkata,India,,,2025-03-13,2026-08-24,
C10161,Arjun,Taylor,arjun.taylor@tridentanalyticsgr.in,+91 9663177971,Trident Analytics Group,Finance Manager,Manufacturing,Mumbai,India,TBD,Rohit Kulkarni,2025-10-05,2026-05-20,
C10729,Sneha,Desai,"sneha.desai@apexlogisticssolut,in",+91 7615814888,Apex Logistics Solutions,CEO,Real Estate,Pune,India,Paid Ads,Priya Nair,2025-05-01,2026-07-12,2026-03-13
C10401,Riya,Menon,null,+91 9572934172,Sahyadri Ventures LLP,Head of Sales,Retail,Chennai,India,Website,Neha Joshi,2025-12-20,2025-12-20,2026-09-05
C10702,Neha,Pandey,neha.pandey@meridianpharmapvt.in,+91 8817151602,Meridian Pharma Pvt Ltd,Procurement Lead,Manufacturing,Hyderabad,India,Website,Farhan Shaikh,2026-03-11,2026-03-11,
C11129,Rahul,Patel,rahul.patel@novafinservllp.in,+91 9409131117,Nova Finserv LLP,Business Analyst,Healthcare,Delhi,India,Paid Ads,Rohit Kulkarni,2024-12-06,2026-01-21,2026-05-24
C10565,Sanjay,Walker,sanjay.walker@indusventurespvt.in,+91 7893199255,Indus Ventures Pvt Ltd,Founder,N/A,Pune,India,Website,Neha Joshi,2025-03-28,2025-10-21,2026-08-11
C11021,Kunal,Nair,kunal.nair@auroramotorsllp.in,+91 8313259367,Aurora Motors LLP,Business Analyst,Education,Chennai,India,Website,Farhan Shaikh,2026-04-02,2026-04-02,
C11025,Shreya,Bhatia,,-,Everest Tech Group,Head of Sales,Retail,Ahmedabad,India,Referral,Sneha Iyer,2026-06-04,2026-06-04,2026-09-06
C11104,Tanvi,Shah,tanvi.shah@pinnaclemotorsllp.in,+91 9322101023,Pinnacle Motors LLP,Head of Sales,Information Technology,Mumbai,India,cold outreach,Priya Nair,2025-03-10,2025-03-10,2025-11-20
C10205,Tanvi,Nair,tanvi.nair@cedaranalyticsltd.in,+91 9451848947,Cedar Analytics Ltd,CTO,Hospitality,Bengaluru,India,Referral,Vikram Rao,2026-07-03,2026-08-23,2026-07-06
C10034,Vikram,Taylor,vikram.taylor@peacockpharmallp.in,+91 9794705516,Peacock Pharma LLP,null,,Pune,India,LinkedIn,Priya Nair,2025-10-14,2026-01-12,2026-08-28
C10775,Chloe,Kulkarni,chloe.kulkarni@cedartechpvt.in,+91 7559835411,Cedar Tech Pvt Ltd,CTO,Manufacturing,Mumbai,India,LinkedIn,Neha Joshi,2026-09-11,2026-09-11,2026-09-11
C10508,Kunal,Iyer,kunal.iyer@cedarlearningltd.in,+91 9628314359,Cedar Learning Ltd,Business Analyst,N/A,Bengaluru,India,Referral,Farhan Shaikh,2026-06-28,2026-06-28,2026-09-18
C11300,Y.,Mishra,yash.mishra@auroraretailsoluti.in,+91 8591966395,Aurora Retail Solutions,Procurement Lead,Retail,Delhi,india,Cold Outreach,Rohit Kulkarni,2026-08-08,2026-09-05,2026-07-26
C10091,Kunal,Brown,kunal.brown@peacockanalyticsll.in,+91 7175186363,Peacock Analytics LLP,Finance Manager,Information Technology,Delhi,India,LinkedIn,Sneha Iyer,2025-04-07,2026-09-10,
C10897,Sanjay,Hall,sanjay.hall@harborpharmallp.in,+91 9648628720,Harbor Pharma LLP,Marketing Manager,Retail,Bengaluru,India,Website,Arjun Mehta,2025-04-15,2026-09-12,2026-05-22
C10564,Nisha,Kapoor,null,+91 8201654235,Coral Textiles Pvt Ltd,CTO,Hospitality,Mumbai,India,Referral,Ayesha Khan,2025-06-22,2026-05-05,2026-08-25
C10776,Ethan,Menon,ethan.menon@apexfinservindustr.in,+91 9755752250,Apex Finserv Industries,CEO,,Poona,India,Website,Sneha Iyer,2025-10-22,2026-04-05,
C10241,Tanvi,Hughes,tanvi.hughes@orbitfoodsgroup.in,,Orbit Foods Group,Director,Hospitality,Mumbai,India,Website,Sneha Iyer,2026-02-17,2026-02-17,2026-09-30
C10013,Anjali,Patel,anjali.patel@harborventuresgrou.in,+91 8405153195,Harbor Ventures Group,Head of Sales,F&B,Mumbai,India,Website,Arjun Mehta,2024-11-30,2026-05-17,2026-08-16
C10315,Sahil,Wilson,sahil.wilsonsaffronrealtygroup.in,,Saffron Realty Group,CEO,Financial Services,Bengaluru,India, ,Neha Joshi,2026-07-20,2026-07-20,2026-07-21
C10600,Emma,Smith,emma.smith@saffrontechltd.in,+91 7241209579,Saffron Tech Ltd,Founder,N/A,Ahmadabad,India,Referral,Vikram Rao,2025-01-10,2026-04-27,2026-10-01
C10387,Varun,Verma,varun.verma@apexhospitalityind.in,+91 9774905097,Apex Hospitality Industries,Procurement Lead,,Mumbai,India,Paid Ads,Ayesha Khan,2025-03-17,2026-06-21,
C10166,Harsh,Wright,harsh.wright@orbitfoodsgroup.in,+91 9292216995,Orbit Foods Group,Business Analyst,Hospitality,Bombay,India,Cold Outreach,Farhan Shaikh,2026-05-17,2026-06-20,2026-08-03
C10840,Vivaan,Reddy,vivaan.reddy@apexhospitalityind.in,+91 8875256806,Apex Hospitality Industries,Procurement Lead,Healthcare,Mumbai,India,LinkedIn,Arjun Mehta,2026-02-13,2026-02-13,
C10020,Shreya,Wilson,shreya.wilson@apexfinservindustr.in,+91 9144739473,Apex Finserv Industries,CEO,Manufacturing,Pune,India,Website,Rohit Kulkarni,2025-08-27,2026-02-19,2026-08-29
C10646,Suresh,Iyer,suresh.iyer@kestrelfoodsgroup.in,+91 7989868180,Kestrel Foods Group,Director,Hospitality,Bengaluru,India,Referral,Neha Joshi,2025-03-28,2026-07-27,2025-07-12
C11154,Grace,Wilson,grace.wilson@induslogisticsltd.in,+91 7438419662,Indus Logistics Ltd,Head of Sales,Real Estate,Calcutta,India,Referral,Vikram Rao,2025-04-13,2025-12-28,
C10831,Isha,Brown,isha.brown@pinnacleanalyticsg.in,+91 8662705115,Pinnacle Analytics Group,Finance Manager,Financial Services,Delhi,India,Referral,Ayesha Khan,2025-03-04,2026-09-15,2026-10-01
C11267,Sophie,Sqah,sophie.shah@everestretailpvt.in,+91 8661963990,Everest Retail Pvt Ltd,,Information Technology,Kolkata,India,-,Farhan Shaikh,2025-05-29,2026-06-04,2026-08-25
C10562,Pooja,Khanna,pooja.khanna@novalogisticsindus.in,+91 7723590960,Nova Logistics Industries,Procurement Lead,Hospitality,Banglore,India,,Neha Joshi,2025-01-04,2026-06-23,
C11286,Shreya,Dos,shreya.das@quantumrealtygroup.in,+91 9883565179,Quantum Realty Group,,Education,Ahmedabad,India,Website,,2026-03-16,2026-09-10,2026-01-20
C10686,Rajesh,Verma,rajesh.verma@coralventuresgroup.in,+91 9222161070,Coral Ventures Group,Procurement Lead,Education,Mumbai,India,NA,Sneha Iyer,2025-06-29,2026-08-15,2026-06-22
C10957,Harsh,Kulkarni,harsh.kulkarni@harborventuresllp.in,+91 8454930364,Harbor Ventures LLP,CTO,Healthcare,Mumbai,India,Cold Outreach,Neha Joshi,2025-05-01,2026-07-17,2026-08-15
C10189,Neha,Pillai,neha.pillaimeridianventuresin.in,+91 9385677005,Meridian Ventures Industries,CEO,Information Technology,Bengaluru,India,events,Sneha Iyer,2025-03-16,2026-09-16,
C10975,Arjun,Hall,arjun.hall@@zenithretailsoluti.in,+91 7913732653,Zenith Retail Solutions,Founder,Retail,Delhi,India,Cold Outreach,Priya Nair,2025-05-01,2025-05-01,2026-09-28
C10699,Anjali,Menon,anjali.menon@cedarmotorspvt.in,+91 9316252654,Cedar Motors Pvt Ltd,CTO,Hospitality,Pune,India,Referral,Rohit Kulkarni,2025-09-05,2026-06-20,2026-05-22
C10510,Chloe,Chatterjee,chloe.chatterjee@granitelearningpvt.in,+91 7401636112,Granite Learning Pvt Ltd, ,Information Technology,Mumbai,India,,Sneha Iyer,2025-04-21,2025-04-21,
C11082,Vikram,Wright,vikram.wright@meridianlearningpv.in,+91 8011929207,Meridian Learning Pvt Ltd,Procurement Lead,Information Technology,Bengaluru,India,,,2026-06-25,2026-06-25,
C10474,Ethan,Verma,ethan.verma@monsoonlabssolutio.in,+91 9553380339,Monsoon Labs Solutions,CTO,Healthcare,Pune,Bharat,Referral,Ayesha Khan,2026-05-24,2026-05-24,
C10856,Diya,Wright,diya.wright@cedaranalyticsltd.in,+91 8542786561,Cedar Analytics Ltd,Director,Hospitality,Bengaluru,India,LinkedIn,Ayesha Khan,2026-02-17,2026-09-12,2026-04-29
C10747,Neha,Malhotra,neha.malhotra@lumenfinservpvt.in,TBD,Lumen Finserv Pvt Ltd,Marketing Manager,Retail,Mumbai,India,linkedin,Rohit Kulkarni,2026-04-04,2026-04-04,2026-08-24
C10252,Kavya,Wilson,kavya.wilson@cedarrealtygroup.in,+91 8620555438,Cedar Realty Group,Operations Manager,hospitality,Mumbai,India,Cold Outreach,Sneha Iyer,2026-08-11,2026-08-11,
C10021,Diya,Saxena,diya.saxena@@indushealthsolutio.in,+91 9551884422,Indus Health Solutions,Procurement Lead,Hospitality,Mumbai,India,Referral,Rohit Kulkarni,2026-05-09,2026-07-29,2026-09-12
C10459,Rohan,Khanna,rohan.khanna@apexlogisticssolut.in,+91 9025662128,Apex Logistics Solutions,CTO,Real Estate,Pune,India,Referral,Rohit Kulkarni,2025-09-14,2026-04-02,
C11184,Anjali,Sharma,anjali.sharma@meridianfoodsindus.in,+91 7426201971,Meridian Foods Industries,Head of Sales,,Chennai,India,Events,Rohit Kulkarni,2025-11-20,2026-07-19,2026-08-06
C10276,Karan,Saxena,,+91 8823578452,Harbor Labs Ltd,CEO,Hospitality,Hyderabad,India,Cold Outreach,Ayesha Khan,2025-09-13,2026-09-09,2026-06-14
C10955,Varun,Mehta,varun.mehta@auroraretailsoluti.in,+91 7760250826,Aurora Retail Solutions,,Retail,Delhi,India,Website,Ayesha Khan,2025-03-02,2026-09-21,2026-08-30
C11215,D.,Das,daniel.das@indusanalyticsgrou.in,+91 9057198386,Indus Analytics Group,Marketing Manager,Manufacturing,Mumbai,India,Referral,Sneha Iyer,2025-02-08,2026-01-06,
C10385,Shreya,Reddy,shreya.reddy@,+91 7151342284,Coral Analytics Group,Director,Information Technology,Ahmedabad,India,Cold Outreach,Vikram Rao,2026-02-13,2026-02-13,2026-07-08
C10805,Liam,Joshi,,+91 8502130609,Peacock Ventures Industries,Founder,Education,Chennai,India,Cold Outreach,Rohit Kulkarni,2026-03-06,2026-05-11,2026-09-05
C10343,Sophie,Singh,sophie.singh@kestreltechllp.in,+91 9518952028,Kestrel Tech LLP,Operations Manager,Manufacturing,Mumbai,India,LinkedIn,Neha Joshi,2026-08-03,2026-08-03,
C10769,Komal,Joshi,komal.joshi@saffronanalyticsgr.in,+91 9743811995,Saffron Analytics Group,Marketing Manager,Real Estate,Ahmedabad,India,Cold Outreach,Neha Joshi,2026-07-23,2026-07-23,2026-07-23
C10130,Diya,Saxena,diya.saxena@vertexlearningindu.in,+91 8743490211,Vertex Learning Industries,Procurement Lead,Hospitality,Ahmedabad,India,Cold Outreach,Farhan Shaikh,2026-02-18,2026-08-13,
C10871,Varun,Singh,varun.singh@harborlabsltd.in,+91 9605080184,Harbor Labs Ltd,Director,Hospitality,Hyderabad,IN,Referral,Sneha Iyer,2025-08-30,2026-09-02,
C11123,Swati,Walker,swati.walker@peacockpharmallp.in,+91 8529447161,Peacock Pharma LLP,Director,retail,Pune,India,,Ayesha Khan,2024-12-05,2025-09-24,
C10087,Sahil,Chatterjee,sahil.chatterjee@coralmotorspvt.in,+91 8807836134,Coral Motors Pvt Ltd,Founder,TBD,Mumbai,India,LinkedIn,TBD,2025-03-03,2026-07-13,2026-09-01
C10330,Vikram,Agarwal,vikram.agarwal@orbitpharmaindustr.in,+91 9887749242,Orbit Pharma Industries,Operations Manager,Retail,Pune,India,Website,Arjun Mehta,2024-12-02,2026-07-04,2026-09-02
C11238,K.,Smith,komal.smith@pinnaclefoodsgroup.in,+91 8063356939,Pinnacle Foods Group,Head of Sales,Information Technology,Madras,IND,Paid Ads,Priya Nair,2026-07-30,2026-07-30,2026-07-01
C10466,Vivaan,Hall,vivaan.hall@pinnaclehealthsolu.in,+91 8186210427,Pinnacle Health Solutions,Procurement Lead,Edu,Pune,India,Website,Priya Nair,2025-02-26,2026-06-18,
C10121,Vivaan,Gupta,vivaan.gupta@meridianfoodsindus.in,+91 7185156915,Meridian Foods Industries,Operations Manager,Retail,Chennai,Bharat,LinkedIn,Ayesha Khan,2025-02-28,2025-11-12,2026-08-20
C11044,Sahil,Kapoor,sahil.kapoor@lumenfinservpvt.in,+91 9767201911,Lumen Finserv Pvt Ltd,CEO,Retail,Mumbai,India,LinkedIn,Rohit Kulkarni,2025-12-29,2026-09-29,
C11095,Hannah,Saxena,hannah.saxena@tridentventuresltd.in,+91 9979177633,Trident Ventures Ltd,Operations Manager,Information Technology,Hyderabad,India,,Ayesha Khan,2025-06-10,2025-06-10,
C11130,Sophie,Verma,sophie.verma@apextextilesltd.in,+91 8760220695,Apex Textiles Ltd,Marketing Manager,Hospitality,Hyderabad,India,LinkedIn,Sneha Iyer,2026-06-30,2026-06-30,
C11294,Rajesh,Sharma,rajesh.sharma@saffronretailpvt.in,+91 7122355216,Saffron Retail Pvt,Procurement Lead,Real Estate,MUMBAI,India,website,Arjun Mehta,2026-10-01,2026-10-01,2026-08-17
C10860,Daniel,Desai,daniel.desai@coralfinservltd.in,,Coral Finserv Ltd,Business Analyst,Real Estate,Mumbai,India,Referral,Vikram Rao,2025-09-07,2026-03-02,2026-09-29
C11126,Harsh,Patel,harsh.patel@monsoonpharmaltd.in,+91 8398344883,Monsoon Pharma Ltd,Business Analyst,Information Technology,Bengaluru,India,LinkedIn,Ayesha Khan,2025-03-16,2025-04-20,2025-10-31
