deal_id,deal_name,contact_id,company,amount,currency,stage,probability,lead_source,owner,created_at,close_date,lost_reason
D50000,Nova - Analytics setup,C10465,Nova Logistics Industries,416500.0,INR,Prospecting,10,Cold Outreach,Ayesha Khan,2026-09-13,2026-11-09,
D50001,Quantum - Analytics setup,C10514,Quantum Learning Pvt Ltd,362300.0,INR,Prospecting,10,Referral,Rohit Kulkarni,2025-07-22,2025-09-23,
D50002,Vertex - Expansion,C10548,Vertex Finserv Group,278300.0,INR,Closed Lost,0,Referral,Arjun Mehta,2025-05-01,2025-08-17,No budget
D50003,Indus - Consulting,C10405,Indus Textiles Pvt Ltd,94000.0,INR,Closed Won,100,Cold Outreach,Priya Nair,2025-05-12,2025-07-26,
D50004,Lumen - Annual plan,C10654,Lumen Analytics Solutions,187800.0,INR,Closed Won,100,LinkedIn,Ayesha Khan,2025-08-29,2025-10-04,
D50005,Trident - Analytics setup,C10544,Trident Analytics Group,45200.0,INR,Closed Lost,0,Website,Vikram Rao,2025-05-19,2025-08-31,No budget
D50006,Trident - Pilot,C10138,Trident Tech Industries,855900.0,INR,Closed Won,100,LinkedIn,Neha Joshi,2025-03-17,2025-06-03,
D50007,Indus - Consulting,C90071,Indus Logistics Ltd,205700.0,INR,Closed Won,100,LinkedIn,Arjun Mehta,2025-11-29,2026-01-03,
D50008,Pinnacle - Pilot,C10031,Pinnacle Labs Group,135700.0,INR,Closed Won,100,Website,Neha Joshi,2025-12-20,2026-02-13,
D50009,Blue - Pilot,C11096,Blue Lotus Foods Pvt Ltd,354300.0,INR,negotiation,100,Referral,Farhan Shaikh,2025-03-06,2025-06-21,
D50010,Orbit - Annual plan,C11164,Orbit Retail Industries,326500.0,INR,Closed Won,100,Website,Vikram Rao,2026-06-30,2026-09-15,
D50011,Cedar - Renewal,C11014,Cedar Learning Ltd,389000.0,INR,Closed Won,100,Referral,Priya Nair,2025-03-09,2025-05-10,
D50012,Orbit - Consulting,C10174,Orbit Textiles Pvt Ltd,109200.0,INR,Closed Won,100,Cold Outreach,Arjun Mehta,2024-12-03,2025-02-09,
D50013,Banyan - Analytics setup,C10607,Banyan Retail Pvt Ltd,436400.0,INR,Negotiation,75,LinkedIn,Priya Nair,2026-08-29,2026-12-21,
D50014,Saffron - Consulting,C10364,Saffron Tech Industries,,INR,Closed Won,100,Cold Outreach,Ayesha Khan,2025-04-25,2025-08-10,
D50015,Zenith - Pilot,C10232,Zenith Retail Solutions,246200.0,INR,Closed Won,100,LinkedIn,Priya Nair,2025-08-07,2025-11-08,
D50016,Blue - Analytics setup,C10835,Blue Lotus Foods Pvt Ltd,163300.0,INR,Closed Won,100,Referral,Sneha Iyer,2025-05-22,2025-06-21,
D50017,Pinnacle - Consulting,C10781,Pinnacle Realty Group,110700.0,INR,Qualification,25,LinkedIn,Vikram Rao,2026-03-13,2026-05-17,
D50018,Granite - Renewal,C96668,Granite Labs Group,692700.0,INR,Closed Won,100,Cold Outreach,Arjun Mehta,2026-06-14,2026-07-19,
D50019,Orbit - Renewal,C10554,Orbit Learning Solutions,532600.0,INR,Closed Won,100,Referral,Farhan Shaikh,2025-03-12,2025-04-29,
D50020,Silverline - Expansion,C10467,Silverline Finserv LLP,152800.0,INR,Closed Lost,0,Cold Outreach,Vikram Rao,2025-07-12,2025-09-10,Went with competitor
D50021,Zenith - Pilot,C10631,Zenith Motors Pvt Ltd,239100.0,INR,Closed Won,100,Referral,Priya Nair,2025-10-24,2026-01-29,
D50022,Apex - Expansion,C10262,Apex Hospitality Industries,91700.0,INR,Closed Won,100,Referral,Rohit Kulkarni,2025-12-22,2026-01-28,
D50023,Meridian - Pilot,C11105,Meridian Ventures Industries,107000.0,INR,Qualification,25,Website,Rohit Kulkarni,2026-02-26,2026-04-18,
D50024,Harbor - Renewal,C10624,Harbor Hospitality LLP,178000.0,INR,Proposal,50,LinkedIn,Ayesha Khan,2026-09-09,2026-12-20,
D50025,Peacock - Expansion,C11091,Peacock Hospitality Group,65800.0,INR,Negotiation,75,Website,Farhan Shaikh,2026-09-30,2026-12-12,
D50026,Everest - Consulting,C10591,Everest Tech Group,873600.0,INR,Closed Won,100,Events,Sneha Iyer,2025-12-07,2025-12-30,
D50027,Cedar - Pilot,C10311,Cedar Health Solutions,184400.0,INR,Qualification,25,Website,Vikram Rao,2025-10-09,2025-12-02,
D50028,Pinnacle - Pilot,C10579,Pinnacle Labs Pvt Ltd,103900.0,INR,Closed Won,100,Cold Outreach,Priya Nair,2026-03-08,2026-04-06,
D50029,Meridian - Pilot,C10226,Meridian Realty Ltd,67300.0,INR,Closed Won,100,Referral,Ayesha Khan,2025-09-30,2025-11-08,
D50030,Orbit - Analytics setup,C10220,Orbit Labs LLP,44500.0,INR,Closed Won,100,Referral,Farhan Shaikh,2026-01-14,2026-05-02,
D50031,Nova - Pilot,C10114,Nova Labs Ltd,143400.0,INR,Prospecting,10,Cold Outreach,Farhan Shaikh,2026-09-05,2026-10-06,
D50032,Pinnacle - Annual plan,C11148,Pinnacle Health Pvt Ltd,352000.0,INR,Closed Won,100,Referral,Sneha Iyer,2025-03-26,2025-06-29,
D50033,Coral - Renewal,C10087,Coral Motors Pvt Ltd,50400.0,INR,Closed Won,100,LinkedIn,Arjun Mehta,2025-05-27,2025-07-06,
D50034,Everest - Annual plan,C11137,Everest Foods LLP,752700.0,INR,Closed Won,100,Cold Outreach,Sneha Iyer,2026-03-21,2026-04-15,
D50035,Orbit - Renewal,C10371,Orbit Textiles Pvt Ltd,201600.0,INR,Closed Won,100,Events,Vikram Rao,2025-12-21,2026-01-22,
D50036,Cedar - Annual plan,C10323,Cedar Analytics Ltd,71500.0,INR,Proposal,50,LinkedIn,Ayesha Khan,2026-09-03,2026-10-27,
D50037,Meridian - Renewal,C10580,Meridian Learning Pvt Ltd,80900.0,INR,Closed Won,100,Events,Neha Joshi,2026-01-19,2026-02-23,
D50038,Nova - Expansion,C10175,Nova Tech Solutions,252000.0,INR,Closed Won,100,Website,Priya Nair,2026-05-24,2026-09-16,
D50039,Quantum - Consulting,C10606,Quantum Health Pvt Ltd,257600.0,INR,Qualification,25,Website,Arjun Mehta,2026-09-24,2026-11-02,
D50040,Vertex - Expansion,C10242,Vertex Learning Ltd,207900.0,INR,Closed Won,100,Events,Farhan Shaikh,2026-05-28,2026-06-22,
D50041,Kestrel - Pilot,C10574,Kestrel Health Pvt Ltd,161200.0,INR,Closed Won,100,Referral,Ayesha Khan,2025-03-31,2025-06-24,
D50042,Aurora - Renewal,C10517,Aurora Finserv Group,64200.0,INR,Proposal,50,Website,Priya Nair,2025-01-10,2025-03-29,
D50043,Banyan - Pilot,C10442,Banyan Foods Pvt Ltd,328400.0,INR,Qualification,25,Paid Ads,Sneha Iyer,2026-08-19,2026-09-15,
D50044,Trident - Pilot,C10544,Trident Analytics Group,832900.0,INR,Closed Won,100,Website,Vikram Rao,2025-03-13,2025-07-10,
D50045,Trident - Renewal,C11173,Trident Ventures Ltd,332300.0,INR,Closed Won,100,LinkedIn,Vikram Rao,2025-03-30,2025-05-31,
D50046,Zenith - Analytics setup,C10379,Zenith Labs LLP,165200.0,INR,Proposal Sent,0,Website,Neha Joshi,2026-02-10,2026-03-25,Price
D50047,Cedar - Pilot,C10120,Cedar Retail Pvt Ltd,55500.0,INR,Closed Won,100,Events,Arjun Mehta,2025-06-23,2025-08-27,
D50048,Apex - Annual plan,C10221,Apex Logistics Solutions,60000.0,INR,Closed Won,100,LinkedIn,Priya Nair,2025-08-22,2025-11-21,
D50049,Pinnacle - Annual plan,C11016,Pinnacle Retail Ltd,135900.0,INR,Proposal,50,LinkedIn,Ayesha Khan,2026-09-09,2026-10-23,
D50050,Peacock - Renewal,C10224,Peacock Textiles Pvt Ltd,163500.0,INR,Closed Won,100,Events,Neha Joshi,2025-11-19,2026-01-27,
D50051,Silverline - Consulting,C10196,Silverline Foods Group,237300.0,INR,Proposal,50,LinkedIn,Priya Nair,2025-10-03,2025-12-23,
D50052,Zenith - Consulting,C10215,Zenith Foods Ltd,154400.0,INR,Negotiation,75,Referral,Neha Joshi,2025-02-12,2025-06-04,
D50053,Orbit - Renewal,C10656,Orbit Labs LLP,200800.0,INR,Closed Won,100,Events,Ayesha Khan,2025-12-23,2026-03-07,
D50054,Indus - Expansion,C10531,Indus Finserv Group,63700.0,INR,Closed Won,100,Website,Ayesha Khan,2026-05-19,2026-06-16,
D50055,Zenith - Analytics setup,C10265,Zenith Retail Solutions,85400.0,INR,Closed Won,100,Website,Sneha Iyer,2026-04-06,2026-05-15,
D50056,Lumen - Pilot,C11083,Lumen Ventures Industries,478900.0,INR,Closed Won,100,Website,Ayesha Khan,2025-09-10,2025-12-18,
D50057,Meridian - Renewal,C10761,Meridian Realty Industries,519100.0,INR,Won,10,Paid Ads,Ayesha Khan,2025-04-20,2025-07-15,
D50058,Aurora - Analytics setup,C11087,Aurora Learning LLP,649800.0,INR,Closed Won,100,Cold Outreach,Arjun Mehta,2025-11-17,2026-01-27,
D50059,Lumen - Pilot,C10747,Lumen Finserv Pvt Ltd,101700.0,INR,Negotiation,75,LinkedIn,Rohit Kulkarni,2026-04-29,2026-07-12,
D50060,Lumen - Consulting,C10366,Lumen Finserv Pvt Ltd,,INR,Negotiation,75,LinkedIn,Rohit Kulkarni,2026-08-08,2026-11-20,
D50061,Aurora - Annual plan,C10988,Aurora Ventures Industries,190200.0,INR,Closed Won,100,Cold Outreach,Sneha Iyer,2025-10-05,2025-12-08,
D50062,Pinnacle - Annual plan,C10165,Pinnacle Foods Group,1338500.0,INR,Closed Won,100,Website,Priya Nair,2025-11-03,2026-02-23,
D50063,Aurora - Consulting,C10306,Aurora Retail LLP,203000.0,INR,Closed Won,100,LinkedIn,Arjun Mehta,2025-09-12,2025-10-26,
D50064,Meridian - Analytics setup,C10853,Meridian Ventures Industries,436500.0,INR,Closed Won,100,Cold Outreach,Rohit Kulkarni,2025-05-28,2025-09-19,
D50065,Granite - Analytics setup,C10633,Granite Labs Group,566700.0,INR,Closed Won,100,Cold Outreach,Arjun Mehta,2026-04-28,2026-07-01,
D50066,Cedar - Pilot,C11014,Cedar Learning Ltd,138100.0,INR,Closed Won,100,Referral,Priya Nair,2024-12-03,2025-01-21,
D50067,Silverline - Renewal,C10467,Silverline Finserv LLP,89700.0,INR,Closed Won,100,Cold Outreach,Vikram Rao,2025-07-16,2025-10-24,
D50068,Lumen - Pilot,C10833,Lumen Tech Industries,86900.0,INR,Closed Lost,0,Paid Ads,Vikram Rao,2025-11-23,2025-12-29,Price
D50069,Kestrel - Annual plan,C10151,Kestrel Pharma Solutions,239800.0,INR,Closed Won,100,Cold Outreach,Priya Nair,2026-03-31,2026-07-07,
D50070,Nova - Analytics setup,C10813,Nova Tech Solutions,251900.0,INR,Closed Won,100,Referral,Ayesha Khan,2026-05-26,2026-09-14,
D50071,Pinnacle - Consulting,C10466,Pinnacle Health Solutions,360600.0,INR,Closed Won,100,Website,Priya Nair,2025-04-15,2025-07-08,
D50072,Orbit - Consulting,C10217,Orbit Textiles Pvt Ltd,162000.0,INR,closed won,100,Cold Outreach,Ayesha Khan,2025-06-09,2025-07-01,
D50073,Silverline - Consulting,C10758,Silverline Foods Group,104300.0,INR,Prospecting,10,LinkedIn,Ayesha Khan,2026-08-06,2026-10-22,
D50074,Zenith - Renewal,C10530,Zenith Motors Pvt Ltd,282600.0,INR,Prospecting,10,Cold Outreach,Vikram Rao,2025-07-11,2025-09-05,
D50075,Harbor - Expansion,C10871,Harbor Labs Ltd,249400.0,INR,Negotiation,75,Referral,Sneha Iyer,2025-09-11,2025-10-31,
D50076,Zenith - Pilot,C11106,Zenith Tech Solutions,114400.0,INR,Closed Won,100,LinkedIn,Ayesha Khan,2026-05-25,2026-08-06,
D50077,Harbor - Analytics setup,C10093,Harbor Labs Ltd,446600.0,INR,Closed Won,100,Referral,Vikram Rao,2026-01-03,2026-02-09,
D50078,Harbor - Consulting,C10918,Harbor Ventures Group,72900.0,INR,Proposal,50,Paid Ads,Farhan Shaikh,2025-03-15,2025-06-26,
D50079,Apex - Consulting,C10263,Apex Logistics Solutions,247400.0,INR,Closed Won,100,Website,Ayesha Khan,2026-05-08,2026-06-29,
D50080,Aurora - Renewal,C10727,Aurora Labs Solutions,155400.0,INR,Prospecting,10,Referral,Neha Joshi,2026-07-08,2026-10-04,
D50081,Orbit - Renewal,C93334,Orbit Pharma Industries,101700.0,INR,Closed Won,100,Events,Sneha Iyer,2025-04-24,2025-07-18,
D50082,Harbor - Pilot,C10358,Harbor Retail Ltd,244100.0,INR,Proposal,50,Referral,Ayesha Khan,2025-02-22,2025-06-12,
D50083,Coral - Pilot,C10843,Coral Finserv Ltd,227900.0,INR,Closed Won,100,Referral,Priya Nair,2026-06-22,2026-09-22,
D50084,Nova - Pilot,C10603,Nova Logistics LLP,431100.0,INR,Closed Won,100,Paid Ads,Farhan Shaikh,2025-12-30,2026-02-20,
D50085,Lumen - Renewal,C10926,Lumen Motors Group,,INR,Closed Won,100,Paid Ads,Rohit Kulkarni,2025-03-24,2025-06-02,
D50086,Saffron - Consulting,C10315,Saffron Realty Group,57900.0,INR,Proposal,50,Cold Outreach,Neha Joshi,2026-09-13,2027-01-07,
D50087,Coral - Consulting,C10564,Coral Textiles Pvt Ltd,118800.0,INR,Closed Won,100,Referral,Ayesha Khan,2025-07-30,2025-10-12,
D50088,Aurora - Pilot,C11056,Aurora Retail Ltd,232600.0,INR,Closed Lost,0,Website,Priya Nair,2025-02-04,2025-04-07,Price
D50089,Zenith - Pilot,C10187,Zenith Retail Solutions,318000.0,INR,Closed Won,100,LinkedIn,Priya Nair,2025-03-19,2025-06-27,
D50090,Cedar - Expansion,C10956,Cedar Motors Pvt Ltd,226200.0,INR,Proposal,50,Website,Vikram Rao,2026-02-17,2026-05-11,
D50091,Zenith - Annual plan,C10733,Zenith Motors Solutions,173000.0,INR,Negotiation,75,Referral,Sneha Iyer,2026-09-29,2026-11-30,
D50092,Everest - Renewal,C10591,Everest Tech Group,193900.0,INR,Closed Won,100,Events,Sneha Iyer,2025-10-25,2025-11-16,
D50093,Granite - Annual plan,C11023,Granite Finserv Group,176400.0,INR,Proposal,50,Cold Outreach,Arjun Mehta,2026-09-21,2026-12-20,
D50094,Monsoon - Pilot,C10464,Monsoon Textiles Industries,172500.0,INR,Closed Won,100,Website,Sneha Iyer,2025-05-10,2025-07-21,
D50095,Orbit - Consulting,C10455,Orbit Motors LLP,183600.0,INR,Closed Won,100,Cold Outreach,Sneha Iyer,2025-11-12,2026-01-18,
D50096,Saffron - Expansion,C10044,Saffron Analytics Group,314200.0,INR,Closed Won,100,LinkedIn,Sneha Iyer,2025-07-02,2025-09-29,
D50097,Indus - Analytics setup,C10490,Indus Hospitality LLP,145800.0,INR,Prospecting,10,Cold Outreach,Priya Nair,2026-09-23,2026-11-14,
D50098,Orbit - Consulting,C10554,Orbit Learning Solutions,318400.0,INR,Closed Won,100,Referral,Farhan Shaikh,2025-03-03,2025-03-28,
D50099,Aurora - Consulting,C11088,Aurora Finserv Group,,INR,Closed Won,100,Website,Sneha Iyer,2026-06-10,2026-09-05,
D50100,Coral - Renewal,C10248,Coral Motors Group,229800.0,INR,Qualification,25,LinkedIn,Neha Joshi,2026-07-28,2026-10-19,
D50101,Silverline - Pilot,C11026,Silverline Foods Group,187200.0,INR,Closed Won,100,Referral,Vikram Rao,2025-03-20,2025-04-25,
D50102,Monsoon - Renewal,C10295,Monsoon Finserv Pvt Ltd,166800.0,INR,Proposal,50,Events,Ayesha Khan,2026-01-05,2026-05-03,
D50103,Harbor - Expansion,C10624,Harbor Hospitality LLP,75200.0,INR,Qualification,25,LinkedIn,Ayesha Khan,2026-09-12,2026-11-16,
D50104,Aurora - Renewal,C10837,Aurora Hospitality Pvt Ltd,135300.0,INR,Closed Lost,0,Cold Outreach,Sneha Iyer,2026-02-21,2026-06-20,No budget
D50105,Saffron - Expansion,C10950,Saffron Analytics Ltd,482200.0,INR,Closed Won,100,Website,Priya Nair,2025-06-07,2025-08-21,
D50106,Granite - Annual plan,C11182,Granite Realty Group,147800.0,INR,Closed Won,100,Referral,Arjun Mehta,2025-04-20,2025-07-14,
D50107,Sahyadri - Analytics setup,C10866,Sahyadri Motors Industries,103300.0,INR,Proposal,50,Events,Rohit Kulkarni,2026-02-21,2026-03-25,
D50108,Coral - Pilot,C10564,Coral Textiles Pvt Ltd,363600.0,INR,Closed Won,100,Referral,Ayesha Khan,2025-08-19,2025-12-08,
D50109,Zenith - Consulting,C10128,Zenith Realty Solutions,107800.0,INR,Prospecting,10,Website,Priya Nair,2026-09-27,2027-01-19,
D50110,Harbor - Pilot,C10099,Harbor Hospitality LLP,48500.0,INR,Closed Won,100,LinkedIn,Priya Nair,2026-03-31,2026-07-28,
D50111,Aurora - Annual plan,C11000,Aurora Finserv LLP,281800.0,INR,Closed Won,100,Referral,Priya Nair,2026-04-21,2026-08-18,
D50112,Cedar - Renewal,C10149,Cedar Textiles Solutions,227900.0,INR,Closed Won,100,Referral,Sneha Iyer,2026-04-25,2026-07-21,
D50113,Vertex - Expansion,C10127,Vertex Finserv Group,150000.0,INR,Closed Won,100,Events,Sneha Iyer,2025-12-20,2026-01-16,
D50114,Vertex - Analytics setup,C10130,Vertex Learning Industries,551900.0,INR,Closed Won,100,Cold Outreach,Farhan Shaikh,2026-05-25,2026-06-16,
D50115,Zenith - Renewal,C10895,Zenith Health Pvt Ltd,310800.0,INR,Closed Won,100,Events,Vikram Rao,2025-06-25,2025-09-21,
D50116,Orbit - Consulting,C10528,Orbit Foods Pvt Ltd,308000.0,INR,Closed Won,100,Paid Ads,Arjun Mehta,2025-04-12,2025-07-17,
D50117,Granite - Consulting,C94787,Granite Health Industries,489700.0,INR,Closed Won,100,Website,Rohit Kulkarni,2025-05-12,2025-06-27,
D50118,Pinnacle - Pilot,C10660,Pinnacle Motors LLP,110500.0,INR,Closed Won,100,Referral,Vikram Rao,2026-07-01,2026-07-29,
D50119,Silverline - Renewal,C10089,Silverline Finserv LLP,89300.0,INR,Prospecting,10,Cold Outreach,Ayesha Khan,2026-07-10,2026-08-24,
D50120,Pinnacle - Expansion,C10222,Pinnacle Motors Pvt Ltd,185200.0,INR,Closed Won,100,Cold Outreach,Arjun Mehta,2025-05-03,2025-08-05,
D50121,Zenith - Consulting,C10187,Zenith Retail Solutions,167500.0,INR,Closed Won,100,LinkedIn,Priya Nair,2024-12-30,2025-03-16,
D50122,Cedar - Pilot,C10699,Cedar Motors Pvt Ltd,107700.0,INR,Closed Won,100,Referral,Rohit Kulkarni,2025-12-18,2026-04-13,
D50123,Granite - Analytics setup,C10303,Granite Realty Group,85600.0,INR,Closed Won,100,Website,Neha Joshi,2025-08-28,2025-11-25,
D50124,Meridian - Expansion,C10874,Meridian Foods Industries,233600.0,INR,Closed Won,100,Referral,Farhan Shaikh,2026-02-25,2026-05-26,
D50125,Peacock - Pilot,C10214,Peacock Labs Solutions,,INR,Closed Won,100,LinkedIn,Sneha Iyer,2025-02-05,2025-05-16,
D50126,Indus - Consulting,C10625,Indus Health Pvt Ltd,249700.0,INR,Closed Won,100,Referral,Arjun Mehta,2026-02-07,2026-05-01,
D50127,Kestrel - Annual plan,C10994,Kestrel Textiles Ltd,,INR,Closed Won,100,LinkedIn,Farhan Shaikh,2025-12-22,2026-02-26,
D50128,Meridian - Annual plan,C93284,Meridian Tech Group,49700.0,INR,Qualification,25,Referral,Neha Joshi,2026-09-18,2026-11-03,
D50129,Pinnacle - Consulting,C10031,Pinnacle Labs Group,,INR,Closed Won,100,Website,Neha Joshi,2025-12-23,2026-01-31,
D50130,Sahyadri - Consulting,C10401,Sahyadri Ventures LLP,,INR,Prospecting,10,Website,Neha Joshi,2026-01-22,2026-02-25,
D50131,Silverline - Renewal,C10614,Silverline Ventures Industries,461400.0,INR,Closed Won,100,Cold Outreach,Neha Joshi,2025-10-15,2026-01-27,
D50132,Monsoon - Renewal,C10043,Monsoon Tech Ltd,,INR,Closed-Won,100,Website,Farhan Shaikh,2025-09-12,2025-11-17,
D50133,Aurora - Analytics setup,C10329,Aurora Motors LLP,166000.0,INR,Closed Won,100,Referral,Farhan Shaikh,2025-02-22,2025-06-17,
D50134,Lumen - Analytics setup,C10333,Lumen Labs Industries,87600.0,INR,Closed Won,100,Paid Ads,Ayesha Khan,2026-04-26,2026-08-05,
D50135,Nova - Expansion,C10594,Nova Ventures Solutions,464700.0,INR,Closed Won,100,Website,Rohit Kulkarni,2025-11-18,2026-01-19,
D50136,Banyan - Consulting,C10953,Banyan Retail Pvt Ltd,109400.0,INR,Qualification,25,Website,Priya Nair,2026-09-19,2026-12-23,
D50137,Banyan - Pilot,C11029,Banyan Foods Pvt Ltd,275900.0,INR,Closed Won,100,Paid Ads,Rohit Kulkarni,2026-03-11,2026-04-21,
D50138,Banyan - Renewal,C10478,Banyan Motors LLP,106000.0,INR,Negotiation,75,LinkedIn,Farhan Shaikh,2026-09-06,2026-11-23,
D50139,Nova - Expansion,C10010,Nova Retail Group,64000.0,INR,Closed Won,100,Referral,Farhan Shaikh,2026-05-05,2026-06-06,
D50140,Peacock - Renewal,C10160,Peacock Hospitality Group,270300.0,INR,Closed Won,100,LinkedIn,Arjun Mehta,2026-01-04,2026-04-27,
D50141,Peacock - Expansion,C11091,Peacock Hospitality Group,111100.0,INR,Negotiation,75,Website,Farhan Shaikh,2026-08-01,2026-10-17,
D50142,Vertex - Consulting,C10700,Vertex Logistics Solutions,383700.0,INR,Negotiation,75,Paid Ads,Vikram Rao,2025-07-02,2025-08-16,
D50143,Banyan - Analytics setup,C10094,Banyan Hospitality Solutions,552400.0,INR,Closed Won,100,Events,Rohit Kulkarni,2026-06-26,2026-09-05,
D50144,Monsoon - Consulting,C10474,Monsoon Labs Solutions,53600.0,INR,Negotiation,75,Referral,Ayesha Khan,2026-08-29,2026-10-05,
D50145,Sahyadri - Pilot,C10616,Sahyadri Tech LLP,40500.0,INR,Qualification,25,Events,Farhan Shaikh,2026-09-22,2026-08-29,
D50146,Peacock - Analytics setup,C10848,Peacock Labs Industries,604200.0,INR,Closed Won,100,Referral,Sneha Iyer,2025-03-22,2025-07-19,
D50147,Granite - Pilot,C10016,Granite Learning Solutions,404400.0,INR,Closed Lost,0,LinkedIn,Rohit Kulkarni,2025-10-09,2025-11-10,Went with competitor
D50148,Indus - Expansion,C10405,Indus Textiles Pvt Ltd,204300.0,INR,Closed Won,100,Cold Outreach,Priya Nair,2025-05-23,2025-09-13,
D50149,Pinnacle - Pilot,C10605,Pinnacle Retail Ltd,178700.0,INR,Closed Won,100,Referral,Ayesha Khan,2026-01-21,2026-04-30,
D50150,Indus - Analytics setup,C10987,Indus Health Solutions,599500.0,INR,Proposal,50,Cold Outreach,Neha Joshi,2026-09-05,2026-09-25,
D50151,Saffron - Annual plan,C11121,Saffron Logistics Industries,,INR,Qualification,25,Referral,Priya Nair,2026-08-12,2026-11-18,
D50152,Meridian - Analytics setup,C10469,Meridian Learning Pvt Ltd,306800.0,INR,Closed Won,100,Website,Farhan Shaikh,2025-10-14,2026-01-24,
D50153,Nova - Annual plan,C10723,Nova Retail Group,114500.0,INR,Prospecting,10,LinkedIn,Rohit Kulkarni,2026-09-29,2027-01-16,
D50154,Lumen - Pilot,C10077,Lumen Pharma Group,946100.0,INR,Closed Won,100,Referral,Vikram Rao,2025-07-24,2025-09-19,
D50155,Peacock - Analytics setup,C11103,Peacock Pharma LLP,503800.0,INR,Closed Won,100,Website,Ayesha Khan,2026-03-17,2026-06-09,
D50156,Coral - Analytics setup,C10087,Coral Motors Pvt Ltd,613100.0,INR,Closed Won,100,LinkedIn,Arjun Mehta,2025-06-23,2025-07-15,
D50157,Silverline - Consulting,C10089,Silverline Finserv LLP,234100.0,INR,Prospecting,10,Cold Outreach,Ayesha Khan,2026-07-29,2026-11-21,
D50158,Indus - Annual plan,C10593,Indus Textiles Group,331900.0,INR,Closed Won,100,Paid Ads,Vikram Rao,2025-06-28,2025-10-15,
D50159,Saffron - Pilot,C10155,Saffron Tech Ltd,81100.0,INR,Closed Won,100,LinkedIn,Priya Nair,2026-05-17,2026-06-14,
D50160,Nova - Renewal,C10873,Nova Retail Group,108900.0,INR,Negotiation,75,Cold Outreach,Farhan Shaikh,2026-06-10,2026-10-07,
D50161,Coral - Consulting,C11045,Coral Retail Pvt Ltd,296800.0,INR,Prospecting,10,Website,Vikram Rao,2026-09-09,2026-11-19,
D50162,Zenith - Annual plan,C10223,Zenith Labs LLP,160500.0,INR,Closed Won,100,Cold Outreach,Sneha Iyer,2025-08-01,2025-08-27,
D50163,Aurora - Pilot,C10069,Aurora Finserv Industries,45700.0,INR,Closed Won,100,LinkedIn,Sneha Iyer,2026-01-15,2026-05-04,
D50164,Apex - Pilot,C11140,Apex Finserv Industries,49500.0,INR,Closed Won,100,Referral,Farhan Shaikh,2026-01-06,2026-02-26,
D50165,Meridian - Pilot,C10883,Meridian Ventures Pvt Ltd,147900.0,INR,Negotiation,75,Website,Sneha Iyer,2026-09-23,2026-07-02,
D50166,Pinnacle - Annual plan,C11172,Pinnacle Analytics Group,136800.0,INR,Prospecting,10,Referral,Arjun Mehta,2026-09-05,2026-07-22,
D50167,Monsoon - Pilot,C10682,Monsoon Motors Solutions,,INR,Closed Won,100,LinkedIn,Sneha Iyer,2026-06-16,2026-09-15,
D50168,Lumen - Pilot,C10333,Lumen Labs Industries,502000.0,INR,Closed Won,100,Paid Ads,Ayesha Khan,2026-04-16,2026-06-15,
D50169,Cedar - Expansion,C10205,Cedar Analytics Ltd,83600.0,INR,Prospecting,10,Referral,Vikram Rao,2026-09-02,2026-10-13,
D50170,Apex - Renewal,C10864,Apex Retail Group,272400.0,INR,Closed Won,100,Referral,Rohit Kulkarni,2026-05-31,2026-08-31,
D50171,Granite - Consulting,C10036,Granite Tech Group,164100.0,INR,Closed Won,100,Events,Vikram Rao,2025-10-03,2026-01-08,
D50172,Apex - Annual plan,C10268,Apex Hospitality Industries,613400.0,INR,Closed Won,100,Referral,Vikram Rao,2025-06-04,2025-07-04,
D50173,Aurora - Consulting,C11097,Aurora Finserv Industries,137200.0,INR,Closed Won,100,Referral,Vikram Rao,2026-03-21,2026-05-31,
D50174,Cedar - Renewal,C10856,Cedar Analytics Ltd,112300.0,INR,Closed Won,100,LinkedIn,Ayesha Khan,2026-03-07,2026-05-19,
D50175,Trident - Pilot,C10910,Trident Ventures Ltd,276800.0,INR,Qualification,25,LinkedIn,Vikram Rao,2025-05-28,2025-07-11,
D50176,Sahyadri - Pilot,C10426,Sahyadri Health Group,99500.0,INR,negotiation,0,Cold Outreach,Vikram Rao,2025-10-25,2026-01-14,Timing
D50177,Orbit - Pilot,C10904,Orbit Analytics Pvt Ltd,285200.0,INR,Closed Won,100,Paid Ads,Vikram Rao,2026-05-27,2026-09-08,
D50178,Cedar - Consulting,C10956,Cedar Motors Pvt Ltd,760700.0,INR,Closed Won,100,Website,Vikram Rao,2026-03-25,2026-06-03,
D50179,Pinnacle - Annual plan,C10321,Pinnacle Foods Group,477800.0,INR,Closed Won,100,Paid Ads,Priya Nair,2026-05-02,2026-08-20,
D50180,Peacock - Pilot,C11103,Peacock Pharma LLP,200400.0,INR,Negotiation,75,Website,Ayesha Khan,2026-02-16,2026-04-14,
D50181,Meridian - Renewal,C10200,Meridian Analytics Industries,1059500.0,INR,Closed Won,100,Referral,Arjun Mehta,2025-03-21,2025-06-13,
D50182,Silverline - Annual plan,C10884,Silverline Tech LLP,258100.0,INR,Closed Lost,0,Website,Sneha Iyer,2024-12-22,2025-03-14,Price
D50183,Indus - Pilot,C10935,Indus Logistics Ltd,,INR,Qualification,25,Cold Outreach,Priya Nair,2025-10-05,2026-01-26,
D50184,Silverline - Pilot,C10005,Silverline Logistics Pvt Ltd,190600.0,INR,Closed Won,100,Cold Outreach,Ayesha Khan,2025-07-14,2025-08-31,
D50185,Apex - Annual plan,C10221,Apex Logistics Solutions,93100.0,INR,Qualification,25,LinkedIn,Priya Nair,2025-07-12,2025-08-24,
D50186,Coral - Consulting,C10686,Coral Ventures Group,215400.0,INR,Closed Won,100,Website,Sneha Iyer,2025-07-26,2025-10-08,
D50187,Lumen - Pilot,C10169,Lumen Retail Group,94200.0,INR,Proposal,50,Events,Ayesha Khan,2025-03-10,2025-04-27,
D50188,Banyan - Annual plan,C10361,Banyan Motors LLP,290000.0,INR,Closed Won,100,Referral,Arjun Mehta,2024-12-26,2025-04-05,
D50189,Banyan - Expansion,C10442,Banyan Foods Pvt Ltd,76600.0,INR,Negotiation,75,Paid Ads,Sneha Iyer,2026-09-09,2026-11-25,
D50190,Harbor - Consulting,C10995,Harbor Ventures Group,315500.0,INR,Closed Won,100,LinkedIn,Priya Nair,2025-04-02,2025-05-15,
D50191,Banyan - Renewal,C10355,Banyan Analytics LLP,136400.0,INR,Prospecting,10,LinkedIn,Neha Joshi,2026-08-06,2026-08-30,
D50192,Coral - Renewal,C11045,Coral Retail Pvt Ltd,38900.0,INR,Negotiation,75,Website,Vikram Rao,2026-09-04,2026-12-23,
D50193,Quantum - Renewal,C10451,Quantum Learning Group,134900.0,INR,Closed Won,100,LinkedIn,Ayesha Khan,2026-06-24,2026-08-11,
D50194,Pinnacle - Analytics setup,C10031,Pinnacle Labs Group,97200.0,INR,Closed Won,100,Website,Neha Joshi,2025-11-02,2026-01-17,
D50195,Aurora - Annual plan,C10762,Aurora Logistics Group,169400.0,INR,Qualification,25,Website,Vikram Rao,2026-09-04,2026-11-29,
D50196,Banyan - Consulting,C10394,Banyan Realty Group,61600.0,INR,Prospecting,10,LinkedIn,Priya Nair,2026-09-06,2026-10-10,
D50197,Quantum - Annual plan,C10060,Quantum Learning Group,,INR,Closed Won,100,Events,Neha Joshi,2025-11-27,2026-03-09,
D50198,Indus - Renewal,C10490,Indus Hospitality LLP,949600.0,INR,Qualification,25,Cold Outreach,Priya Nair,2026-07-19,2026-09-09,
D50199,Pinnacle - Renewal,C10218,Pinnacle Realty Group,147900.0,INR,Negotiation,75,Website,Farhan Shaikh,2026-09-26,2026-11-21,
D50200,Peacock - Renewal,C92072,Peacock Pharma LLP,431500.0,INR,Prospecting,10,LinkedIn,Arjun Mehta,2026-08-15,2026-09-13,
D50201,Aurora - Expansion,C10329,Aurora Motors LLP,178100.0,INR,Prospecting,10,Referral,Farhan Shaikh,2025-04-02,2025-04-29,
D50202,Kestrel - Analytics setup,C10577,Kestrel Logistics Pvt Ltd,124000.0,INR,Negotiation,75,Events,Farhan Shaikh,2026-05-23,2026-07-18,
D50203,Zenith - Analytics setup,C10285,Zenith Retail Solutions,400500.0,INR,Qualification,25,Cold Outreach,Ayesha Khan,2025-11-19,2026-01-20,
D50204,Coral - Renewal,C10536,Coral Finserv Ltd,178800.0,INR,Closed Won,100,Referral,Ayesha Khan,2025-10-07,2026-01-21,
D50205,Indus - Consulting,C10287,Indus Health Solutions,942000.0,INR,Qualification,25,Referral,Farhan Shaikh,2026-08-03,2026-10-23,
D50206,Monsoon - Consulting,C10936,Monsoon Learning Industries,114300.0,INR,Closed Lost,0,Cold Outreach,Farhan Shaikh,2025-07-18,2025-10-22,Went with competitor
D50207,Monsoon - Consulting,C10617,Monsoon Motors Solutions,158500.0,INR,Proposal Sent,100,Website,Neha Joshi,2025-08-16,2025-11-30,
D50208,Peacock - Analytics setup,C11196,Peacock Pharma LLP,713300.0,INR,Negotiation,75,Paid Ads,Neha Joshi,2025-10-02,2025-10-22,
D50209,Nova - Expansion,C10424,Nova Logistics Industries,84100.0,INR,Closed Won,100,Events,Vikram Rao,2024-12-22,2025-01-13,
D50210,Granite - Pilot,C11023,Granite Finserv Group,242900.0,INR,Prospecting,10,Cold Outreach,Arjun Mehta,2026-08-20,2026-10-23,
D50211,Monsoon - Analytics setup,C10532,Monsoon Tech Group,88300.0,INR,Closed Won,100,Website,Priya Nair,2025-05-06,2025-08-12,
D50212,Peacock - Pilot,C10160,Peacock Hospitality Group,137000.0,INR,Closed Won,100,LinkedIn,Arjun Mehta,2025-12-17,2026-03-26,
D50213,Saffron - Expansion,C10227,Saffron Realty Group,186100.0,INR,Closed Won,100,Referral,Sneha Iyer,2026-01-01,2026-02-02,
D50214,Monsoon - Annual plan,C10682,Monsoon Motors Solutions,241800.0,INR,Closed Won,100,LinkedIn,Sneha Iyer,2026-05-28,2026-03-01,
D50215,Aurora - Pilot,C10152,Aurora Logistics Solutions,623200.0,INR,Closed Won,100,Website,Priya Nair,2026-06-27,2026-08-08,
D50216,Vertex - Renewal,C10507,Vertex Learning Ltd,108900.0,INR,Closed Won,100,LinkedIn,Ayesha Khan,2025-02-23,2025-05-15,
D50217,Monsoon - Consulting,C10290,Monsoon Tech Ltd,255000.0,INR,Proposal,50,Website,Farhan Shaikh,2026-09-09,2026-10-07,
D50218,Granite - Renewal,C10931,Granite Learning Solutions,501400.0,INR,Closed Won,100,Referral,Arjun Mehta,2026-02-01,2026-05-17,
D50219,Nova - Expansion,C10649,Nova Logistics Ltd,,INR,Closed Lost,0,Referral,Vikram Rao,2025-07-12,2025-10-12,Price
D50220,Pinnacle - Analytics setup,C10280,Pinnacle Retail Ltd,227900.0,INR,Negotiation,75,Events,Neha Joshi,2026-09-15,2026-12-07,
D50221,Aurora - Renewal,C10762,Aurora Logistics Group,190500.0,INR,Negotiation,75,Website,Vikram Rao,2026-09-06,2026-11-13,
D50222,Pinnacle - Analytics setup,C10112,Pinnacle Foods Group,269000.0,INR,Closed Won,100,Referral,Vikram Rao,2025-05-06,2025-07-31,
D50223,Pinnacle - Renewal,C10433,Pinnacle Motors Pvt Ltd,141700.0,INR,Closed Won,100,LinkedIn,Farhan Shaikh,2025-08-05,2025-08-29,
D50224,Pinnacle - Analytics setup,C11186,Pinnacle Foods Group,92000.0,INR,Closed Won,100,Events,Neha Joshi,2026-02-28,2026-05-08,
D50225,Saffron - Renewal,C10325,Saffron Logistics Industries,193000.0,INR,Proposal,50,LinkedIn,Rohit Kulkarni,2026-04-18,2026-08-14,
D50226,Sahyadri - Pilot,C10866,Sahyadri Motors Industries,83900.0,INR,Closed Lost,0,Events,Rohit Kulkarni,2026-01-15,2026-03-04,Timing
D50227,Sahyadri - Annual plan,C10799,Sahyadri Motors Industries,609400.0,INR,Closed Won,100,Website,Arjun Mehta,2025-04-23,2025-05-13,
D50228,Aurora - Renewal,C10297,Aurora Hospitality Industries,163200.0,INR,Negotiation,75,LinkedIn,Neha Joshi,2026-07-28,2026-10-30,
D50229,Apex - Analytics setup,C10864,Apex Retail Group,318700.0,INR,Closed Won,100,Referral,Rohit Kulkarni,2026-06-27,2026-07-19,
D50230,Pinnacle - Pilot,C11186,Pinnacle Foods Group,160500.0,INR,Proposal,50,Events,Neha Joshi,2026-04-06,2026-05-20,
D50231,Monsoon - Analytics setup,C10979,Monsoon Learning Industries,269800.0,INR,Closed Won,100,LinkedIn,Priya Nair,2025-08-26,2025-10-01,
D50232,Everest - Analytics setup,C10901,Everest Health Group,121300.0,INR,Closed Won,100,Events,Sneha Iyer,2025-01-13,2025-02-05,
D50233,Orbit - Expansion,C10667,Orbit Learning Solutions,196900.0,INR,Closed Won,100,Cold Outreach,Sneha Iyer,2026-03-25,2026-05-14,
D50234,Peacock - Consulting,C10198,Peacock Textiles Pvt Ltd,,INR,Closed Won,100,LinkedIn,Rohit Kulkarni,2026-02-05,2026-04-02,
D50235,Indus - Annual plan,C10230,Indus Textiles Pvt Ltd,829400.0,INR,Closed Won,100,Paid Ads,Arjun Mehta,2026-04-26,2026-08-06,
D50236,Quantum - Annual plan,C10569,Quantum Realty Group,299600.0,INR,Closed Won,100,Referral,Farhan Shaikh,2025-04-11,2025-05-08,
D50237,Lumen - Renewal,C10952,Lumen Ventures Industries,364600.0,INR,Closed Won,100,Paid Ads,Sneha Iyer,2026-06-08,2026-09-20,
D50238,Silverline - Analytics setup,C10785,Silverline Logistics Industries,192200.0,INR,Closed Won,100,Paid Ads,Ayesha Khan,2025-01-25,2025-05-01,
D50239,Quantum - Analytics setup,C11094,Quantum Finserv Solutions,208400.0,INR,Proposal Sent,100,Website,Vikram Rao,2025-09-27,2025-12-20,
D50240,Sahyadri - Expansion,C10282,Sahyadri Pharma Industries,85800.0,INR,Closed Won,100,Referral,Arjun Mehta,2026-01-28,2026-04-07,
D50241,Vertex - Pilot,C10242,Vertex Learning Ltd,812300.0,INR,Closed Won,100,Events,Farhan Shaikh,2026-03-28,2026-05-08,
D50242,Apex - Analytics setup,C10511,Apex Learning Group,91500.0,INR,Closed Won,100,Website,Farhan Shaikh,2025-05-30,2025-07-07,
D50243,Kestrel - Annual plan,C10470,Kestrel Tech LLP,135600.0,INR,Closed Won,100,Referral,Rohit Kulkarni,2026-05-08,2026-07-29,
D50244,Meridian - Analytics setup,C11184,Meridian Foods Industries,133200.0,INR,Closed Won,100,Events,Rohit Kulkarni,2026-01-03,2026-03-29,
D50245,Granite - Analytics setup,C10378,Granite Motors LLP,69800.0,INR,Qualification,25,Website,Sneha Iyer,2026-07-23,2026-11-05,
D50246,Apex - Consulting,C10131,Apex Learning Group,715900.0,INR,Closed Won,100,Paid Ads,Priya Nair,2025-01-19,2025-05-16,
D50247,Cedar - Analytics setup,C10356,Cedar Retail Pvt Ltd,95400.0,INR,negotiation,10,LinkedIn,Priya Nair,2026-09-07,2026-12-03,
D50248,Zenith - Pilot,C10379,Zenith Labs LLP,173600.0,INR,Closed Lost,0,Website,Neha Joshi,2026-04-17,2026-06-04,Price
D50249,Sahyadri - Renewal,C10635,Sahyadri Tech LLP,213900.0,INR,Qualification,25,Cold Outreach,Rohit Kulkarni,2026-09-18,2026-11-05,
D50250,Orbit - Annual plan,C11127,Orbit Textiles Pvt Ltd,175000.0,INR,Closed Lost,0,Paid Ads,Priya Nair,2024-12-18,2025-04-09,Price
D50251,Saffron - Consulting,C10135,Saffron Analytics Ltd,85400.0,INR,Closed Won,100,Website,Arjun Mehta,2025-05-18,2025-07-24,
D50252,Sahyadri - Annual plan,C10312,Sahyadri Finserv Solutions,211100.0,INR,Closed Won,100,Website,Rohit Kulkarni,2025-07-20,2025-08-24,
D50253,Monsoon - Analytics setup,C10380,Monsoon Tech Ltd,164600.0,INR,Closed Won,100,Paid Ads,Neha Joshi,2026-05-02,2026-07-31,
D50254,Monsoon - Expansion,C10071,Monsoon Motors Solutions,624800.0,INR,Closed Won,100,LinkedIn,Ayesha Khan,2026-04-16,2026-05-12,
D50255,Apex - Expansion,C10219,Apex Logistics Solutions,835200.0,INR,Closed Won,100,Referral,Ayesha Khan,2025-11-01,2026-01-14,
D50256,Nova - Renewal,C10002,Nova Ventures Solutions,,INR,Closed Won,100,Events,Ayesha Khan,2025-11-22,2026-01-24,
D50257,Pinnacle - Renewal,C10321,Pinnacle Foods Group,-82000.0,INR,Proposal,50,Paid Ads,Priya Nair,2026-05-04,2026-08-01,
D50258,Kestrel - Renewal,C90802,Kestrel Pharma LLP,247200.0,INR,Closed Won,100,LinkedIn,Priya Nair,2026-03-08,2026-06-20,
D50259,Aurora - Consulting,C11008,Aurora Retail LLP,202200.0,INR,Prospecting,10,LinkedIn,Neha Joshi,2026-09-15,2026-12-24,
D50260,Saffron - Analytics setup,C10155,Saffron Tech Ltd,537300.0,INR,Prospecting,10,LinkedIn,Priya Nair,2026-07-20,2026-09-19,
D50261,Banyan - Consulting,C11050,Banyan Analytics LLP,440600.0,INR,Closed Won,100,Website,Priya Nair,2025-06-16,2025-07-16,
D50262,Banyan - Consulting,C10191,Banyan Analytics Solutions,264800.0,INR,Closed Won,100,LinkedIn,Rohit Kulkarni,2024-12-07,2025-03-05,
D50263,Monsoon - Consulting,C10532,Monsoon Tech Group,265100.0,INR,Closed Won,100,Website,Priya Nair,2025-05-23,2025-06-20,
D50264,Orbit - Expansion,C10481,Orbit Retail Industries,72700.0,INR,negotiation,100,LinkedIn,Neha Joshi,2025-07-23,2025-11-01,
D50265,Apex - Pilot,C11043,Apex Hospitality Group,332800.0,INR,Closed Lost,0,LinkedIn,Ayesha Khan,2025-09-21,2025-11-07,Timing
D50266,Apex - Renewal,C10359,Apex Retail Ltd,165700.0,INR,Closed Won,100,Website,Sneha Iyer,2026-04-17,2026-05-10,
D50267,Meridian - Renewal,C10771,Meridian Motors Solutions,17000.0,INR,Closed Won,100,Website,Rohit Kulkarni,2026-01-15,2026-02-18,
D50268,Trident - Expansion,C10161,Trident Analytics Group,284000.0,INR,Closed Lost,0,LinkedIn,Rohit Kulkarni,2025-12-28,2026-01-24,Went with competitor
D50269,Trident - Pilot,C10910,Trident Ventures Ltd,255000.0,INR,Closed Won,100,LinkedIn,Vikram Rao,2025-06-13,2025-09-14,
D50270,Indus - Expansion,C10531,Indus Finserv Group,265700.0,INR,Closed Won,100,Website,Ayesha Khan,2026-03-15,2026-06-28,
D50271,Quantum - Renewal,C10552,Quantum Finserv Solutions,135700.0,INR,Negotiation,75,Website,Priya Nair,2025-10-09,2025-11-22,
D50272,Meridian - Expansion,C11019,Meridian Analytics Industries,377400.0,INR,Qualification,25,Website,Rohit Kulkarni,2026-09-19,2026-11-19,
D50273,Harbor - Pilot,C10556,Harbor Ventures LLP,157000.0,INR,Qualification,25,Referral,Neha Joshi,2025-03-19,2025-07-05,
D50274,Indus - Annual plan,C11170,Indus Textiles Group,660800.0,INR,Qualification,25,Events,Priya Nair,2025-04-02,2025-07-07,
D50275,Coral - Pilot,C10443,Coral Textiles Pvt Ltd,172100.0,INR,Closed Won,100,Events,Arjun Mehta,2026-02-03,2026-05-18,
D50276,Harbor - Renewal,C10109,Harbor Pharma LLP,240900.0,INR,Proposal,50,LinkedIn,Ayesha Khan,2026-01-27,2026-03-31,
D50277,Pinnacle - Expansion,C10407,Pinnacle Analytics Solutions,265900.0,INR,Closed Won,100,LinkedIn,Ayesha Khan,2026-04-23,2026-06-28,
D50278,Blue - Analytics setup,C10715,Blue Lotus Analytics Ltd,149100.0,INR,Closed Won,100,Referral,Arjun Mehta,2025-10-24,2025-12-26,
D50279,Silverline - Expansion,C10233,Silverline Logistics Pvt Ltd,902000.0,INR,Won,100,Cold Outreach,Ayesha Khan,2025-12-13,2026-02-13,
D50280,Sahyadri - Analytics setup,C10588,Sahyadri Pharma Industries,190400.0,INR,Qualification,25,LinkedIn,Neha Joshi,2026-07-16,2026-09-15,
D50281,Banyan - Pilot,C10630,Banyan Analytics LLP,231400.0,INR,Closed Won,100,Website,Neha Joshi,2025-08-28,2025-12-22,
D50282,Silverline - Renewal,C10089,Silverline Finserv LLP,79800.0,INR,Closed Won,100,Cold Outreach,Ayesha Khan,2026-07-02,2026-10-01,
D50283,Aurora - Expansion,C10305,Aurora Foods Solutions,977500.0,INR,Closed Lost,0,LinkedIn,Rohit Kulkarni,2026-03-07,2026-06-12,No budget
D50284,Sahyadri - Pilot,C10372,Sahyadri Motors Industries,,INR,Closed Won,100,Website,Vikram Rao,2025-10-23,2025-11-24,
D50285,Granite - Annual plan,C10284,Granite Health Industries,89100.0,INR,Prospecting,10,Referral,Arjun Mehta,2026-07-27,2026-09-23,
D50286,Aurora - Renewal,C10797,Aurora Finserv Group,,INR,Qualification,25,Referral,Sneha Iyer,2026-09-25,2026-10-19,
D50287,Silverline - Annual plan,C10745,Silverline Finserv LLP,866000.0,INR,Closed Won,100,Events,Rohit Kulkarni,2026-04-30,2026-06-09,
D50288,Banyan - Consulting,C10940,Banyan Retail Pvt Ltd,,INR,Prospecting,10,Paid Ads,Priya Nair,2026-04-19,2026-06-06,
D50289,Harbor - Consulting,C10054,Harbor Pharma LLP,48600.0,INR,Closed Won,100,LinkedIn,Farhan Shaikh,2026-03-11,2026-05-14,
D50290,Monsoon - Consulting,C11037,Monsoon Tech Group,77500.0,INR,Qualification,25,Referral,Neha Joshi,2026-07-24,2026-08-24,
D50291,Indus - Pilot,C10613,Indus Analytics Group,16100.0,INR,Negotiation,75,Referral,Priya Nair,2025-12-18,2026-02-12,
D50292,Zenith - Consulting,C11106,Zenith Tech Solutions,122500.0,INR,Closed Won,100,LinkedIn,Ayesha Khan,2026-05-15,2026-07-28,
D50293,Pinnacle - Expansion,C11186,Pinnacle Foods Group,402200.0,INR,Closed Won,100,Events,Neha Joshi,2026-01-25,2026-02-20,
D50294,Aurora - Consulting,C10582,Aurora Retail Solutions,101900.0,INR,Proposal,50,Cold Outreach,Rohit Kulkarni,2026-08-13,2026-10-22,
D50295,Sahyadri - Analytics setup,C10589,Sahyadri Realty Solutions,227800.0,INR,Proposal,50,Website,Vikram Rao,2026-08-24,2026-10-26,
D50296,Zenith - Pilot,C10768,Zenith Hospitality LLP,439600.0,INR,Proposal,50,Website,Neha Joshi,2026-09-04,2026-11-19,
D50297,Apex - Pilot,C10840,Apex Hospitality Industries,223300.0,INR,closed won,100,LinkedIn,Arjun Mehta,2026-02-18,2026-05-13,
D50298,Nova - Consulting,C10006,Nova Tech LLP,210300.0,INR,Closed Won,100,Paid Ads,Vikram Rao,2025-11-13,2026-01-16,
D50299,Banyan - Annual plan,C10094,Banyan Hospitality Solutions,,INR,Proposal,50,Events,Rohit Kulkarni,2026-08-16,2026-10-18,
D50300,Granite - Annual plan,C10327,Granite Realty Group,114000.0,INR,Negotiation,75,LinkedIn,Rohit Kulkarni,2026-09-11,2026-12-05,
D50301,Aurora - Renewal,C11097,Aurora Finserv Industries,,INR,Proposal,50,Referral,Vikram Rao,2026-04-08,2026-06-06,
D50302,Peacock - Annual plan,C11036,Peacock Realty Solutions,,INR,Closed Won,100,Website,Priya Nair,2025-09-28,2025-12-28,
D50303,Vertex - Expansion,C10167,Vertex Retail Industries,139100.0,INR,Prospecting,10,Events,Vikram Rao,2026-07-08,2026-09-11,
D50304,Saffron - Expansion,C10026,Saffron Logistics Industries,247800.0,INR,Prospecting,10,Cold Outreach,Farhan Shaikh,2025-10-27,2026-02-17,
D50305,Sahyadri - Renewal,C10372,Sahyadri Motors Industries,376700.0,INR,Closed Won,100,Website,Vikram Rao,2025-12-27,2026-04-25,
D50306,Aurora - Pilot,C10557,Aurora Textiles Pvt Ltd,,INR,Closed Won,100,LinkedIn,Arjun Mehta,2025-11-17,2026-01-31,
D50307,Quantum - Expansion,C10514,Quantum Learning Pvt Ltd,120900.0,INR,Closed Won,100,Referral,Rohit Kulkarni,2025-07-16,2025-09-17,
D50308,Saffron - Analytics setup,C10538,Saffron Tech Ltd,71200.0,INR,Closed Won,100,Cold Outreach,Priya Nair,2025-06-06,2025-09-30,
D50309,Orbit - Expansion,C10481,Orbit Retail Industries,123700.0,INR,closed won,100,LinkedIn,Neha Joshi,2025-08-03,2025-10-07,
D50310,Indus - Renewal,C10671,Indus Finserv Group,245800.0,INR,Closed Won,100,Cold Outreach,Neha Joshi,2025-11-30,2026-01-09,
D50311,Peacock - Consulting,C10590,Peacock Analytics LLP,265300.0,INR,Closed Won,100,LinkedIn,Ayesha Khan,2025-10-11,2026-01-04,
D50312,Aurora - Pilot,C10024,Aurora Retail Solutions,471300.0,INR,Closed Won,100,LinkedIn,Sneha Iyer,2025-06-30,2025-09-30,
D50313,Sahyadri - Analytics setup,C10628,Sahyadri Tech Pvt Ltd,134300.0,INR,Closed Won,100,Referral,Rohit Kulkarni,2025-06-17,2025-08-11,
D50314,Saffron - Renewal,C10325,Saffron Logistics Industries,355100.0,INR,Closed Won,100,LinkedIn,Rohit Kulkarni,2026-04-19,2026-06-15,
D50315,Apex - Pilot,C10485,Apex Tech LLP,150400.0,INR,Closed Won,100,LinkedIn,Rohit Kulkarni,2026-03-19,2026-06-30,
D50316,Kestrel - Annual plan,C10488,Kestrel Tech LLP,279600.0,INR,Closed Won,100,Referral,Sneha Iyer,2025-11-28,2026-03-06,
D50317,Aurora - Consulting,C10689,Aurora Labs Pvt Ltd,98100.0,INR,Prospecting,10,Cold Outreach,Vikram Rao,2025-08-24,2025-09-17,
D50318,Peacock - Pilot,C10881,Peacock Pharma Solutions,149300.0,INR,Qualification,25,Website,Farhan Shaikh,2026-09-25,2026-11-17,
D50319,Harbor - Analytics setup,C10093,Harbor Labs Ltd,22100.0,INR,Closed Won,100,Referral,Vikram Rao,2025-12-02,2025-12-23,
D50320,Banyan - Annual plan,C93599,Banyan Analytics Solutions,149400.0,INR,Closed-Won,75,LinkedIn,Rohit Kulkarni,2024-11-04,2025-02-19,
D50321,Peacock - Analytics setup,C10326,Peacock Analytics Group,153700.0,INR,Negotiation,75,Referral,Farhan Shaikh,2026-09-18,2026-10-08,
D50322,Coral - Analytics setup,C10168,Coral Motors Group,153100.0,INR,Closed Won,100,Referral,Farhan Shaikh,2025-07-09,2025-09-09,
D50323,Monsoon - Renewal,C10936,Monsoon Learning Industries,1194800.0,INR,Closed Won,100,Cold Outreach,Farhan Shaikh,2025-07-01,2025-08-27,
D50324,Sahyadri - Expansion,C10968,Sahyadri Motors Industries,198200.0,INR,Closed Won,100,LinkedIn,Vikram Rao,2025-03-13,2025-06-27,
D50325,Kestrel - Pilot,C11139,Kestrel Pharma Pvt Ltd,381000.0,INR,Negotiation,75,Website,Priya Nair,2026-08-02,2026-10-29,
D50326,Sahyadri - Pilot,C10033,Sahyadri Finserv Solutions,181800.0,INR,Closed Won,100,LinkedIn,Sneha Iyer,2025-02-23,2025-06-03,
D50327,Orbit - Renewal,C11054,Orbit Motors LLP,171000.0,INR,Closed Won,100,Website,Farhan Shaikh,2026-04-25,2026-08-16,
D50328,Cedar - Consulting,C10773,Cedar Learning Ltd,85800.0,INR,Proposal,50,Cold Outreach,Sneha Iyer,2026-09-04,2026-10-05,
D50329,Zenith - Pilot,C10285,Zenith Retail Solutions,242900.0,INR,Closed Won,100,Cold Outreach,Ayesha Khan,2025-10-10,2025-09-17,
D50330,Trident - Analytics setup,C10509,Trident Ventures Ltd,829000.0,INR,Negotiation,75,Referral,Arjun Mehta,2026-09-23,2026-11-06,
D50331,Nova - Annual plan,C10603,Nova Logistics LLP,393800.0,INR,Closed Won,100,Paid Ads,Farhan Shaikh,2026-02-01,2026-05-11,
D50332,Orbit - Pilot,C10794,Orbit Ventures LLP,229400.0,INR,Closed Won,100,Referral,Priya Nair,2024-12-07,2025-03-25,
D50333,Orbit - Renewal,C10184,Orbit Realty Group,718600.0,INR,Closed Won,100,LinkedIn,Vikram Rao,2025-01-11,2025-04-17,
D50334,Harbor - Consulting,C10402,Harbor Health Pvt Ltd,90100.0,INR,Closed Won,100,Cold Outreach,Arjun Mehta,2025-09-01,2025-10-03,
D50335,Monsoon - Pilot,C10134,Monsoon Finserv Pvt Ltd,715500.0,INR,Negotiation,75,Cold Outreach,Arjun Mehta,2026-07-03,2026-10-15,
D50336,Sahyadri - Analytics setup,C11199,Sahyadri Tech LLP,151400.0,INR,Negotiation,75,Referral,Neha Joshi,2026-09-21,2026-11-02,
D50337,Nova - Pilot,C10520,Nova Tech LLP,352200.0,INR,Proposal,50,LinkedIn,Arjun Mehta,2025-08-12,2025-09-27,
D50338,Lumen - Analytics setup,C10561,Lumen Retail Group,187700.0,INR,Closed-Won,100,Referral,Neha Joshi,2026-01-25,2026-03-08,
D50339,Kestrel - Renewal,C98486,Kestrel Pharma Solutions,530600.0,INR,Closed Won,100,Paid Ads,Priya Nair,2025-08-08,2025-11-15,
D50340,Coral - Expansion,C10339,Coral Motors Group,209900.0,INR,Negotiation,75,Website,Sneha Iyer,2026-09-17,2026-10-24,
D50341,Pinnacle - Annual plan,C10841,Pinnacle Retail Ltd,200700.0,INR,Proposal,50,Website,Ayesha Khan,2025-08-26,2025-11-11,
D50342,Aurora - Annual plan,C10152,Aurora Logistics Solutions,,INR,Closed Won,100,Website,Priya Nair,2026-04-12,2026-07-09,
D50343,Aurora - Analytics setup,C10152,Aurora Logistics Solutions,184100.0,INR,Closed Won,100,Website,Priya Nair,2026-04-09,2026-06-14,
D50344,Apex - Renewal,C11130,Apex Textiles Ltd,263100.0,INR,Proposal,50,LinkedIn,Sneha Iyer,2026-09-21,2026-11-17,
D50345,Cedar - Pilot,C10780,Cedar Hospitality Solutions,139000.0,INR,Closed Won,100,LinkedIn,Arjun Mehta,2025-08-18,2025-09-17,
D50346,Lumen - Pilot,C10463,Lumen Logistics Ltd,275700.0,INR,Proposal,50,Referral,Arjun Mehta,2026-07-24,2026-10-24,
D50347,Indus - Analytics setup,C11048,Indus Hospitality Solutions,433300.0,INR,Closed Won,100,Website,Neha Joshi,2025-03-04,2025-04-12,
D50348,Vertex - Expansion,C10259,Vertex Retail Industries,966600.0,INR,Closed Won,100,Cold Outreach,Priya Nair,2026-03-02,2026-04-23,
D50349,Meridian - Expansion,C10335,Meridian Learning Pvt Ltd,188600.0,INR,Closed Won,100,LinkedIn,Neha Joshi,2025-01-25,2025-05-11,
D50350,Sahyadri - Analytics setup,C93352,Sahyadri Finserv Solutions,196000.0,INR,Closed Won,100,Cold Outreach,Vikram Rao,2025-12-21,2026-02-27,
D50351,Everest - Consulting,C10190,Everest Logistics LLP,30200.0,INR,Closed Won,100,LinkedIn,Arjun Mehta,2025-01-17,2025-05-04,
D50352,Saffron - Expansion,C10739,Saffron Retail Solutions,316300.0,INR,Closed Won,100,Events,Neha Joshi,2025-06-17,2025-08-15,
D50353,Monsoon - Expansion,C10071,Monsoon Motors Solutions,116100.0,INR,Closed Won,100,LinkedIn,Ayesha Khan,2026-05-12,2026-08-02,
D50354,Trident - Expansion,C10615,Trident Foods LLP,364600.0,INR,Closed Won,100,Referral,Ayesha Khan,2026-01-24,2026-02-17,
D50355,Sahyadri - Analytics setup,C10944,Sahyadri Tech LLP,163300.0,INR,Closed Won,100,Events,Sneha Iyer,2025-03-20,2025-06-13,
D50356,Meridian - Annual plan,C10271,Meridian Health Group,69400.0,INR,Closed Won,100,Referral,Arjun Mehta,2025-01-26,2025-04-17,
D50357,Trident - Pilot,C11173,Trident Ventures Ltd,103900.0,INR,Closed Won,100,LinkedIn,Vikram Rao,2025-02-21,2025-06-14,
D50358,Silverline - Renewal,C11026,Silverline Foods Group,39700.0,INR,Closed Won,100,Referral,Vikram Rao,2025-03-15,2025-04-12,
D50359,Saffron - Consulting,C10849,Saffron Tech Ltd,274500.0,INR,Closed Won,100,Referral,Vikram Rao,2025-11-26,2026-02-24,
D50360,Indus - Pilot,C10565,Indus Ventures Pvt Ltd,-58200.0,INR,Closed Won,100,Website,Neha Joshi,2025-04-16,2025-05-27,
D50361,Kestrel - Consulting,C10012,Kestrel Finserv Solutions,398100.0,INR,Closed Won,100,Referral,Priya Nair,2025-11-06,2025-11-27,
D50362,Saffron - Annual plan,C10044,Saffron Analytics Group,110200.0,INR,Closed Won,100,LinkedIn,Sneha Iyer,2025-07-29,2025-10-14,
D50363,Silverline - Annual plan,C10089,Silverline Finserv LLP,169200.0,INR,Negotiation,75,Cold Outreach,Ayesha Khan,2026-07-04,2026-09-30,
D50364,Aurora - Expansion,C10676,Aurora Finserv Group,164800.0,INR,Proposal,50,Referral,Neha Joshi,2026-03-31,2026-04-25,
D50365,Nova - Expansion,C10249,Nova Labs Ltd,118800.0,INR,Prospecting,10,Referral,Priya Nair,2025-09-21,2025-11-10,
D50366,Everest - Renewal,C11092,Everest Logistics LLP,55400.0,INR,Closed Won,100,LinkedIn,Farhan Shaikh,2025-08-16,2025-11-09,
D50367,Nova - Analytics setup,C10194,Nova Analytics LLP,99100.0,INR,Qualification,25,LinkedIn,Arjun Mehta,2026-09-23,2026-11-12,
D50368,Sahyadri - Annual plan,C10740,Sahyadri Finserv Solutions,152300.0,INR,Prospecting,10,LinkedIn,Arjun Mehta,2025-04-11,2025-05-19,
D50369,Vertex - Annual plan,C10127,Vertex Finserv Group,76900.0,INR,Closed Won,100,Events,Sneha Iyer,2026-01-22,2026-02-11,
D50370,Lumen - Renewal,C10833,Lumen Tech Industries,76200.0,INR,Closed Won,100,Paid Ads,Vikram Rao,2025-10-22,2025-12-16,
D50371,Lumen - Annual plan,C10267,Lumen Motors Pvt Ltd,420700.0,INR,Prospecting,10,Website,Sneha Iyer,2026-09-26,2027-01-23,
D50372,Nova - Renewal,C10719,Nova Labs Ltd,82500.0,INR,Closed Won,100,Paid Ads,Vikram Rao,2025-05-16,2025-07-27,
D50373,Cedar - Expansion,C10922,Cedar Pharma LLP,120300.0,INR,Closed Won,100,Events,Sneha Iyer,2025-07-22,2025-11-12,
D50374,Quantum - Annual plan,C10515,Quantum Tech Pvt Ltd,150400.0,INR,Closed Won,100,Paid Ads,Vikram Rao,2025-10-16,2026-01-12,
D50375,Banyan - Consulting,C10829,Banyan Labs Pvt Ltd,173300.0,INR,Closed Won,100,LinkedIn,Ayesha Khan,2025-12-23,2026-02-01,
D50376,Sahyadri - Annual plan,C10616,Sahyadri Tech LLP,61500.0,INR,Qualification,25,Events,Farhan Shaikh,2026-09-04,2026-12-29,
D50377,Granite - Expansion,C10235,Granite Tech Group,100300.0,INR,Closed Won,100,Events,Rohit Kulkarni,2025-08-07,2025-11-20,
D50378,Nova - Pilot,C10566,Nova Logistics LLP,542600.0,INR,Proposal,50,Website,Vikram Rao,2026-09-06,2026-12-30,
D50379,Peacock - Renewal,C11103,Peacock Pharma LLP,37600.0,INR,Closed Won,100,Website,Ayesha Khan,2026-01-28,2026-04-11,
D50380,Aurora - Expansion,C10737,Aurora Logistics Solutions,230100.0,INR,Closed Won,100,LinkedIn,Farhan Shaikh,2025-07-10,2025-08-31,
D50381,Aurora - Expansion,C10512,Aurora Labs Solutions,372500.0,INR,Closed Won,100,Events,Farhan Shaikh,2026-05-17,2026-08-18,
D50382,Zenith - Consulting,C10035,Zenith Analytics LLP,184300.0,INR,Prospecting,10,Cold Outreach,Vikram Rao,2026-07-04,2026-10-17,
D50383,Peacock - Consulting,C10062,Peacock Ventures Industries,264500.0,INR,Closed Won,100,Referral,Sneha Iyer,2025-12-29,2026-02-17,
D50384,Indus - Pilot,C10236,Indus Textiles Group,215700.0,INR,Proposal,50,Paid Ads,Rohit Kulkarni,2026-09-26,2026-12-31,
D50385,Silverline - Consulting,C11052,Silverline Logistics Industries,248900.0,INR,Closed Won,100,Cold Outreach,Sneha Iyer,2026-06-19,2026-07-21,
D50386,Meridian - Annual plan,C10186,Meridian Tech Group,385500.0,INR,negotiation,10,Paid Ads,Sneha Iyer,2026-07-16,2026-09-29,
D50387,Silverline - Annual plan,C10291,Silverline Tech LLP,64100.0,INR,Closed Won,100,Referral,Priya Nair,2026-03-27,2026-06-14,
D50388,Kestrel - Pilot,C10997,Kestrel Finserv Solutions,257400.0,INR,Prospecting,10,Events,Neha Joshi,2026-08-25,2026-11-16,
D50389,Apex - Analytics setup,C10268,Apex Hospitality Industries,343500.0,INR,Qualification,25,Referral,Vikram Rao,2025-08-22,2025-10-29,
D50390,Kestrel - Pilot,C10151,Kestrel Pharma Solutions,305300.0,INR,Proposal,50,Cold Outreach,Priya Nair,2026-05-21,2026-08-03,
D50391,Sahyadri - Expansion,C10635,Sahyadri Tech LLP,244100.0,INR,Proposal,50,Cold Outreach,Rohit Kulkarni,2026-09-08,2027-01-03,
D50392,Indus - Annual plan,C10074,Indus Finserv Group,92700.0,INR,Closed Won,100,Website,Ayesha Khan,2026-01-23,2026-04-25,
D50393,Banyan - Expansion,C10355,Banyan Analytics LLP,160900.0,INR,Closed Won,100,LinkedIn,Neha Joshi,2026-07-02,2026-08-12,
D50394,Lumen - Analytics setup,C10596,Lumen Finserv Pvt Ltd,901200.0,INR,Closed Won,100,Website,Ayesha Khan,2026-02-20,2026-03-16,
D50395,Zenith - Expansion,C10328,Zenith Labs LLP,194800.0,INR,Closed Won,100,Referral,Priya Nair,2026-01-10,2026-03-08,
D50396,Indus - Pilot,C10405,Indus Textiles Pvt Ltd,102300.0,INR,Closed Won,100,Cold Outreach,Priya Nair,2025-03-27,2025-07-19,
D50397,Kestrel - Pilot,C11181,Kestrel Foods Group,488200.0,INR,closed won,75,LinkedIn,Arjun Mehta,2026-09-02,2026-10-31,
D50398,Orbit - Consulting,C10184,Orbit Realty Group,36300.0,INR,Closed Won,100,LinkedIn,Vikram Rao,2025-01-26,2025-05-17,
D50399,Orbit - Pilot,C10217,Orbit Textiles Pvt Ltd,116900.0,INR,Closed Won,100,Cold Outreach,Ayesha Khan,2025-08-23,2025-10-25,
D50400,Meridian - Renewal,C10068,Meridian Learning Pvt Ltd,134500.0,INR,Closed Won,100,Cold Outreach,Sneha Iyer,2025-07-16,2025-08-13,
D50401,Pinnacle - Analytics setup,C10946,Pinnacle Motors Pvt Ltd,143300.0,INR,Closed Won,100,Cold Outreach,Ayesha Khan,2025-01-16,2025-04-20,
D50402,Kestrel - Analytics setup,C10343,Kestrel Tech LLP,172400.0,INR,Negotiation,75,LinkedIn,Neha Joshi,2026-09-07,2026-11-07,
D50403,Indus - Analytics setup,C10405,Indus Textiles Pvt Ltd,22200.0,INR,Closed Won,100,Cold Outreach,Priya Nair,2025-04-15,2025-06-10,
D50404,Orbit - Consulting,C10647,Orbit Textiles Pvt Ltd,223800.0,INR,Prospecting,10,Events,Farhan Shaikh,2026-09-02,2026-11-29,
D50405,Kestrel - Expansion,C10994,Kestrel Textiles Ltd,112400.0,INR,Closed Won,100,LinkedIn,Farhan Shaikh,2026-01-14,2026-04-30,
D50406,Sahyadri - Annual plan,C10347,Sahyadri Pharma Industries,50600.0,INR,Negotiation,75,Website,Sneha Iyer,2025-01-26,2025-02-17,
D50407,Monsoon - Renewal,C10991,Monsoon Retail Solutions,278100.0,INR,Closed Lost,0,Referral,Arjun Mehta,2025-05-23,2025-07-27,Went with competitor
D50408,Harbor - Renewal,C10338,Harbor Retail Ltd,133800.0,INR,Closed Won,100,Cold Outreach,Ayesha Khan,2025-11-26,2026-02-04,
D50409,Blue - Renewal,C10213,Blue Lotus Textiles Industries,188600.0,INR,Closed Won,100,Cold Outreach,Sneha Iyer,2025-04-01,2025-06-21,
D50410,Cedar - Expansion,C11124,Cedar Pharma LLP,280100.0,INR,Qualification,25,LinkedIn,Ayesha Khan,2026-09-24,2026-10-25,
D50411,Saffron - Annual plan,C10698,Saffron Tech Industries,371200.0,INR,Closed Won,100,Website,Farhan Shaikh,2025-06-27,2025-10-01,
D50412,Peacock - Consulting,C10587,Peacock Realty Solutions,161700.0,INR,Closed Won,100,Referral,Rohit Kulkarni,2025-11-15,2026-02-05,
D50413,Cedar - Consulting,C10508,Cedar Learning Ltd,280100.0,INR,Prospecting,10,Referral,Farhan Shaikh,2026-07-29,2026-10-12,
D50414,Indus - Analytics setup,C10058,Indus Finserv Group,53000.0,INR,Qualification,25,Website,Neha Joshi,2026-07-17,2026-09-18,
D50415,Aurora - Renewal,C96928,Aurora Finserv Industries,253100.0,INR,Negotiation,75,Referral,Vikram Rao,2026-02-08,2026-06-05,
D50416,Pinnacle - Renewal,C10218,Pinnacle Realty Group,,INR,Qualification,25,Website,Farhan Shaikh,2026-09-24,2026-11-18,
D50417,Indus - Analytics setup,C10581,Indus Ventures Pvt Ltd,263400.0,INR,Closed Won,100,Paid Ads,Neha Joshi,2026-01-18,2026-03-02,
D50418,Coral - Renewal,C10270,Coral Retail Pvt Ltd,132100.0,INR,Closed Won,100,LinkedIn,Rohit Kulkarni,2025-11-29,2026-02-28,
D50419,Lumen - Pilot,C10654,Lumen Analytics Solutions,106800.0,INR,Closed Won,100,LinkedIn,Ayesha Khan,2025-10-04,2026-01-06,
D50420,Apex - Renewal,C10387,Apex Hospitality Industries,86300.0,INR,Closed Won,100,Paid Ads,Ayesha Khan,2025-07-06,2025-08-02,
D50421,Coral - Consulting,C10564,Coral Textiles Pvt Ltd,180500.0,INR,Closed Won,100,Referral,Ayesha Khan,2025-10-07,2026-01-11,
D50422,Sahyadri - Annual plan,C10767,Sahyadri Tech Pvt Ltd,44000.0,INR,Closed Won,100,Referral,Neha Joshi,2025-11-14,2026-03-12,
D50423,Apex - Expansion,C10262,Apex Hospitality Industries,541200.0,INR,Closed Won,100,Referral,Rohit Kulkarni,2025-12-27,2026-02-20,
D50424,Monsoon - Analytics setup,C10380,Monsoon Tech Ltd,61300.0,INR,Closed Won,100,Paid Ads,Neha Joshi,2026-03-10,2026-04-29,
D50425,Banyan - Renewal,C10355,Banyan Analytics LLP,53000.0,INR,Closed-Won,50,LinkedIn,Neha Joshi,2026-08-06,2026-10-13,
D50426,Harbor - Expansion,C10156,Harbor Health Pvt Ltd,102800.0,INR,Closed Won,100,Cold Outreach,Sneha Iyer,2026-02-14,2026-05-06,
D50427,Indus - Pilot,C10875,Indus Textiles Pvt Ltd,36300.0,INR,Prospecting,10,LinkedIn,Farhan Shaikh,2025-07-04,2025-08-22,
D50428,Saffron - Pilot,C10155,Saffron Tech Ltd,88700.0,INR,Prospecting,10,LinkedIn,Priya Nair,2026-07-30,2026-10-22,
D50429,Meridian - Pilot,C10731,Meridian Ventures Industries,449400.0,INR,Negotiation,75,Cold Outreach,Rohit Kulkarni,2026-08-08,2026-11-30,
D50430,Quantum - Renewal,C10216,Quantum Learning Pvt Ltd,477400.0,INR,Closed Won,100,LinkedIn,Arjun Mehta,2025-01-08,2025-02-21,
D50431,Nova - Analytics setup,C10006,Nova Tech LLP,196000.0,INR,Closed Won,100,Paid Ads,Vikram Rao,2025-12-04,2026-03-31,
D50432,Kestrel - Consulting,C10766,Kestrel Finserv Solutions,210700.0,INR,Proposal,50,Paid Ads,Sneha Iyer,2025-08-02,2025-10-19,
D50433,Everest - Annual plan,C10787,Everest Health Group,377500.0,INR,Closed Won,100,Cold Outreach,Sneha Iyer,2025-04-26,2025-05-28,
D50434,Sahyadri - Analytics setup,C10033,Sahyadri Finserv Solutions,157000.0,INR,Closed Won,100,LinkedIn,Sneha Iyer,2025-03-23,2025-05-27,
D50435,Kestrel - Annual plan,C10664,Kestrel Textiles Industries,405400.0,INR,Proposal Sent,100,Referral,Rohit Kulkarni,2025-09-27,2025-11-06,
D50436,Saffron - Annual plan,C10153,Saffron Tech Industries,135600.0,INR,Closed Won,100,Cold Outreach,Neha Joshi,2025-04-24,2025-05-25,
D50437,Orbit - Renewal,C11164,Orbit Retail Industries,159200.0,INR,Negotiation,75,Website,Vikram Rao,2026-08-19,2026-10-04,
D50438,Aurora - Consulting,C10900,Aurora Foods Group,277200.0,INR,Closed Won,100,Website,Sneha Iyer,2025-07-12,2025-11-08,
D50439,Peacock - Analytics setup,C10214,Peacock Labs Solutions,114900.0,INR,Prospecting,10,LinkedIn,Sneha Iyer,2025-02-27,2025-04-17,
D50440,Kestrel - Expansion,C10212,Kestrel Textiles Industries,215300.0,INR,Closed Won,100,Events,Vikram Rao,2025-04-12,2025-08-08,
D50441,Pinnacle - Expansion,C11111,Pinnacle Labs Pvt Ltd,564600.0,INR,Negotiation,75,Referral,Neha Joshi,2026-05-30,2026-09-01,
D50442,Zenith - Annual plan,C92482,Zenith Motors Pvt Ltd,63000.0,INR,Proposal,50,Cold Outreach,Vikram Rao,2025-06-29,2025-08-02,
D50443,Silverline - Expansion,C11093,Silverline Finserv LLP,291800.0,INR,Qualification,25,Referral,Sneha Iyer,2026-07-30,2026-10-15,
D50444,Lumen - Pilot,C10445,Lumen Ventures Industries,298800.0,INR,Closed Won,100,Cold Outreach,Rohit Kulkarni,2025-05-01,2025-06-23,
D50445,Apex - Annual plan,C10154,Apex Tech LLP,93200.0,INR,Negotiation,75,LinkedIn,Priya Nair,2026-09-16,2026-10-16,
D50446,Monsoon - Expansion,C10125,Monsoon Motors Solutions,718500.0,INR,Negotiation,75,LinkedIn,Priya Nair,2026-08-01,2026-08-31,
D50447,Nova - Consulting,C10520,Nova Tech LLP,204700.0,INR,Prospecting,10,LinkedIn,Arjun Mehta,2025-10-01,2025-11-03,
D50448,Zenith - Annual plan,C10232,Zenith Retail Solutions,146700.0,INR,Prospecting,10,LinkedIn,Priya Nair,2025-08-01,2025-09-13,
D50449,Aurora - Expansion,C11097,Aurora Finserv Industries,171000.0,INR,Closed Won,100,Referral,Vikram Rao,2026-01-03,2026-03-04,
D50450,Nova - Annual plan,C10844,Nova Finserv Ltd,375600.0,INR,Closed Won,100,Events,Farhan Shaikh,2025-06-14,2025-09-04,
D50451,Apex - Analytics setup,C10131,Apex Learning Group,378000.0,INR,Closed Lost,0,Paid Ads,Priya Nair,2025-04-01,2025-06-03,Timing
D50452,Lumen - Analytics setup,C10169,Lumen Retail Group,335400.0,INR,Closed Won,100,Events,Ayesha Khan,2025-06-12,2025-07-31,
D50453,Saffron - Renewal,C10309,Saffron Realty LLP,152900.0,INR,Closed Won,100,Paid Ads,Priya Nair,2026-01-04,2026-03-11,
D50454,Everest - Analytics setup,C10591,Everest Tech Group,650400.0,INR,Closed Won,100,Events,Sneha Iyer,2025-11-03,2025-12-13,
D50455,Aurora - Renewal,C10988,Aurora Ventures Industries,245400.0,INR,Closed Won,100,Cold Outreach,Sneha Iyer,2025-07-01,2025-09-06,
D50456,Aurora - Annual plan,C10305,Aurora Foods Solutions,200700.0,INR,Closed Won,100,LinkedIn,Rohit Kulkarni,2025-12-05,2026-03-15,
D50457,Lumen - Consulting,C11044,Lumen Finserv Pvt Ltd,129100.0,INR,Closed Won,100,LinkedIn,Rohit Kulkarni,2026-04-27,2026-07-16,
D50458,Apex - Annual plan,C10502,Apex Retail Group,287500.0,INR,Closed Won,100,LinkedIn,Farhan Shaikh,2026-01-29,2026-03-09,
D50459,Lumen - Pilot,C10679,Lumen Foods Solutions,171800.0,INR,Proposal,50,Website,Farhan Shaikh,2025-01-28,2025-03-04,
D50460,Harbor - Renewal,C10437,Harbor Tech Group,471300.0,INR,Closed Won,100,Referral,Rohit Kulkarni,2025-09-25,2025-10-19,
D50461,Monsoon - Analytics setup,C11037,Monsoon Tech Group,706600.0,INR,Qualification,25,Referral,Neha Joshi,2026-04-20,2026-08-09,
D50462,Saffron - Expansion,C11147,Saffron Retail Solutions,70000.0,INR,Closed Won,100,Paid Ads,Neha Joshi,2025-11-14,2026-03-01,
D50463,Silverline - Expansion,C11026,Silverline Foods Group,206300.0,INR,Closed Lost,0,Referral,Vikram Rao,2025-04-05,2025-06-02,Price
D50464,Orbit - Pilot,C10667,Orbit Learning Solutions,98700.0,INR,Closed Won,100,Cold Outreach,Sneha Iyer,2026-05-15,2026-08-14,
D50465,Nova - Analytics setup,C10873,Nova Retail Group,120700.0,INR,Prospecting,10,Cold Outreach,Farhan Shaikh,2026-08-12,2026-12-05,
D50466,Cedar - Renewal,C11183,Cedar Learning Solutions,60800.0,INR,Closed Won,100,LinkedIn,Ayesha Khan,2025-05-27,2025-07-23,
D50467,Kestrel - Expansion,C10139,Kestrel Health Pvt Ltd,96400.0,INR,Closed Won,100,Website,Sneha Iyer,2025-09-04,2025-12-11,
D50468,Banyan - Consulting,C10361,Banyan Motors LLP,82500.0,INR,Closed Won,100,Referral,Arjun Mehta,2025-02-21,2025-05-12,
D50469,Orbit - Consulting,C10528,Orbit Foods Pvt Ltd,355400.0,INR,Closed Won,100,Paid Ads,Arjun Mehta,2025-06-09,2025-09-23,
D50470,Cedar - Annual plan,C10915,Cedar Pharma LLP,92500.0,INR,Proposal,50,Events,Priya Nair,2026-09-08,2026-11-25,
D50471,Indus - Expansion,C10287,Indus Health Solutions,1080000.0,INR,Closed Won,100,Referral,Farhan Shaikh,2026-06-08,2026-07-24,
D50472,Kestrel - Analytics setup,C10646,Kestrel Foods Group,116700.0,INR,Qualification,25,Referral,Neha Joshi,2025-04-05,2025-06-25,
D50473,Coral - Renewal,C10396,Coral Hospitality Industries,189400.0,INR,Closed Won,100,Referral,Priya Nair,2025-09-29,2025-10-20,
D50474,Granite - Consulting,C11198,Granite Foods Group,84000.0,INR,Closed Won,100,Website,Priya Nair,2025-02-24,2025-04-14,
D50475,Orbit - Pilot,C10332,Orbit Textiles Pvt Ltd,198500.0,INR,Qualification,25,Paid Ads,Sneha Iyer,2026-08-26,2026-10-27,
D50476,Silverline - Renewal,C10745,Silverline Finserv LLP,216500.0,INR,Closed Won,100,Events,Rohit Kulkarni,2026-05-13,2026-07-06,
D50477,Orbit - Analytics setup,C10056,Orbit Tech Industries,313700.0,INR,Closed Won,100,Referral,Rohit Kulkarni,2025-03-18,2025-07-07,
D50478,Blue - Expansion,C10384,Blue Lotus Labs Industries,210500.0,INR,Closed Won,100,LinkedIn,Neha Joshi,2025-04-18,2025-05-16,
D50479,Trident - Pilot,C11031,Trident Finserv Solutions,166800.0,INR,Negotiation,75,LinkedIn,Rohit Kulkarni,2025-04-28,2025-05-22,
D50480,Cedar - Renewal,C10179,Cedar Analytics Ltd,94000.0,INR,Closed Won,100,Events,Rohit Kulkarni,2025-12-28,2026-03-18,
D50481,Quantum - Pilot,C10514,Quantum Learning Pvt Ltd,164700.0,INR,Closed Won,100,Referral,Rohit Kulkarni,2025-05-04,2025-06-27,
D50482,Silverline - Consulting,C10884,Silverline Tech LLP,145100.0,INR,Closed Won,100,Website,Sneha Iyer,2025-01-18,2025-03-03,
D50483,Nova - Renewal,C96352,Nova Logistics Industries,359400.0,INR,Closed Won,100,Events,Vikram Rao,2024-12-23,2025-03-30,
D50484,Banyan - Annual plan,C10779,Banyan Analytics LLP,305600.0,INR,Prospecting,10,Referral,Neha Joshi,2026-08-03,2026-11-13,
D50485,Harbor - Annual plan,C10400,Harbor Ventures LLP,517700.0,INR,Closed Won,100,Cold Outreach,Neha Joshi,2025-01-29,2025-02-22,
D50486,Aurora - Renewal,C10676,Aurora Finserv Group,416900.0,INR,Closed Won,100,Referral,Neha Joshi,2026-03-28,2026-05-16,
D50487,Apex - Consulting,C10864,Apex Retail Group,272000.0,INR,Prospecting,10,Referral,Rohit Kulkarni,2026-08-09,2026-11-11,
D50488,Vertex - Annual plan,C10242,Vertex Learning Ltd,206700.0,INR,Closed Won,100,Events,Farhan Shaikh,2026-04-06,2026-07-26,
D50489,Kestrel - Consulting,C10766,Kestrel Finserv Solutions,154900.0,INR,Closed Won,100,Paid Ads,Sneha Iyer,2025-08-14,2025-11-07,
D50490,Sahyadri - Annual plan,C11110,Sahyadri Health Group,128900.0,INR,Qualification,25,Events,Farhan Shaikh,2026-09-26,2026-12-14,
D50491,Sahyadri - Annual plan,C10429,Sahyadri Hospitality Pvt Ltd,164200.0,INR,Closed-Won,25,Cold Outreach,Neha Joshi,2025-09-15,2025-12-25,
D50492,Zenith - Pilot,C10096,Zenith Retail Group,110300.0,INR,Closed Won,100,Cold Outreach,Ayesha Khan,2026-03-07,2026-04-10,
D50493,Silverline - Renewal,C11052,Silverline Logistics Industries,113700.0,INR,Negotiation,75,Cold Outreach,Sneha Iyer,2026-07-18,2026-11-10,
D50494,Aurora - Annual plan,C10947,Aurora Foods Solutions,462300.0,INR,Qualification,25,Events,Farhan Shaikh,2026-07-19,2026-10-29,
D50495,Orbit - Analytics setup,C10177,Orbit Tech Ltd,165300.0,INR,Closed Won,100,Cold Outreach,Farhan Shaikh,2026-03-12,2026-07-09,
D50496,Pinnacle - Renewal,C10692,Pinnacle Health Solutions,98600.0,INR,Closed Won,100,Website,Vikram Rao,2026-06-08,2026-09-01,
D50497,Granite - Annual plan,C10303,Granite Realty Group,780500.0,INR,Closed Won,100,Website,Neha Joshi,2025-09-19,2025-12-20,
D50498,Harbor - Expansion,C10995,Harbor Ventures Group,72800.0,INR,Closed Won,100,LinkedIn,Priya Nair,2025-03-11,2025-04-21,
D50499,Aurora - Annual plan,C10945,Aurora Labs Solutions,60500.0,INR,Prospecting,10,Website,Arjun Mehta,2026-09-25,2026-10-20,
D50500,Coral - Pilot,C10108,Coral Tech Pvt Ltd,409500.0,INR,Negotiation,75,Website,Vikram Rao,2026-07-13,2026-09-11,
D50501,Pinnacle - Annual plan,C11111,Pinnacle Labs Pvt Ltd,90400.0,INR,Negotiation,75,Referral,Neha Joshi,2026-07-17,2026-09-18,
D50502,Saffron - Consulting,C11171,Saffron Realty LLP,40000.0,INR,Closed Won,100,Website,Sneha Iyer,2025-09-19,2025-10-20,
D50503,Apex - Annual plan,C10485,Apex Tech LLP,399500.0,INR,Closed Won,100,LinkedIn,Rohit Kulkarni,2026-02-15,2026-04-05,
D50504,Peacock - Analytics setup,C10805,Peacock Ventures Industries,,INR,Closed Won,100,Cold Outreach,Rohit Kulkarni,2026-04-14,2026-06-24,
D50505,Vertex - Annual plan,C10239,Vertex Motors Solutions,219400.0,INR,Closed Won,100,LinkedIn,Farhan Shaikh,2026-03-10,2026-06-11,
D50506,Aurora - Renewal,C10643,Aurora Retail LLP,965400.0,INR,Negotiation,75,Referral,Farhan Shaikh,2026-07-08,2026-09-16,
D50507,Meridian - Expansion,C10200,Meridian Analytics Industries,89700.0,INR,Closed Won,100,Referral,Arjun Mehta,2025-01-17,2025-03-28,
D50508,Saffron - Consulting,C10315,Saffron Realty Group,93300.0,INR,Proposal,50,Cold Outreach,Neha Joshi,2026-09-27,2027-01-02,
D50509,Apex - Consulting,C10228,Apex Hospitality Industries,819700.0,INR,Proposal,50,Website,Farhan Shaikh,2026-09-09,2026-11-01,
D50510,Banyan - Renewal,C11149,Banyan Ventures Industries,260700.0,INR,Closed Won,100,Events,Rohit Kulkarni,2025-11-02,2025-11-26,
D50511,Trident - Annual plan,C10456,Trident Finserv Solutions,640200.0,INR,Closed Won,100,Website,Arjun Mehta,2025-11-19,2026-02-23,
D50512,Vertex - Expansion,C10008,Vertex Motors Solutions,326300.0,INR,Closed Won,100,Paid Ads,Vikram Rao,2025-08-11,2025-09-13,
D50513,Kestrel - Pilot,C11139,Kestrel Pharma Pvt Ltd,438300.0,INR,Proposal,50,Website,Priya Nair,2026-09-22,2027-01-01,
D50514,Saffron - Pilot,C10698,Saffron Tech Industries,841700.0,INR,Closed Lost,0,Website,Farhan Shaikh,2025-03-24,2025-05-18,Went with competitor
D50515,Sahyadri - Pilot,C10767,Sahyadri Tech Pvt Ltd,585800.0,INR,Closed Won,100,Referral,Neha Joshi,2025-11-19,2026-01-20,
D50516,Silverline - Expansion,C10116,Silverline Realty LLP,87000.0,INR,Qualification,25,Cold Outreach,Arjun Mehta,2026-09-28,2027-01-08,
D50517,Harbor - Annual plan,C11133,Harbor Health Pvt Ltd,194600.0,INR,Closed Won,100,Website,Farhan Shaikh,2025-07-09,2025-08-13,
D50518,Banyan - Expansion,C10977,Banyan Analytics LLP,576000.0,INR,Qualification,25,Referral,Neha Joshi,2026-07-28,2026-11-06,
D50519,Harbor - Expansion,C11150,Harbor Logistics Group,346500.0,INR,Closed Lost,0,Cold Outreach,Ayesha Khan,2026-02-24,2026-04-12,Price
D50520,Harbor - Consulting,C10414,Harbor Retail Ltd,101500.0,INR,Qualification,25,Paid Ads,Neha Joshi,2026-07-14,2026-09-25,
D50521,Peacock - Analytics setup,C10007,Peacock Analytics LLP,1002600.0,INR,Prospecting,10,Website,Neha Joshi,2025-09-05,2025-11-21,
D50522,Orbit - Renewal,C10217,Orbit Textiles Pvt Ltd,310800.0,INR,Closed Won,100,Cold Outreach,Ayesha Khan,2025-09-20,2026-01-11,
D50523,Orbit - Pilot,C10220,Orbit Labs LLP,253500.0,INR,Closed Won,100,Referral,Farhan Shaikh,2025-12-22,2026-03-16,
D50524,Apex - Analytics setup,C10081,Apex Finserv Industries,85100.0,INR,Negotiation,75,Cold Outreach,Rohit Kulkarni,2026-09-23,2026-12-20,
D50525,Apex - Renewal,C10131,Apex Learning Group,255800.0,INR,Closed Won,100,Paid Ads,Priya Nair,2025-04-07,2025-07-09,
D50526,Granite - Expansion,C10976,Granite Labs Group,233400.0,INR,Proposal,50,Paid Ads,Vikram Rao,2026-07-04,2026-10-11,
D50527,Nova - Renewal,C10603,Nova Logistics LLP,186400.0,INR,Closed Lost,0,Paid Ads,Farhan Shaikh,2026-02-11,2026-03-12,No response
D50528,Apex - Consulting,C10081,Apex Finserv Industries,626100.0,INR,Prospecting,10,Cold Outreach,Rohit Kulkarni,2026-09-19,2027-01-11,
D50529,Sahyadri - Consulting,C10799,Sahyadri Motors Industries,126500.0,INR,Closed Won,100,Website,Arjun Mehta,2025-04-01,2025-05-03,
D50530,Zenith - Consulting,C10530,Zenith Motors Pvt Ltd,102600.0,INR,Closed Lost,0,Cold Outreach,Vikram Rao,2025-08-23,2025-11-08,Went with competitor
D50531,Coral - Consulting,C10000,Coral Ventures Group,42200.0,INR,Closed Won,100,Paid Ads,Vikram Rao,2025-02-16,2025-04-12,
D50532,Zenith - Annual plan,C11051,Zenith Motors Solutions,178600.0,INR,Closed Won,100,LinkedIn,Ayesha Khan,2026-06-24,2026-09-15,
D50533,Lumen - Annual plan,C10486,Lumen Pharma Group,926300.0,INR,Closed Won,100,Website,Priya Nair,2025-11-10,2026-01-19,
D50534,Cedar - Expansion,C10773,Cedar Learning Ltd,980500.0,INR,Prospecting,10,Cold Outreach,Sneha Iyer,2026-09-01,2026-12-13,
D50535,Everest - Pilot,C11027,Everest Foods LLP,199600.0,INR,Prospecting,10,Website,Farhan Shaikh,2026-07-24,2026-11-12,
D50536,Apex - Renewal,C10359,Apex Retail Ltd,254200.0,INR,Closed Won,100,Website,Sneha Iyer,2026-04-13,2026-06-27,
D50537,Kestrel - Consulting,C10212,Kestrel Textiles Industries,211200.0,INR,Proposal,50,Events,Vikram Rao,2025-03-18,2025-06-07,
D50538,Vertex - Renewal,C10732,Vertex Motors Industries,154300.0,INR,Closed Won,100,Referral,Rohit Kulkarni,2025-07-07,2025-09-12,
D50539,Peacock - Analytics setup,C91103,Peacock Labs Solutions,529700.0,INR,Closed Won,100,Cold Outreach,Arjun Mehta,2026-01-11,2026-03-17,
D50540,Indus - Renewal,C10625,Indus Health Pvt Ltd,269300.0,INR,Closed Won,100,Referral,Arjun Mehta,2025-11-07,2026-02-08,
D50541,Orbit - Annual plan,C10137,Orbit Tech Ltd,73000.0,INR,Closed Won,100,Website,Farhan Shaikh,2025-08-31,2025-11-21,
D50542,Zenith - Renewal,C10232,Zenith Retail Solutions,,INR,Closed Won,100,LinkedIn,Priya Nair,2025-08-12,2025-11-01,
D50543,Sahyadri - Pilot,C10522,Sahyadri Ventures LLP,54400.0,INR,Closed Won,100,LinkedIn,Sneha Iyer,2025-10-06,2025-12-10,
D50544,Orbit - Consulting,C10332,Orbit Textiles Pvt Ltd,326600.0,INR,Negotiation,75,Paid Ads,Sneha Iyer,2026-09-30,2027-01-21,
D50545,Indus - Analytics setup,C10236,Indus Textiles Group,317400.0,INR,Prospecting,10,Paid Ads,Rohit Kulkarni,2026-08-20,2026-12-06,
D50546,Indus - Expansion,C10405,Indus Textiles Pvt Ltd,514400.0,INR,Closed Won,100,Cold Outreach,Priya Nair,2025-05-28,2025-09-06,
D50547,Pinnacle - Annual plan,C10407,Pinnacle Analytics Solutions,69000.0,INR,Closed Won,100,LinkedIn,Ayesha Khan,2026-06-04,2026-07-31,
D50548,Meridian - Renewal,C10351,Meridian Learning Pvt Ltd,501100.0,INR,Closed Won,100,Cold Outreach,Neha Joshi,2026-02-25,2026-05-03,
D50549,Nova - Analytics setup,C99441,Nova Ventures Solutions,83400.0,INR,Closed Won,100,Events,Ayesha Khan,2025-12-12,2026-03-08,
D50550,Nova - Renewal,C10695,Nova Labs Ltd,556700.0,INR,Qualification,25,LinkedIn,Vikram Rao,2025-07-11,2025-08-04,
D50551,Kestrel - Pilot,C10343,Kestrel Tech LLP,53400.0,INR,Qualification,25,LinkedIn,Neha Joshi,2026-09-29,2027-01-24,
D50552,Pinnacle - Expansion,C10784,Pinnacle Labs Group,-161600.0,INR,Closed Lost,0,Cold Outreach,Arjun Mehta,2026-04-17,2026-06-21,Timing
D50553,Peacock - Renewal,C10082,Peacock Realty Solutions,76100.0,INR,Closed Won,100,LinkedIn,Rohit Kulkarni,2025-09-18,2025-11-12,
D50554,Cedar - Analytics setup,C10773,Cedar Learning Ltd,352400.0,INR,Prospecting,10,Cold Outreach,Sneha Iyer,2026-08-29,2026-12-14,
D50555,Blue - Analytics setup,C10390,Blue Lotus Foods Pvt Ltd,215200.0,INR,Closed Won,100,Website,Arjun Mehta,2026-03-01,2026-05-27,
D50556,Pinnacle - Pilot,C11111,Pinnacle Labs Pvt Ltd,59500.0,INR,Proposal Sent,100,Referral,Neha Joshi,2026-06-24,2026-08-19,
D50557,Orbit - Pilot,C10217,Orbit Textiles Pvt Ltd,449100.0,INR,Closed Won,100,Cold Outreach,Ayesha Khan,2025-09-16,2026-01-07,
D50558,Cedar - Pilot,C10773,Cedar Learning Ltd,124100.0,INR,Prospecting,10,Cold Outreach,Sneha Iyer,2026-09-26,2026-12-11,
D50559,Cedar - Consulting,C10182,Cedar Finserv Ltd,292700.0,INR,Closed Won,100,Events,Priya Nair,2026-02-23,2026-05-22,
D50560,Banyan - Annual plan,C11029,Banyan Foods Pvt Ltd,355800.0,INR,Qualification,25,Paid Ads,Rohit Kulkarni,2026-04-29,2026-05-19,
D50561,Pinnacle - Pilot,C11176,Pinnacle Textiles Ltd,112800.0,INR,Closed Won,100,LinkedIn,Arjun Mehta,2025-09-12,2025-10-25,
D50562,Harbor - Annual plan,C10897,Harbor Pharma LLP,560600.0,INR,Closed-Won,100,Website,Arjun Mehta,2025-07-26,2025-10-08,
D50563,Monsoon - Pilot,C10380,Monsoon Tech Ltd,99100.0,INR,Closed Won,100,Paid Ads,Neha Joshi,2026-04-25,2026-07-27,
D50564,Kestrel - Consulting,C11139,Kestrel Pharma Pvt Ltd,313600.0,INR,Proposal,50,Website,Priya Nair,2026-09-24,2026-12-09,
D50565,Quantum - Pilot,C10569,Quantum Realty Group,327500.0,INR,Closed Won,100,Referral,Farhan Shaikh,2025-05-23,2025-08-12,
D50566,Lumen - Annual plan,C10952,Lumen Ventures Industries,174700.0,INR,Closed Won,100,Paid Ads,Sneha Iyer,2026-03-20,2026-06-06,
D50567,Coral - Analytics setup,C10662,Coral Hospitality Industries,91100.0,INR,Closed Won,100,Events,Neha Joshi,2025-02-14,2025-05-08,
D50568,Kestrel - Expansion,C10488,Kestrel Tech LLP,647900.0,INR,Prospecting,10,Referral,Sneha Iyer,2025-11-28,2026-02-13,
D50569,Sahyadri - Renewal,C10616,Sahyadri Tech LLP,156700.0,INR,Prospecting,10,Events,Farhan Shaikh,2026-09-25,2026-10-21,
D50570,Everest - Annual plan,C11092,Everest Logistics LLP,,INR,Closed Won,100,LinkedIn,Farhan Shaikh,2025-07-01,2025-05-23,
D50571,Peacock - Consulting,C10075,Peacock Pharma Solutions,98200.0,INR,Closed Won,100,Events,Farhan Shaikh,2025-09-08,2025-11-26,
D50572,Harbor - Consulting,C10839,Harbor Tech Group,90400.0,INR,Closed Won,100,Website,Ayesha Khan,2025-12-22,2026-01-15,
D50573,Meridian - Consulting,C10335,Meridian Learning Pvt Ltd,201400.0,INR,Closed Lost,0,LinkedIn,Neha Joshi,2025-02-19,2025-05-15,Timing
D50574,Pinnacle - Analytics setup,C10269,Pinnacle Retail Ltd,375800.0,INR,Closed Lost,0,Referral,Arjun Mehta,2024-12-05,2025-02-07,No response
D50575,Meridian - Renewal,C10702,Meridian Pharma Pvt Ltd,90300.0,INR,Prospecting,10,Website,Farhan Shaikh,2026-07-06,2026-08-01,
D50576,Lumen - Analytics setup,C10366,Lumen Finserv Pvt Ltd,30200.0,INR,Prospecting,10,LinkedIn,Rohit Kulkarni,2026-07-06,2026-09-28,
D50577,Kestrel - Analytics setup,C10014,Kestrel Analytics Pvt Ltd,372100.0,INR,Closed Won,100,LinkedIn,Sneha Iyer,2025-10-23,2026-01-11,
D50578,Monsoon - Analytics setup,C10924,Monsoon Motors LLP,318700.0,INR,Prospecting,10,Referral,Arjun Mehta,2026-05-10,2026-06-04,
D50579,Meridian - Renewal,C10497,Meridian Foods Industries,134000.0,INR,Negotiation,75,LinkedIn,Neha Joshi,2026-07-07,2026-08-13,
D50580,Silverline - Renewal,C10089,Silverline Finserv LLP,109800.0,INR,Proposal,50,Cold Outreach,Ayesha Khan,2026-07-31,2026-08-31,
D50581,Saffron - Analytics setup,C10309,Saffron Realty LLP,131800.0,INR,Closed Won,100,Paid Ads,Priya Nair,2025-09-20,2025-12-20,
D50582,Lumen - Analytics setup,C10654,Lumen Analytics Solutions,279400.0,INR,Closed Lost,0,LinkedIn,Ayesha Khan,2025-08-11,2025-10-09,No budget
D50583,Pinnacle - Annual plan,C10946,Pinnacle Motors Pvt Ltd,57900.0,INR,Closed Won,100,Cold Outreach,Ayesha Khan,2024-12-04,2025-01-30,
D50584,Meridian - Renewal,C10100,Meridian Foods Industries,144000.0,INR,Qualification,25,Website,Rohit Kulkarni,2026-04-13,2026-06-15,
D50585,Zenith - Annual plan,C11051,Zenith Motors Solutions,380700.0,INR,Closed Won,100,LinkedIn,Ayesha Khan,2026-06-08,2026-08-11,
D50586,Nova - Analytics setup,C10427,Nova Logistics Ltd,331800.0,INR,Closed Won,100,Cold Outreach,Vikram Rao,2025-03-07,2025-04-24,
D50587,Silverline - Consulting,C11093,Silverline Finserv LLP,174900.0,INR,Proposal,50,Referral,Sneha Iyer,2026-07-10,2026-10-17,
D50588,Harbor - Analytics setup,C10890,Harbor Tech Group,236500.0,INR,Closed Won,100,Referral,Vikram Rao,2026-02-07,2026-04-09,
D50589,Granite - Pilot,C10612,Granite Foods Group,-111800.0,INR,Proposal,50,Referral,Arjun Mehta,2026-08-19,2026-09-21,
D50590,Kestrel - Consulting,C10815,Kestrel Realty Solutions,227100.0,INR,Qualification,25,Paid Ads,Ayesha Khan,2026-03-10,2026-04-24,
D50591,Harbor - Annual plan,C10765,Harbor Retail Ltd,97200.0,INR,Closed Won,100,Cold Outreach,Ayesha Khan,2026-06-23,2026-09-19,
D50592,Nova - Pilot,C10427,Nova Logistics Ltd,75400.0,INR,Closed Won,100,Cold Outreach,Vikram Rao,2025-05-06,2025-06-17,
D50593,Kestrel - Renewal,C11085,Kestrel Motors Group,75900.0,INR,Proposal,50,LinkedIn,Farhan Shaikh,2026-09-14,2026-10-20,
D50594,Everest - Renewal,C10901,Everest Health Group,783400.0,INR,Closed Won,100,Events,Sneha Iyer,2025-02-03,2025-04-01,
D50595,Coral - Expansion,C10443,Coral Textiles Pvt Ltd,89000.0,INR,Proposal,50,Events,Arjun Mehta,2026-04-06,2026-05-13,
D50596,Meridian - Renewal,C10497,Meridian Foods Industries,311300.0,INR,Proposal,50,LinkedIn,Neha Joshi,2026-07-19,2026-08-09,
D50597,Granite - Annual plan,C10235,Granite Tech Group,226700.0,INR,Closed Won,100,Events,Rohit Kulkarni,2025-09-04,2025-12-09,
D50598,Zenith - Expansion,C10631,Zenith Motors Pvt Ltd,125100.0,INR,Closed Won,100,Referral,Priya Nair,2025-09-02,2025-10-02,
D50599,Harbor - Pilot,C11022,Harbor Ventures LLP,276400.0,INR,Prospecting,10,Referral,Rohit Kulkarni,2026-06-17,2026-09-19,
D50600,Saffron - Consulting,C10155,Saffron Tech Ltd,68900.0,INR,Prospecting,10,LinkedIn,Priya Nair,2026-07-11,2026-10-29,
D50601,Monsoon - Consulting,C10071,Monsoon Motors Solutions,581200.0,INR,Closed Lost,0,LinkedIn,Ayesha Khan,2026-03-11,2026-06-21,Went with competitor
D50602,Apex - Analytics setup,C10081,Apex Finserv Industries,232500.0,INR,Negotiation,75,Cold Outreach,Rohit Kulkarni,2026-09-09,2026-10-07,
D50603,Kestrel - Annual plan,C11085,Kestrel Motors Group,,INR,Proposal,50,LinkedIn,Farhan Shaikh,2026-09-18,2026-12-30,
D50604,Apex - Pilot,C10720,Apex Hospitality Industries,274900.0,INR,Closed Won,100,Referral,Rohit Kulkarni,2025-04-02,2025-07-08,
D50605,Sahyadri - Annual plan,C11178,Sahyadri Ventures LLP,451900.0,INR,Closed Won,100,LinkedIn,Ayesha Khan,2025-05-04,2025-07-31,
D50606,Indus - Expansion,C10236,Indus Textiles Group,661100.0,INR,Negotiation,75,Paid Ads,Rohit Kulkarni,2026-09-14,2026-12-25,
D50607,Monsoon - Pilot,C10125,Monsoon Motors Solutions,225600.0,INR,Proposal,50,LinkedIn,Priya Nair,2026-09-28,2026-11-20,
D50608,Coral - Expansion,C10087,Coral Motors Pvt Ltd,171100.0,INR,Closed Won,100,LinkedIn,Arjun Mehta,2025-03-10,2025-07-07,
D50609,Zenith - Expansion,C11049,Zenith Motors Pvt Ltd,227800.0,INR,Closed Won,100,Paid Ads,Ayesha Khan,2026-03-06,2026-07-03,
D50610,Aurora - Pilot,C96478,Aurora Finserv Group,287500.0,INR,Qualification,25,Website,Sneha Iyer,2026-07-18,2026-08-22,
D50611,Orbit - Annual plan,C11054,Orbit Motors LLP,112100.0,INR,Closed Won,100,Website,Farhan Shaikh,2026-03-29,2026-07-03,
D50612,Banyan - Annual plan,C10191,Banyan Analytics Solutions,768200.0,INR,Closed Won,100,LinkedIn,Rohit Kulkarni,2025-02-18,2025-06-08,
D50613,Pinnacle - Analytics setup,C10781,Pinnacle Realty Group,269100.0,INR,Qualification,25,LinkedIn,Vikram Rao,2026-04-11,2026-05-17,
D50614,Cedar - Annual plan,C10856,Cedar Analytics Ltd,167200.0,INR,Closed Won,100,LinkedIn,Ayesha Khan,2026-04-03,2026-07-18,
D50615,Orbit - Annual plan,C11075,Orbit Analytics Pvt Ltd,289400.0,INR,Negotiation,75,LinkedIn,Rohit Kulkarni,2026-07-03,2026-09-11,
D50616,Zenith - Expansion,C10223,Zenith Labs LLP,,INR,Closed Won,100,Cold Outreach,Sneha Iyer,2025-04-12,2025-06-12,
D50617,Cedar - Consulting,C11157,Cedar Finserv Ltd,145400.0,INR,Won,100,Cold Outreach,Farhan Shaikh,2026-04-26,2026-07-30,
D50618,Trident - Annual plan,C10910,Trident Ventures Ltd,,INR,Negotiation,75,LinkedIn,Vikram Rao,2025-06-18,2025-07-27,
D50619,Blue - Annual plan,C10711,Blue Lotus Motors Pvt Ltd,231400.0,INR,Prospecting,10,Events,Neha Joshi,2026-09-30,2027-01-02,
D50620,Cedar - Annual plan,C10286,Cedar Learning Pvt Ltd,134900.0,INR,Closed Won,100,Cold Outreach,Ayesha Khan,2025-02-18,2025-05-17,
D50621,Silverline - Annual plan,C11093,Silverline Finserv LLP,5900.0,INR,Closed Won,100,Referral,Sneha Iyer,2026-04-15,2026-07-12,
D50622,Blue - Analytics setup,C10425,Blue Lotus Textiles Industries,40300.0,INR,Closed Won,100,Paid Ads,Neha Joshi,2026-06-04,2026-08-27,
D50623,Everest - Annual plan,C10889,Everest Logistics Solutions,421000.0,INR,Closed Won,100,Website,Farhan Shaikh,2025-02-01,2024-11-06,
D50624,Meridian - Pilot,C10288,Meridian Ventures Pvt Ltd,284100.0,INR,Closed Won,100,LinkedIn,Arjun Mehta,2025-12-16,2026-02-06,
D50625,Harbor - Analytics setup,C10054,Harbor Pharma LLP,317400.0,INR,Closed Won,100,LinkedIn,Farhan Shaikh,2026-02-02,2026-04-29,
D50626,Apex - Annual plan,C10864,Apex Retail Group,345800.0,INR,Negotiation,75,Referral,Rohit Kulkarni,2026-07-15,2026-09-11,
D50627,Vertex - Annual plan,C11195,Vertex Retail Industries,40500.0,INR,Proposal,50,Website,Priya Nair,2026-08-05,2026-09-07,
D50628,Saffron - Annual plan,C10289,Saffron Retail Solutions,55600.0,INR,Qualification,25,Paid Ads,Ayesha Khan,2026-09-01,2026-12-11,
D50629,Granite - Analytics setup,C10981,Granite Labs Group,63300.0,INR,Closed Won,100,Referral,Farhan Shaikh,2026-03-10,2026-07-07,
D50630,Indus - Annual plan,C10987,Indus Health Solutions,128200.0,INR,Proposal,50,Cold Outreach,Neha Joshi,2026-09-27,2026-11-19,
D50631,Granite - Consulting,C10143,Granite Realty Group,152400.0,INR,Negotiation,75,Paid Ads,Farhan Shaikh,2026-08-09,2026-09-08,
D50632,Nova - Pilot,C10603,Nova Logistics LLP,269200.0,INR,Closed Won,100,Paid Ads,Farhan Shaikh,2026-02-06,2026-04-18,
D50633,Cedar - Expansion,C10468,Cedar Textiles Solutions,249900.0,INR,Proposal,50,LinkedIn,Rohit Kulkarni,2025-10-17,2026-01-24,
D50634,Trident - Expansion,C10910,Trident Ventures Ltd,256300.0,INR,Closed Won,100,LinkedIn,Vikram Rao,2025-07-15,2025-10-04,
D50635,Meridian - Renewal,C10869,Meridian Pharma Pvt Ltd,302000.0,INR,Closed Won,100,Website,Ayesha Khan,2025-01-31,2025-05-08,
D50636,Apex - Pilot,C10081,Apex Finserv Industries,155900.0,INR,Negotiation,75,Cold Outreach,Rohit Kulkarni,2026-09-21,2026-12-25,
D50637,Banyan - Renewal,C10094,Banyan Hospitality Solutions,53300.0,INR,Proposal,50,Events,Rohit Kulkarni,2026-09-04,2026-11-30,
D50638,Banyan - Annual plan,C10607,Banyan Retail Pvt Ltd,392300.0,INR,Prospecting,10,LinkedIn,Priya Nair,2026-09-09,2026-12-17,
D50639,Orbit - Annual plan,C10241,Orbit Foods Group,,INR,Closed Won,100,Website,Sneha Iyer,2026-03-29,2026-05-23,
D50640,Kestrel - Consulting,C10815,Kestrel Realty Solutions,,INR,Closed Won,100,Paid Ads,Ayesha Khan,2025-12-23,2026-04-06,
D50641,Quantum - Renewal,C10216,Quantum Learning Pvt Ltd,321400.0,INR,Proposal,50,LinkedIn,Arjun Mehta,2025-02-26,2025-04-23,
D50642,Lumen - Expansion,C10803,Lumen Tech Industries,150000.0,INR,Qualification,25,LinkedIn,Neha Joshi,2026-07-14,2026-08-27,
D50643,Banyan - Expansion,C10953,Banyan Retail Pvt Ltd,336800.0,INR,Qualification,25,Website,Priya Nair,2026-09-11,2026-12-22,
D50644,Aurora - Annual plan,C10762,Aurora Logistics Group,121900.0,INR,Negotiation,75,Website,Vikram Rao,2026-09-12,2026-11-25,
D50645,Apex - Pilot,C11043,Apex Hospitality Group,496700.0,INR,Closed Won,100,LinkedIn,Ayesha Khan,2025-10-14,2025-12-24,
D50646,Indus - Expansion,C10236,Indus Textiles Group,89700.0,INR,Qualification,25,Paid Ads,Rohit Kulkarni,2026-08-16,2026-10-12,
D50647,Pinnacle - Consulting,C10319,Pinnacle Foods Group,280600.0,INR,Prospecting,10,Website,Ayesha Khan,2026-09-11,2026-11-26,
D50648,Banyan - Renewal,C11061,Banyan Motors LLP,397800.0,INR,Qualification,25,Cold Outreach,Priya Nair,2026-07-25,2026-11-16,
D50649,Aurora - Renewal,C10126,Aurora Motors LLP,1553900.0,INR,Closed Won,100,Paid Ads,Neha Joshi,2026-05-12,2026-08-18,
D50650,Trident - Renewal,C11031,Trident Finserv Solutions,197500.0,INR,Negotiation,75,LinkedIn,Rohit Kulkarni,2025-03-29,2025-04-20,
D50651,Aurora - Expansion,C10059,Aurora Learning LLP,290100.0,INR,Closed Won,100,Website,Arjun Mehta,2025-05-10,2025-08-20,
D50652,Silverline - Pilot,C10598,Silverline Finserv LLP,,INR,Negotiation,75,LinkedIn,Sneha Iyer,2026-09-14,2026-11-20,
D50653,Monsoon - Annual plan,C10043,Monsoon Tech Ltd,232400.0,INR,Proposal,50,Website,Farhan Shaikh,2025-09-17,2025-12-15,
D50654,Kestrel - Renewal,C10786,Kestrel Logistics Pvt Ltd,497800.0,INR,Negotiation,75,Website,Sneha Iyer,2026-02-02,2026-03-31,
D50655,Saffron - Analytics setup,C10849,Saffron Tech Ltd,204000.0,INR,Negotiation,75,Referral,Vikram Rao,2026-01-21,2026-03-03,
D50656,Sahyadri - Analytics setup,C10744,Sahyadri Foods Industries,151900.0,INR,Proposal,50,Website,Rohit Kulkarni,2026-04-16,2026-07-02,
D50657,Everest - Annual plan,C10190,Everest Logistics LLP,337400.0,INR,Closed Won,100,LinkedIn,Arjun Mehta,2024-11-17,2024-12-18,
D50658,Kestrel - Consulting,C10707,Kestrel Analytics Pvt Ltd,,INR,Closed Won,100,LinkedIn,Rohit Kulkarni,2025-09-07,2025-09-29,
D50659,Monsoon - Renewal,C10331,Monsoon Labs Solutions,335400.0,INR,Closed Won,100,Website,Priya Nair,2025-02-28,2025-04-10,
D50660,Aurora - Analytics setup,C10947,Aurora Foods Solutions,46400.0,INR,Prospecting,10,Events,Farhan Shaikh,2026-08-09,2026-10-03,
D50661,Indus - Expansion,C10058,Indus Finserv Group,,INR,Closed Won,100,Website,Neha Joshi,2026-06-29,2026-09-04,
D50662,Saffron - Pilot,C11007,Saffron Retail Pvt Ltd,485900.0,INR,Qualification,25,Website,Arjun Mehta,2026-09-04,2026-10-05,
D50663,Banyan - Pilot,C10681,Banyan Retail Pvt Ltd,240600.0,INR,Closed Won,100,Referral,Farhan Shaikh,2026-05-09,2026-07-21,
D50664,Banyan - Renewal,C10039,Banyan Analytics Ltd,257200.0,INR,Closed Won,100,Events,Ayesha Khan,2025-05-31,2025-07-19,
D50665,Nova - Analytics setup,C11006,Nova Labs Ltd,312700.0,INR,Negotiation,75,Referral,Ayesha Khan,2026-05-18,2026-09-11,
D50666,Sahyadri - Annual plan,C10998,Sahyadri Tech Pvt Ltd,150600.0,INR,Closed Won,100,Paid Ads,Ayesha Khan,2025-12-15,2026-03-15,
D50667,Cedar - Expansion,C10956,Cedar Motors Pvt Ltd,745300.0,INR,Closed Won,100,Website,Vikram Rao,2026-01-07,2026-02-22,
D50668,Pinnacle - Pilot,C10743,Pinnacle Analytics Group,520800.0,INR,Closed Won,100,Cold Outreach,Priya Nair,2025-11-22,2026-02-08,
D50669,Lumen - Pilot,C10163,Lumen Tech Industries,483300.0,INR,Closed Won,100,Website,Arjun Mehta,2025-02-25,2025-05-12,
D50670,Indus - Consulting,C10613,Indus Analytics Group,218300.0,INR,Closed Won,100,Referral,Priya Nair,2025-12-27,2026-03-19,
D50671,Aurora - Annual plan,C10689,Aurora Labs Pvt Ltd,123100.0,INR,Closed Won,100,Cold Outreach,Vikram Rao,2025-06-07,2025-09-23,
D50672,Monsoon - Annual plan,C11037,Monsoon Tech Group,-77100.0,INR,Prospecting,10,Referral,Neha Joshi,2026-07-07,2026-09-18,
D50673,Kestrel - Pilot,C10012,Kestrel Finserv Solutions,818500.0,INR,Closed Won,100,Referral,Priya Nair,2025-12-03,2026-03-15,
D50674,Everest - Pilot,C10653,Everest Logistics Solutions,111000.0,INR,Closed Won,100,Cold Outreach,Farhan Shaikh,2025-03-24,2025-06-02,
D50675,Indus - Consulting,C10984,Indus Ventures Pvt Ltd,203300.0,INR,negotiation,100,Website,Priya Nair,2026-02-26,2026-04-11,
D50676,Kestrel - Pilot,C11191,Kestrel Tech LLP,89800.0,INR,Negotiation,75,Website,Arjun Mehta,2026-07-10,2026-10-23,
D50677,Granite - Analytics setup,C10296,Granite Finserv Group,162900.0,INR,Closed Won,100,Referral,Ayesha Khan,2026-04-03,2026-05-15,
D50678,Cedar - Analytics setup,C10286,Cedar Learning Pvt Ltd,276000.0,INR,Closed Won,100,Cold Outreach,Ayesha Khan,2025-02-25,2025-05-19,
D50679,Everest - Analytics setup,C11001,Everest Logistics Solutions,348300.0,INR,Closed Won,100,Website,Neha Joshi,2025-11-25,2026-02-15,
D50680,Cedar - Renewal,C10182,Cedar Finserv Ltd,,INR,Closed Won,100,Events,Priya Nair,2026-01-20,2026-05-09,
D50681,Cedar - Renewal,C10311,Cedar Health Solutions,126800.0,INR,Closed Lost,0,Website,Vikram Rao,2025-08-21,2025-11-02,No budget
D50682,Peacock - Expansion,C10436,Peacock Pharma LLP,288700.0,INR,Prospecting,10,Referral,Rohit Kulkarni,2026-08-11,2026-11-29,
D50683,Lumen - Annual plan,C10533,Lumen Retail Group,368400.0,INR,Closed Won,100,Referral,Arjun Mehta,2026-07-01,2026-09-30,
D50684,Meridian - Expansion,C10504,Meridian Health Group,282300.0,INR,Closed Won,100,Events,Rohit Kulkarni,2025-02-25,2025-05-20,
D50685,Banyan - Pilot,C10094,Banyan Hospitality Solutions,68600.0,INR,Proposal,50,Events,Rohit Kulkarni,2026-08-08,2026-11-02,
D50686,Indus - Consulting,C10021,Indus Health Solutions,43800.0,INR,Closed Won,100,Referral,Rohit Kulkarni,2026-05-18,2026-06-22,
D50687,Saffron - Annual plan,C10364,Saffron Tech Industries,1502600.0,INR,Closed Won,100,Cold Outreach,Ayesha Khan,2025-06-06,2025-09-03,
D50688,Pinnacle - Analytics setup,C10930,Pinnacle Analytics Group,81800.0,INR,Closed Won,100,LinkedIn,Arjun Mehta,2026-05-14,2026-07-01,
D50689,Cedar - Annual plan,C10958,Cedar Pharma Solutions,103900.0,INR,Closed Won,100,Referral,Vikram Rao,2026-06-26,2026-08-23,
D50690,Zenith - Pilot,C10621,Zenith Hospitality LLP,417100.0,INR,Closed Won,100,Referral,Rohit Kulkarni,2025-12-21,2026-04-19,
D50691,Blue - Analytics setup,C10264,Blue Lotus Ventures LLP,63500.0,INR,Closed Won,100,LinkedIn,Neha Joshi,2025-08-18,2025-07-07,
D50692,Nova - Annual plan,C10194,Nova Analytics LLP,197000.0,INR,Negotiation,75,LinkedIn,Arjun Mehta,2026-08-31,2026-11-25,
D50693,Cedar - Pilot,C10627,Cedar Learning Ltd,357200.0,INR,Qualification,25,Cold Outreach,Priya Nair,2025-02-04,2025-05-17,
D50694,Cedar - Annual plan,C10780,Cedar Hospitality Solutions,313600.0,INR,Closed Won,100,LinkedIn,Arjun Mehta,2025-08-10,2025-10-05,
D50695,Zenith - Analytics setup,C10447,Zenith Motors Pvt Ltd,469000.0,INR,Closed Won,100,Website,Sneha Iyer,2025-04-18,2025-08-11,
D50696,Harbor - Annual plan,C10133,Harbor Labs Ltd,101400.0,INR,Prospecting,10,LinkedIn,Priya Nair,2026-09-11,2026-11-16,
D50697,Kestrel - Annual plan,C10664,Kestrel Textiles Industries,195400.0,INR,Closed Won,100,Referral,Rohit Kulkarni,2025-09-28,2026-01-02,
D50698,Banyan - Renewal,C10982,Banyan Hospitality Solutions,518800.0,INR,Closed Lost,0,LinkedIn,Rohit Kulkarni,2026-04-14,2026-06-08,Price
D50699,Lumen - Annual plan,C10533,Lumen Retail Group,292500.0,INR,Qualification,25,Referral,Arjun Mehta,2026-08-27,2026-11-05,
D50700,Meridian - Annual plan,C10580,Meridian Learning Pvt Ltd,157900.0,INR,Closed Won,100,Events,Neha Joshi,2025-11-08,2025-09-06,
D50701,Sahyadri - Consulting,C10944,Sahyadri Tech LLP,998700.0,INR,Closed Won,100,Events,Sneha Iyer,2025-04-20,2025-06-17,
D50702,Pinnacle - Consulting,C10832,Pinnacle Realty Group,229100.0,INR,Closed Won,100,Referral,Sneha Iyer,2026-04-20,2026-05-27,
D50703,Aurora - Renewal,C10152,Aurora Logistics Solutions,483300.0,INR,Closed Won,100,Website,Priya Nair,2026-05-28,2026-03-28,
D50704,Orbit - Expansion,C10989,Orbit Realty Solutions,554000.0,INR,Qualification,25,LinkedIn,Priya Nair,2026-01-04,2026-04-04,
D50705,Pinnacle - Consulting,C11172,Pinnacle Analytics Group,190800.0,INR,Prospecting,10,Referral,Arjun Mehta,2026-09-16,2027-01-03,
D50706,Coral - Annual plan,C11045,Coral Retail Pvt Ltd,,INR,Proposal,50,Website,Vikram Rao,2026-08-11,2026-11-22,
D50707,Meridian - Consulting,C10186,Meridian Tech Group,407500.0,INR,Proposal,50,Paid Ads,Sneha Iyer,2026-09-13,2026-10-14,
D50708,Quantum - Expansion,C10216,Quantum Learning Pvt Ltd,778200.0,INR,Closed Won,100,LinkedIn,Arjun Mehta,2025-02-22,2025-04-19,
D50709,Saffron - Annual plan,C10155,Saffron Tech Ltd,513800.0,INR,Prospecting,10,LinkedIn,Priya Nair,2026-06-04,2026-06-26,
D50710,Lumen - Pilot,C11044,Lumen Finserv Pvt Ltd,315200.0,INR,Closed Won,100,LinkedIn,Rohit Kulkarni,2026-02-22,2026-06-13,
D50711,Apex - Analytics setup,C10263,Apex Logistics Solutions,286000.0,INR,Proposal,50,Website,Ayesha Khan,2026-07-21,2026-09-21,
D50712,Nova - Renewal,C10006,Nova Tech LLP,174600.0,INR,Closed Won,100,Paid Ads,Vikram Rao,2026-02-09,2026-05-17,
D50713,Pinnacle - Analytics setup,C10466,Pinnacle Health Solutions,164100.0,INR,Negotiation,75,Website,Priya Nair,2025-05-05,2025-06-03,
D50714,Aurora - Renewal,C10582,Aurora Retail Solutions,352700.0,INR,Prospecting,10,Cold Outreach,Rohit Kulkarni,2026-07-26,2026-09-27,
D50715,Monsoon - Annual plan,C11013,Monsoon Finserv Pvt Ltd,233900.0,INR,Closed Won,100,Events,Priya Nair,2025-10-25,2025-12-06,
D50716,Monsoon - Renewal,C10055,Monsoon Textiles Industries,303300.0,INR,Closed Won,100,Referral,Ayesha Khan,2025-04-19,2025-05-22,
D50717,Nova - Consulting,C10972,Nova Analytics LLP,221900.0,INR,Closed Won,100,Referral,Ayesha Khan,2026-04-15,2026-08-01,
D50718,Zenith - Renewal,C10475,Zenith Motors Solutions,163700.0,INR,Closed Won,100,Cold Outreach,Vikram Rao,2025-02-04,2025-03-11,
D50719,Pinnacle - Pilot,C10389,Pinnacle Analytics Ltd,75800.0,INR,Qualification,25,Cold Outreach,Vikram Rao,2026-01-12,2026-04-29,
D50720,Pinnacle - Expansion,C10269,Pinnacle Retail Ltd,183000.0,INR,Negotiation,75,Referral,Arjun Mehta,2024-11-19,2025-01-06,
D50721,Harbor - Analytics setup,C11101,Harbor Labs LLP,228100.0,INR,Closed Won,100,Cold Outreach,Rohit Kulkarni,2025-10-07,2025-11-01,
D50722,Zenith - Pilot,C10223,Zenith Labs LLP,163500.0,INR,Closed Won,100,Cold Outreach,Sneha Iyer,2025-04-16,2025-07-26,
D50723,Meridian - Renewal,C10731,Meridian Ventures Industries,78500.0,INR,Prospecting,10,Cold Outreach,Rohit Kulkarni,2026-08-01,2026-09-25,
D50724,Granite - Annual plan,C11023,Granite Finserv Group,241900.0,INR,Prospecting,10,Cold Outreach,Arjun Mehta,2026-06-30,2026-08-08,
D50725,Kestrel - Annual plan,C10664,Kestrel Textiles Industries,60700.0,INR,Closed Won,100,Referral,Rohit Kulkarni,2025-08-30,2025-09-27,
D50726,Peacock - Expansion,C98247,Peacock Pharma Solutions,,INR,Proposal,50,Events,Rohit Kulkarni,2026-09-16,2026-12-30,
D50727,Harbor - Annual plan,C10871,Harbor Labs Ltd,97600.0,INR,Closed Lost,0,Referral,Sneha Iyer,2025-10-10,2025-07-26,Price
D50728,Apex - Expansion,C10720,Apex Hospitality Industries,32300.0,INR,Closed Won,100,Referral,Rohit Kulkarni,2025-02-09,2025-03-18,
D50729,Lumen - Pilot,C10445,Lumen Ventures Industries,121400.0,INR,Closed Won,100,Cold Outreach,Rohit Kulkarni,2025-07-03,2025-07-28,
D50730,Silverline - Pilot,C10745,Silverline Finserv LLP,220500.0,INR,Qualification,25,Events,Rohit Kulkarni,2026-04-24,2026-07-06,
D50731,Indus - Renewal,C10236,Indus Textiles Group,62400.0,INR,Prospecting,10,Paid Ads,Rohit Kulkarni,2026-09-19,2026-11-04,
D50732,Meridian - Renewal,C10504,Meridian Health Group,64700.0,INR,Closed Won,100,Events,Rohit Kulkarni,2025-05-11,2025-06-23,
D50733,Peacock - Analytics setup,C10160,Peacock Hospitality Group,914500.0,INR,Closed Won,100,LinkedIn,Arjun Mehta,2026-02-17,2026-06-10,
D50734,Blue - Renewal,C10105,Blue Lotus Ventures LLP,219000.0,INR,Proposal,50,Website,Priya Nair,2026-09-16,2026-11-13,
D50735,Apex - Annual plan,C11140,Apex Finserv Industries,228900.0,INR,Closed Won,100,Referral,Farhan Shaikh,2026-01-12,2026-03-14,
D50736,Quantum - Consulting,C10458,Quantum Health Pvt Ltd,564500.0,INR,Closed Won,100,Website,Sneha Iyer,2026-05-30,2026-07-02,
D50737,Coral - Consulting,C10000,Coral Ventures Group,126600.0,INR,Closed Won,100,Paid Ads,Vikram Rao,2025-01-27,2025-02-21,
D50738,Lumen - Expansion,C10803,Lumen Tech Industries,109100.0,INR,Closed Won,100,LinkedIn,Neha Joshi,2026-05-09,2026-07-02,
D50739,Granite - Pilot,C10373,Granite Textiles Pvt Ltd,187100.0,INR,Closed Lost,0,Cold Outreach,Rohit Kulkarni,2026-02-14,2026-03-30,Price
D50740,Meridian - Annual plan,C10620,Meridian Motors Pvt Ltd,313200.0,INR,Proposal,50,Website,Ayesha Khan,2026-08-14,2026-09-14,
D50741,Saffron - Expansion,C10749,Saffron Ventures Industries,229800.0,INR,Closed Won,100,Website,Farhan Shaikh,2025-04-13,2025-07-14,
D50742,Coral - Annual plan,C10385,Coral Analytics Group,415700.0,INR,Closed Won,100,Cold Outreach,Vikram Rao,2026-05-24,2026-07-07,
D50743,Indus - Annual plan,C10230,Indus Textiles Pvt Ltd,91800.0,INR,Negotiation,75,Paid Ads,Arjun Mehta,2026-07-03,2026-08-10,
D50744,Apex - Pilot,C10228,Apex Hospitality Industries,722700.0,INR,Qualification,25,Website,Farhan Shaikh,2026-09-26,2026-08-02,
D50745,Blue - Consulting,C10715,Blue Lotus Analytics Ltd,238000.0,INR,Proposal Sent,0,Referral,Arjun Mehta,2025-12-10,2026-02-07,Timing
D50746,Everest - Pilot,C10381,Everest Health Group,18200.0,INR,Proposal,50,Website,Ayesha Khan,2026-09-09,2026-12-29,
D50747,Saffron - Pilot,C10967,Saffron Analytics Ltd,63700.0,INR,Proposal,50,Paid Ads,Farhan Shaikh,2026-08-13,2026-11-13,
D50748,Orbit - Analytics setup,C10332,Orbit Textiles Pvt Ltd,53500.0,INR,Prospecting,10,Paid Ads,Sneha Iyer,2026-09-18,2026-12-01,
D50749,Aurora - Pilot,C10059,Aurora Learning LLP,206400.0,INR,Closed Won,100,Website,Arjun Mehta,2025-04-20,2025-06-09,
D50750,Harbor - Analytics setup,C10806,Harbor Motors Group,451700.0,INR,Closed Won,100,Referral,Arjun Mehta,2025-12-06,2026-03-28,
D50751,Coral - Expansion,C10662,Coral Hospitality Industries,174200.0,INR,Closed Won,100,Events,Neha Joshi,2025-02-25,2025-06-09,
D50752,Saffron - Analytics setup,C10698,Saffron Tech Industries,,INR,Proposal Sent,75,Website,Farhan Shaikh,2025-06-08,2025-06-28,
D50753,Pinnacle - Annual plan,C11174,Pinnacle Realty Group,296200.0,INR,Closed Won,100,LinkedIn,Neha Joshi,2025-10-04,2025-12-19,
D50754,Granite - Pilot,C10503,Granite Textiles Pvt Ltd,393900.0,INR,Closed Won,100,Referral,Rohit Kulkarni,2025-04-11,2025-05-23,
D50755,Aurora - Renewal,C10837,Aurora Hospitality Pvt Ltd,726200.0,INR,Closed Lost,0,Cold Outreach,Sneha Iyer,2026-05-14,2026-09-08,No response
D50756,Lumen - Consulting,C10506,Lumen Retail Group,156200.0,INR,Closed Won,100,Website,Ayesha Khan,2026-02-04,2026-01-04,
D50757,Banyan - Consulting,C10977,Banyan Analytics LLP,307100.0,INR,Negotiation,75,Referral,Neha Joshi,2026-09-10,2026-12-07,
D50758,Meridian - Pilot,C10869,Meridian Pharma Pvt Ltd,1095300.0,INR,Closed Won,100,Website,Ayesha Khan,2024-12-24,2025-01-25,
D50759,Aurora - Analytics setup,C10727,Aurora Labs Solutions,67800.0,INR,Closed Won,100,Referral,Neha Joshi,2026-06-29,2026-07-23,
D50760,Vertex - Pilot,C10167,Vertex Retail Industries,400900.0,INR,Proposal,50,Events,Vikram Rao,2026-07-19,2026-09-30,
D50761,Aurora - Annual plan,C10059,Aurora Learning LLP,175100.0,INR,Closed Won,100,Website,Arjun Mehta,2025-04-24,2025-06-30,
D50762,Orbit - Expansion,C10184,Orbit Realty Group,76300.0,INR,Closed Won,100,LinkedIn,Vikram Rao,2025-03-03,2025-06-27,
D50763,Orbit - Expansion,C10586,Orbit Textiles Pvt Ltd,332900.0,INR,Negotiation,75,Referral,Vikram Rao,2025-12-26,2026-02-12,
D50764,Zenith - Analytics setup,C10789,Zenith Retail Group,164900.0,INR,Closed Won,100,Cold Outreach,Ayesha Khan,2025-11-18,2025-12-15,
D50765,Saffron - Renewal,C10044,Saffron Analytics Group,99100.0,INR,Closed Won,100,LinkedIn,Sneha Iyer,2025-07-25,2025-10-05,
D50766,Zenith - Expansion,C10895,Zenith Health Pvt Ltd,213600.0,INR,Prospecting,10,Events,Vikram Rao,2025-03-31,2025-06-22,
D50767,Monsoon - Pilot,C10293,Monsoon Tech Solutions,263800.0,INR,Negotiation,75,Paid Ads,Arjun Mehta,2026-07-16,2026-10-10,
D50768,Aurora - Annual plan,C10814,Aurora Finserv Group,79000.0,INR,Closed Won,100,Referral,Sneha Iyer,2025-08-25,2025-11-06,
D50769,Coral - Renewal,C10523,Coral Pharma Pvt Ltd,68500.0,INR,Closed Won,100,Website,Rohit Kulkarni,2025-07-31,2025-09-16,
D50770,Meridian - Annual plan,C10178,Meridian Finserv Ltd,211800.0,INR,Proposal,50,Cold Outreach,Sneha Iyer,2025-03-13,2025-06-06,
D50771,Indus - Analytics setup,C10565,Indus Ventures Pvt Ltd,97200.0,INR,Closed Won,100,Website,Neha Joshi,2025-04-10,2025-05-22,
D50772,Trident - Analytics setup,C10509,Trident Ventures Ltd,103800.0,INR,Negotiation,75,Referral,Arjun Mehta,2026-09-28,2027-01-21,
D50773,Indus - Pilot,C10984,Indus Ventures Pvt Ltd,82400.0,INR,Closed Won,100,Website,Priya Nair,2026-01-17,2026-03-21,
D50774,Banyan - Consulting,C10094,Banyan Hospitality Solutions,370200.0,INR,Negotiation,75,Events,Rohit Kulkarni,2026-07-31,2026-11-10,
D50775,Pinnacle - Analytics setup,C11003,Pinnacle Labs Group,114900.0,INR,Closed Won,100,Events,Neha Joshi,2025-07-12,2025-11-05,
D50776,Orbit - Renewal,C10220,Orbit Labs LLP,152100.0,INR,Closed Won,100,Referral,Farhan Shaikh,2026-03-06,2026-04-11,
D50777,Silverline - Pilot,C10208,Silverline Realty LLP,448500.0,INR,Prospecting,10,Paid Ads,Neha Joshi,2026-09-28,2026-11-12,
D50778,Nova - Consulting,C11151,Nova Tech LLP,,INR,Closed Won,100,Cold Outreach,Farhan Shaikh,2025-09-28,2025-11-10,
D50779,Sahyadri - Expansion,C10998,Sahyadri Tech Pvt Ltd,112800.0,INR,Closed Won,100,Paid Ads,Ayesha Khan,2026-01-22,2026-03-29,
D50780,Kestrel - Renewal,C10422,Kestrel Textiles Ltd,254200.0,INR,Negotiation,75,Events,Sneha Iyer,2026-07-29,2026-10-15,
D50781,Banyan - Annual plan,C10760,Banyan Textiles Pvt Ltd,1406700.0,INR,Closed Won,100,Events,Arjun Mehta,2026-04-09,2026-08-01,
D50782,Monsoon - Annual plan,C10290,Monsoon Tech Ltd,159700.0,INR,Negotiation,75,Website,Farhan Shaikh,2026-09-30,2026-12-03,
D50783,Monsoon - Analytics setup,C10071,Monsoon Motors Solutions,113400.0,INR,Closed Won,100,LinkedIn,Ayesha Khan,2026-02-14,2026-05-17,
D50784,Pinnacle - Expansion,C11003,Pinnacle Labs Group,69500.0,INR,Closed Won,100,Events,Neha Joshi,2025-06-16,2025-07-21,
D50785,Harbor - Consulting,C10054,Harbor Pharma LLP,140200.0,INR,Closed Won,100,LinkedIn,Farhan Shaikh,2026-04-13,2026-07-23,
D50786,Zenith - Consulting,C10265,Zenith Retail Solutions,423100.0,INR,Closed Won,100,Website,Sneha Iyer,2026-02-03,2026-05-15,
D50787,Zenith - Expansion,C10051,Zenith Textiles Industries,62200.0,INR,Closed Won,100,Website,Vikram Rao,2025-12-07,2026-03-03,
D50788,Harbor - Annual plan,C10765,Harbor Retail Ltd,556200.0,INR,Closed Won,100,Cold Outreach,Ayesha Khan,2026-04-26,2026-06-24,
D50789,Aurora - Expansion,C10316,Aurora Foods Solutions,,INR,Closed Won,100,Website,Priya Nair,2026-04-03,2026-06-08,
D50790,Pinnacle - Analytics setup,C11003,Pinnacle Labs Group,358200.0,INR,Closed Won,100,Events,Neha Joshi,2025-05-03,2025-08-09,
D50791,Monsoon - Consulting,C11158,Monsoon Tech Ltd,37500.0,INR,Closed Won,100,Events,Priya Nair,2025-08-09,2025-10-05,
D50792,Cedar - Analytics setup,C10856,Cedar Analytics Ltd,759000.0,INR,Closed Won,100,LinkedIn,Ayesha Khan,2026-06-03,2026-09-16,
D50793,Saffron - Renewal,C11188,Saffron Realty Industries,192100.0,INR,Closed Won,100,Referral,Neha Joshi,2025-03-29,2025-04-29,
D50794,Saffron - Pilot,C10967,Saffron Analytics Ltd,115600.0,INR,Negotiation,75,Paid Ads,Farhan Shaikh,2026-09-03,2026-11-26,
D50795,Sahyadri - Pilot,C11152,Sahyadri Motors Industries,119000.0,INR,Negotiation,75,Referral,Vikram Rao,2026-07-14,2026-08-23,
D50796,Aurora - Annual plan,C10862,Aurora Retail Ltd,168800.0,INR,Closed Won,100,LinkedIn,Sneha Iyer,2026-03-25,2026-04-22,
D50797,Monsoon - Pilot,C11013,Monsoon Finserv Pvt Ltd,52600.0,INR,Closed Won,100,Events,Priya Nair,2025-08-02,2025-09-25,
D50798,Banyan - Renewal,C10191,Banyan Analytics Solutions,438300.0,INR,Closed Won,100,LinkedIn,Rohit Kulkarni,2024-12-11,2025-03-25,
D50799,Zenith - Annual plan,C10187,Zenith Retail Solutions,210700.0,INR,Closed Won,100,LinkedIn,Priya Nair,2024-12-06,2025-03-05,
D50800,Trident - Expansion,C10615,Trident Foods LLP,307900.0,INR,Qualification,25,Referral,Ayesha Khan,2025-11-09,2026-02-07,
D50801,Coral - Renewal,C10697,Coral Retail Pvt Ltd,188400.0,INR,Closed Won,100,Website,Ayesha Khan,2025-04-15,2025-05-28,
D50802,Indus - Expansion,C11032,Indus Logistics Group,45400.0,INR,Closed Won,100,Cold Outreach,Priya Nair,2026-01-11,2026-02-10,
D50803,Peacock - Analytics setup,C10224,Peacock Textiles Pvt Ltd,781400.0,INR,Closed Won,100,Events,Neha Joshi,2026-02-21,2026-06-05,
D50804,Zenith - Renewal,C10475,Zenith Motors Solutions,261000.0,INR,Closed Won,100,Cold Outreach,Vikram Rao,2025-01-10,2025-02-23,
D50805,Saffron - Consulting,C11147,Saffron Retail Solutions,24700.0,INR,Closed Won,100,Paid Ads,Neha Joshi,2025-09-29,2025-12-08,
D50806,Everest - Analytics setup,C10889,Everest Logistics Solutions,391000.0,INR,Closed Won,100,Website,Farhan Shaikh,2025-04-04,2025-05-31,
D50807,Quantum - Analytics setup,C10397,Quantum Foods Pvt Ltd,445900.0,INR,Negotiation,75,Website,Priya Nair,2025-01-09,2025-02-13,
D50808,Cedar - Pilot,C11041,Cedar Realty Group,209600.0,INR,Qualification,25,Cold Outreach,Ayesha Khan,2026-09-04,2026-10-27,
D50809,Lumen - Expansion,C10333,Lumen Labs Industries,173300.0,INR,Closed Won,100,Paid Ads,Ayesha Khan,2026-04-19,2026-08-13,
D50810,Meridian - Expansion,C10869,Meridian Pharma Pvt Ltd,166600.0,INR,Closed Won,100,Website,Ayesha Khan,2025-03-25,2025-06-15,
D50811,Monsoon - Analytics setup,C10917,Monsoon Textiles Industries,391900.0,INR,Closed Won,100,Website,Sneha Iyer,2025-03-05,2025-06-11,
D50812,Indus - Analytics setup,C10581,Indus Ventures Pvt Ltd,90300.0,INR,Closed Won,100,Paid Ads,Neha Joshi,2025-11-07,2026-01-08,
D50813,Peacock - Expansion,C10590,Peacock Analytics LLP,655000.0,INR,Closed Won,100,LinkedIn,Ayesha Khan,2025-11-12,2026-01-27,
D50814,Lumen - Expansion,C10747,Lumen Finserv Pvt Ltd,170300.0,INR,Closed Won,100,LinkedIn,Rohit Kulkarni,2026-05-15,2026-07-17,
D50815,Monsoon - Consulting,C11037,Monsoon Tech Group,,INR,Closed Won,100,Referral,Neha Joshi,2026-04-20,2026-07-11,
D50816,Aurora - Renewal,C10244,Aurora Retail LLP,-120900.0,INR,Proposal,50,LinkedIn,Farhan Shaikh,2026-09-17,2026-10-19,
D50817,Indus - Analytics setup,C11048,Indus Hospitality Solutions,120500.0,INR,Closed Won,100,Website,Neha Joshi,2025-04-24,2025-06-14,
D50818,Lumen - Consulting,C10833,Lumen Tech Industries,234900.0,INR,Closed Won,100,Paid Ads,Vikram Rao,2025-12-19,2026-03-13,
D50819,Pinnacle - Renewal,C10349,Pinnacle Health Solutions,197500.0,INR,Closed Won,100,Cold Outreach,Farhan Shaikh,2025-02-08,2025-03-25,
D50820,Saffron - Pilot,C10538,Saffron Tech Ltd,114200.0,INR,Prospecting,10,Cold Outreach,Priya Nair,2025-07-05,2025-08-07,
D50821,Zenith - Pilot,C10768,Zenith Hospitality LLP,364800.0,INR,Proposal,50,Website,Neha Joshi,2026-09-18,2026-12-22,
D50822,Coral - Renewal,C11045,Coral Retail Pvt Ltd,194100.0,INR,Qualification,25,Website,Vikram Rao,2026-09-27,2026-11-13,
D50823,Pinnacle - Pilot,C11169,Pinnacle Analytics Pvt Ltd,179700.0,INR,Closed Won,100,LinkedIn,Vikram Rao,2024-12-19,2025-01-28,
D50824,Vertex - Annual plan,C10732,Vertex Motors Industries,183500.0,INR,Closed-Won,100,Referral,Rohit Kulkarni,2025-10-20,2025-12-10,
D50825,Saffron - Consulting,C10698,Saffron Tech Industries,164400.0,INR,Closed Won,100,Website,Farhan Shaikh,2025-03-29,2025-07-02,
D50826,Banyan - Annual plan,C10191,Banyan Analytics Solutions,86700.0,INR,Closed Won,100,LinkedIn,Rohit Kulkarni,2024-11-05,2025-01-19,
D50827,Granite - Expansion,C10195,Granite Motors LLP,193600.0,INR,Negotiation,75,Website,Neha Joshi,2026-09-08,2026-10-18,
D50828,Cedar - Analytics setup,C10608,Cedar Pharma LLP,687600.0,INR,Closed Won,100,LinkedIn,Arjun Mehta,2024-12-28,2025-02-05,
D50829,Nova - Renewal,C11151,Nova Tech LLP,133800.0,INR,Closed Won,100,Cold Outreach,Farhan Shaikh,2025-06-21,2025-07-31,
D50830,Saffron - Annual plan,C10254,Saffron Analytics Group,160500.0,INR,Qualification,25,LinkedIn,Ayesha Khan,2026-09-30,2026-12-11,
D50831,Everest - Analytics setup,C11137,Everest Foods LLP,125800.0,INR,Closed Won,100,Cold Outreach,Sneha Iyer,2026-01-14,2025-11-19,
D50832,Orbit - Analytics setup,C10528,Orbit Foods Pvt Ltd,78600.0,INR,Closed Won,100,Paid Ads,Arjun Mehta,2025-04-23,2025-05-24,
D50833,Banyan - Annual plan,C10809,Banyan Labs Pvt Ltd,90500.0,INR,Closed Won,100,Paid Ads,Farhan Shaikh,2025-09-28,2025-12-19,
D50834,Pinnacle - Renewal,C10781,Pinnacle Realty Group,153600.0,INR,Closed Lost,0,LinkedIn,Vikram Rao,2026-04-01,2026-05-16,Timing
D50835,Sahyadri - Pilot,C10033,Sahyadri Finserv Solutions,79400.0,INR,Closed Won,100,LinkedIn,Sneha Iyer,2024-12-19,2025-01-31,
D50836,Trident - Consulting,C10544,Trident Analytics Group,186600.0,INR,Closed Won,100,Website,Vikram Rao,2025-04-22,2025-08-12,
D50837,Saffron - Analytics setup,C10519,Saffron Analytics Ltd,-39200.0,INR,Closed Lost,0,Cold Outreach,Rohit Kulkarni,2025-01-23,2025-04-12,Timing
D50838,Coral - Expansion,C10697,Coral Retail Pvt Ltd,180200.0,INR,Closed Lost,0,Website,Ayesha Khan,2025-04-06,2025-05-08,Went with competitor
D50839,Peacock - Annual plan,C10368,Peacock Pharma Solutions,741400.0,INR,Closed Won,100,LinkedIn,Ayesha Khan,2026-01-15,2026-02-28,
D50840,Cedar - Annual plan,C10576,Cedar Tech Group,312000.0,INR,Closed Won,100,Website,Sneha Iyer,2025-03-20,2025-06-10,
D50841,Banyan - Renewal,C10977,Banyan Analytics LLP,,INR,Won,75,Referral,Neha Joshi,2026-09-06,2026-10-18,
D50842,Sahyadri - Pilot,C10808,Sahyadri Health Group,92500.0,INR,Prospecting,10,LinkedIn,Farhan Shaikh,2026-04-20,2026-06-25,
D50843,Lumen - Pilot,C10911,Lumen Analytics Solutions,,INR,Closed Won,100,Website,Farhan Shaikh,2025-05-24,2025-07-12,
D50844,Sahyadri - Expansion,C10571,Sahyadri Pharma Industries,127100.0,INR,Closed Won,100,Cold Outreach,Farhan Shaikh,2025-01-29,2025-03-17,
D50845,Harbor - Expansion,C10890,Harbor Tech Group,73100.0,INR,Closed Lost,0,Referral,Vikram Rao,2026-02-06,2026-04-14,Timing
D50846,Everest - Renewal,C93481,Everest Tech Group,127000.0,INR,Closed Won,100,Events,Sneha Iyer,2025-09-24,2025-12-24,
D50847,Saffron - Renewal,C10880,Saffron Realty Industries,164300.0,INR,Closed Lost,0,LinkedIn,Farhan Shaikh,2025-12-01,2026-03-02,Timing
D50848,Quantum - Renewal,C10648,Quantum Finserv Solutions,1064500.0,INR,Closed Won,100,Website,Farhan Shaikh,2025-06-29,2025-10-12,
D50849,Indus - Renewal,C11032,Indus Logistics Group,546800.0,INR,Closed Won,100,Cold Outreach,Priya Nair,2026-03-14,2026-05-13,
D50850,Peacock - Analytics setup,C11189,Peacock Textiles Pvt Ltd,528200.0,INR,Closed Won,100,LinkedIn,Neha Joshi,2025-08-07,2025-10-22,
D50851,Quantum - Analytics setup,C10060,Quantum Learning Group,308700.0,INR,Closed Won,100,Events,Neha Joshi,2025-12-21,2026-03-30,
D50852,Silverline - Expansion,C10291,Silverline Tech LLP,189200.0,INR,Closed Won,100,Referral,Priya Nair,2026-03-30,2026-05-23,
D50853,Kestrel - Expansion,C10543,Kestrel Pharma LLP,434300.0,INR,Closed Won,100,Website,Farhan Shaikh,2025-11-27,2026-03-13,
D50854,Orbit - Annual plan,C11164,Orbit Retail Industries,215800.0,INR,Proposal,50,Website,Vikram Rao,2026-08-02,2026-11-18,
D50855,Saffron - Consulting,C10769,Saffron Analytics Group,1546700.0,INR,Qualification,25,Cold Outreach,Neha Joshi,2026-09-16,2026-10-08,
D50856,Blue - Consulting,C10308,Blue Lotus Hospitality LLP,447900.0,INR,Closed Won,100,Paid Ads,Priya Nair,2025-08-13,2025-11-07,
D50857,Nova - Renewal,C10194,Nova Analytics LLP,226800.0,INR,Qualification,25,LinkedIn,Arjun Mehta,2026-09-06,2026-11-30,
D50858,Meridian - Pilot,C10553,Meridian Motors Group,54400.0,INR,Closed Won,100,Cold Outreach,Farhan Shaikh,2025-11-23,2026-01-05,
D50859,Blue - Renewal,C11096,Blue Lotus Foods Pvt Ltd,66800.0,INR,Prospecting,10,Referral,Farhan Shaikh,2025-02-18,2025-04-05,
D50860,Coral - Expansion,C11045,Coral Retail Pvt Ltd,101200.0,INR,Qualification,25,Website,Vikram Rao,2026-09-04,2026-12-10,
D50861,Apex - Expansion,C11130,Apex Textiles Ltd,90400.0,INR,Prospecting,10,LinkedIn,Sneha Iyer,2026-07-30,2026-08-23,
D50862,Indus - Annual plan,C10666,Indus Textiles Pvt Ltd,164700.0,INR,Negotiation,75,Cold Outreach,Rohit Kulkarni,2025-06-07,2025-04-06,
D50863,Apex - Renewal,C10221,Apex Logistics Solutions,270100.0,INR,Closed Won,100,LinkedIn,Priya Nair,2025-06-30,2025-06-22,
D50864,Meridian - Pilot,C10547,Meridian Motors Solutions,125000.0,INR,Closed Won,100,Referral,Ayesha Khan,2025-06-16,2025-09-17,
D50865,Cedar - Pilot,C10252,Cedar Realty Group,379100.0,INR,Negotiation,75,Cold Outreach,Sneha Iyer,2026-09-20,2026-11-09,
D50866,Orbit - Pilot,C10528,Orbit Foods Pvt Ltd,,INR,Closed Won,100,Paid Ads,Arjun Mehta,2025-05-17,2025-06-10,
D50867,Lumen - Consulting,C10404,Lumen Motors Pvt Ltd,262500.0,INR,Closed Won,100,Cold Outreach,Arjun Mehta,2025-07-04,2025-10-31,
D50868,Granite - Renewal,C10036,Granite Tech Group,130800.0,INR,Closed Won,100,Events,Vikram Rao,2025-06-19,2025-08-29,
D50869,Quantum - Analytics setup,C10324,Quantum Tech Pvt Ltd,89000.0,INR,Closed Won,100,Referral,Vikram Rao,2025-10-10,2026-02-06,
D50870,Meridian - Expansion,C10066,Meridian Tech Group,327600.0,INR,Negotiation,75,Website,Farhan Shaikh,2026-08-08,2026-10-11,
D50871,Saffron - Renewal,C10155,Saffron Tech Ltd,219900.0,INR,Prospecting,10,LinkedIn,Priya Nair,2026-08-23,2026-11-09,
D50872,Silverline - Expansion,C10885,Silverline Ventures Industries,,INR,Negotiation,75,Website,Sneha Iyer,2026-07-11,2026-10-28,
D50873,Zenith - Annual plan,C11106,Zenith Tech Solutions,,INR,Negotiation,75,LinkedIn,Ayesha Khan,2026-07-15,2026-09-24,
D50874,Nova - Consulting,C11011,Nova Analytics LLP,355800.0,INR,Closed Won,100,LinkedIn,Neha Joshi,2025-08-17,2025-09-09,
D50875,Blue - Pilot,C10859,Blue Lotus Foods Pvt Ltd,1045000.0,INR,Closed Won,100,Referral,Neha Joshi,2025-06-08,2025-07-25,
D50876,Cedar - Annual plan,C10286,Cedar Learning Pvt Ltd,129400.0,INR,Closed Won,100,Cold Outreach,Ayesha Khan,2024-12-31,2025-04-13,
D50877,Nova - Expansion,C10194,Nova Analytics LLP,64900.0,INR,Proposal,50,LinkedIn,Arjun Mehta,2026-09-15,2026-11-12,
D50878,Orbit - Analytics setup,C10177,Orbit Tech Ltd,919400.0,INR,Qualification,25,Cold Outreach,Farhan Shaikh,2026-03-24,2026-07-09,
D50879,Indus - Analytics setup,C10531,Indus Finserv Group,72100.0,INR,Closed Won,100,Website,Ayesha Khan,2026-03-21,2026-05-15,
D50880,Monsoon - Analytics setup,C11134,Monsoon Labs Solutions,473100.0,INR,Prospecting,10,LinkedIn,Sneha Iyer,2026-09-18,2026-12-18,
D50881,Aurora - Pilot,C10582,Aurora Retail Solutions,65800.0,INR,Qualification,25,Cold Outreach,Rohit Kulkarni,2026-07-10,2026-10-13,
D50882,Saffron - Expansion,C10823,Saffron Logistics Industries,140400.0,INR,Qualification,25,Referral,Vikram Rao,2026-07-24,2026-11-10,
D50883,Coral - Pilot,C10704,Coral Tech Pvt Ltd,118300.0,INR,Qualification,25,Referral,Neha Joshi,2025-09-25,2025-11-06,
D50884,Sahyadri - Pilot,C10522,Sahyadri Ventures LLP,210700.0,INR,Closed Lost,0,LinkedIn,Sneha Iyer,2025-10-12,2025-12-12,No budget
D50885,Banyan - Expansion,C11149,Banyan Ventures Industries,55400.0,INR,Closed Won,100,Events,Rohit Kulkarni,2026-02-23,2026-06-17,
D50886,Monsoon - Expansion,C10893,Monsoon Labs Solutions,177400.0,INR,Proposal,50,Website,Neha Joshi,2025-05-11,2025-07-04,
D50887,Apex - Annual plan,C10304,Apex Realty LLP,193100.0,INR,Prospecting,10,Cold Outreach,Priya Nair,2025-03-19,2025-04-11,
D50888,Trident - Expansion,C11031,Trident Finserv Solutions,234200.0,INR,Closed Won,100,LinkedIn,Rohit Kulkarni,2025-07-11,2025-10-06,
D50889,Cedar - Expansion,C10810,Cedar Textiles Solutions,430100.0,INR,Proposal,50,LinkedIn,Ayesha Khan,2026-07-31,2026-09-19,
D50890,Granite - Annual plan,C11198,Granite Foods Group,53400.0,INR,Closed Won,100,Website,Priya Nair,2025-03-22,2025-06-28,
D50891,Pinnacle - Renewal,C10314,Pinnacle Motors Pvt Ltd,96400.0,INR,Qualification,25,Website,Vikram Rao,2026-08-05,2026-09-02,
D50892,Cedar - Analytics setup,C10028,Cedar Learning Ltd,680600.0,INR,Closed Won,100,LinkedIn,Farhan Shaikh,2026-01-17,2026-05-16,
D50893,Nova - Consulting,C10194,Nova Analytics LLP,408600.0,INR,Proposal,50,LinkedIn,Arjun Mehta,2026-10-01,2026-10-28,
D50894,Indus - Pilot,C11032,Indus Logistics Group,618800.0,INR,Closed Won,100,Cold Outreach,Priya Nair,2025-12-21,2026-03-05,
D50895,Kestrel - Pilot,C10014,Kestrel Analytics Pvt Ltd,535700.0,INR,Closed Won,100,LinkedIn,Sneha Iyer,2025-07-23,2025-09-22,
D50896,Everest - Renewal,C10591,Everest Tech Group,788000.0,INR,Closed Won,100,Events,Sneha Iyer,2025-10-14,2025-11-21,
D50897,Harbor - Annual plan,C10156,Harbor Health Pvt Ltd,138300.0,INR,Closed Won,100,Cold Outreach,Sneha Iyer,2026-02-20,2026-03-30,
D50898,Monsoon - Analytics setup,C10290,Monsoon Tech Ltd,153700.0,INR,Proposal,50,Website,Farhan Shaikh,2026-09-30,2026-11-15,
D50899,Banyan - Consulting,C10322,Banyan Foods Solutions,116800.0,INR,Closed Won,100,Website,Priya Nair,2026-03-07,2026-03-27,
D50900,Granite - Expansion,C10016,Granite Learning Solutions,147200.0,INR,Closed Won,100,LinkedIn,Rohit Kulkarni,2025-10-09,2026-01-27,
D50901,Kestrel - Annual plan,C10677,Kestrel Pharma Pvt Ltd,,INR,Proposal,50,Website,Neha Joshi,2026-09-25,2026-12-20,
D50902,Harbor - Renewal,C10078,Harbor Tech Group,211600.0,INR,Closed Won,100,Website,Ayesha Khan,2025-05-24,2025-08-16,
D50903,Banyan - Analytics setup,C10953,Banyan Retail Pvt Ltd,1583000.0,INR,Proposal,50,Website,Priya Nair,2026-09-17,2026-11-02,
D50904,Lumen - Analytics setup,C10830,Lumen Finserv Pvt Ltd,242600.0,INR,Closed Won,100,LinkedIn,Sneha Iyer,2026-01-19,2026-04-28,
D50905,Sahyadri - Annual plan,C10033,Sahyadri Finserv Solutions,49500.0,INR,Closed Won,100,LinkedIn,Sneha Iyer,2025-03-05,2025-06-14,
D50906,Zenith - Renewal,C10399,Zenith Hospitality LLP,36900.0,INR,Closed Won,100,Paid Ads,Arjun Mehta,2025-10-26,2026-01-16,
D50907,Peacock - Renewal,C10091,Peacock Analytics LLP,167300.0,INR,Won,100,LinkedIn,Sneha Iyer,2025-05-12,2025-06-03,
D50908,Peacock - Pilot,C10365,Peacock Realty Solutions,789500.0,INR,Closed Won,100,LinkedIn,Vikram Rao,2026-03-13,2026-06-07,
D50909,Pinnacle - Pilot,C10781,Pinnacle Realty Group,188200.0,INR,Closed Won,100,LinkedIn,Vikram Rao,2026-03-29,2026-06-09,
D50910,Banyan - Consulting,C10446,Banyan Motors LLP,107400.0,INR,Closed Won,100,Cold Outreach,Rohit Kulkarni,2026-06-17,2026-09-04,
D50911,Saffron - Renewal,C91848,Saffron Analytics Ltd,82800.0,INR,Closed Won,100,Website,Priya Nair,2025-06-22,2025-08-23,
D50912,Zenith - Annual plan,C11051,Zenith Motors Solutions,41000.0,INR,Closed Lost,0,LinkedIn,Ayesha Khan,2026-07-02,2026-08-04,Timing
D50913,Granite - Annual plan,C10303,Granite Realty Group,285200.0,INR,Closed Won,100,Website,Neha Joshi,2025-09-17,2025-12-17,
D50914,Aurora - Expansion,C10555,Aurora Labs Solutions,633600.0,INR,Closed Won,100,Events,Arjun Mehta,2026-06-02,2026-07-11,
D50915,Blue - Renewal,C10434,Blue Lotus Motors Pvt Ltd,226500.0,INR,Closed Won,100,LinkedIn,Arjun Mehta,2024-12-01,2025-01-22,
D50916,Coral - Renewal,C10513,Coral Analytics Group,216700.0,INR,Proposal,50,Cold Outreach,Rohit Kulkarni,2026-08-12,2026-11-08,
D50917,Coral - Pilot,C10513,Coral Analytics Group,118000.0,INR,Proposal,50,Cold Outreach,Rohit Kulkarni,2026-09-24,2027-01-11,
D50918,Pinnacle - Renewal,C10535,Pinnacle Realty LLP,178100.0,INR,Closed Won,100,Referral,Farhan Shaikh,2025-10-08,2026-01-02,
D50919,Aurora - Pilot,C10689,Aurora Labs Pvt Ltd,,INR,Closed Won,100,Cold Outreach,Vikram Rao,2025-05-11,2025-08-21,
D50920,Banyan - Analytics setup,C10415,Banyan Foods Solutions,236800.0,INR,Prospecting,10,Paid Ads,Arjun Mehta,2026-07-18,2026-11-09,
D50921,Nova - Pilot,C10649,Nova Logistics Ltd,468600.0,INR,Closed Won,100,Referral,Vikram Rao,2025-08-30,2025-11-05,
D50922,Lumen - Pilot,C10077,Lumen Pharma Group,479000.0,INR,Closed Won,100,Referral,Vikram Rao,2025-06-11,2025-09-28,
D50923,Nova - Expansion,C10534,Nova Finserv LLP,549600.0,INR,Closed Won,100,LinkedIn,Priya Nair,2025-08-22,2025-10-08,
D50924,Saffron - Annual plan,C10155,Saffron Tech Ltd,155700.0,INR,Closed Won,100,LinkedIn,Priya Nair,2026-06-30,2026-09-30,
D50925,Nova - Annual plan,C10279,Nova Logistics Industries,62300.0,INR,Closed Won,100,Website,Sneha Iyer,2026-03-01,2026-05-22,
D50926,Saffron - Expansion,C10153,Saffron Tech Industries,79800.0,INR,Closed Won,100,Cold Outreach,Neha Joshi,2025-03-15,2025-05-19,
D50927,Silverline - Annual plan,C10208,Silverline Realty LLP,57100.0,INR,closed won,50,Paid Ads,Neha Joshi,2026-08-16,2026-10-28,
D50928,Quantum - Annual plan,C10192,Quantum Learning Group,462000.0,INR,Proposal,50,Referral,Ayesha Khan,2026-09-13,2026-10-18,
D50929,Peacock - Pilot,C10365,Peacock Realty Solutions,194000.0,INR,Closed Won,100,LinkedIn,Vikram Rao,2025-12-23,2026-03-16,
D50930,Pinnacle - Expansion,C11003,Pinnacle Labs Group,92500.0,INR,Closed Won,100,Events,Neha Joshi,2025-07-07,2025-10-08,
D50931,Meridian - Analytics setup,C10731,Meridian Ventures Industries,161700.0,INR,Closed Won,100,Cold Outreach,Rohit Kulkarni,2026-06-27,2026-08-30,
D50932,Kestrel - Analytics setup,C10448,Kestrel Foods Group,209300.0,INR,Negotiation,75,Referral,Arjun Mehta,2025-01-25,2025-03-27,
D50933,Blue - Renewal,C10500,Blue Lotus Analytics Ltd,138300.0,INR,Closed Won,100,Referral,Farhan Shaikh,2025-07-11,2025-09-07,
D50934,Peacock - Expansion,C10326,Peacock Analytics Group,49400.0,INR,Qualification,25,Referral,Farhan Shaikh,2026-08-26,2026-11-29,
D50935,Sahyadri - Pilot,C10968,Sahyadri Motors Industries,545400.0,INR,Closed Won,100,LinkedIn,Vikram Rao,2025-02-19,2025-05-04,
D50936,Aurora - Analytics setup,C10955,Aurora Retail Solutions,88500.0,INR,Closed Won,100,Website,Ayesha Khan,2025-04-26,2025-05-25,
D50937,Coral - Consulting,C10022,Coral Motors Group,113100.0,INR,Qualification,25,LinkedIn,Neha Joshi,2026-09-14,2026-12-02,
D50938,Cedar - Consulting,C10388,Cedar Motors Pvt Ltd,79300.0,INR,Closed Won,100,Website,Vikram Rao,2025-07-28,2025-10-15,
D50939,Harbor - Annual plan,C10078,Harbor Tech Group,317600.0,INR,Closed Lost,0,Website,Ayesha Khan,2025-06-03,2025-06-23,Timing
D50940,Monsoon - Consulting,C10125,Monsoon Motors Solutions,294100.0,INR,Qualification,25,LinkedIn,Priya Nair,2026-07-24,2026-10-13,
D50941,Lumen - Expansion,C10533,Lumen Retail Group,226300.0,INR,Prospecting,10,Referral,Arjun Mehta,2026-06-03,2026-08-31,
D50942,Pinnacle - Annual plan,C10319,Pinnacle Foods Group,148400.0,INR,Closed Won,100,Website,Ayesha Khan,2026-06-29,2026-09-21,
D50943,Meridian - Analytics setup,C10100,Meridian Foods Industries,118500.0,INR,Closed Won,100,Website,Rohit Kulkarni,2026-02-06,2026-03-27,
D50944,Kestrel - Pilot,C10488,Kestrel Tech LLP,785900.0,INR,Closed Won,100,Referral,Sneha Iyer,2026-02-21,2026-06-17,
D50945,Granite - Analytics setup,C10685,Granite Logistics LLP,122000.0,INR,Closed Won,100,Referral,Rohit Kulkarni,2025-10-19,2026-02-11,
D50946,Sahyadri - Analytics setup,C10372,Sahyadri Motors Industries,177200.0,INR,Closed Won,100,Website,Vikram Rao,2025-11-24,2025-12-16,
D50947,Aurora - Pilot,C10555,Aurora Labs Solutions,403000.0,INR,Prospecting,10,Events,Arjun Mehta,2026-08-31,2026-10-16,
D50948,Meridian - Consulting,C10409,Meridian Tech Group,237600.0,INR,Closed Won,100,Cold Outreach,Rohit Kulkarni,2025-04-24,2025-08-11,
D50949,Indus - Annual plan,C11170,Indus Textiles Group,176900.0,INR,Closed Won,100,Events,Priya Nair,2025-02-23,2025-05-06,
D50950,Silverline - Consulting,C10467,Silverline Finserv LLP,120200.0,INR,Proposal,50,Cold Outreach,Vikram Rao,2025-07-12,2025-08-21,
D50951,Aurora - Consulting,C10862,Aurora Retail Ltd,189300.0,INR,Closed Won,100,LinkedIn,Sneha Iyer,2026-01-25,2026-02-20,
D50952,Apex - Consulting,C10720,Apex Hospitality Industries,316900.0,INR,Closed Won,100,Referral,Rohit Kulkarni,2025-03-14,2025-05-30,
D50953,Apex - Expansion,C10584,Apex Finserv Industries,480900.0,INR,Qualification,25,LinkedIn,Arjun Mehta,2026-07-21,2026-10-13,
D50954,Silverline - Renewal,C10908,Silverline Realty LLP,83200.0,INR,Closed Won,100,Paid Ads,Arjun Mehta,2025-12-04,2026-01-27,
D50955,Silverline - Annual plan,C10383,Silverline Realty LLP,272100.0,INR,Closed Won,100,Referral,Neha Joshi,2025-12-07,2026-03-03,
D50956,Saffron - Renewal,C10739,Saffron Retail Solutions,298900.0,INR,Closed Won,100,Events,Neha Joshi,2025-05-31,2025-08-09,
D50957,Apex - Consulting,C10228,Apex Hospitality Industries,260700.0,INR,Qualification,25,Website,Farhan Shaikh,2026-09-27,2026-12-11,
D50958,Cedar - Expansion,C10480,Cedar Textiles Solutions,68300.0,INR,Won,25,Cold Outreach,Arjun Mehta,2026-08-01,2026-10-26,
D50959,Kestrel - Consulting,C10448,Kestrel Foods Group,153700.0,INR,Closed Won,100,Referral,Arjun Mehta,2024-12-11,2025-03-29,
D50960,Orbit - Annual plan,C10609,Orbit Pharma Industries,348500.0,INR,Proposal,50,LinkedIn,Farhan Shaikh,2025-05-15,2025-09-07,
D50961,Saffron - Analytics setup,C10950,Saffron Analytics Ltd,126300.0,INR,Closed Won,100,Website,Priya Nair,2025-08-22,2025-09-27,
D50962,Everest - Expansion,C10398,Everest Retail Pvt Ltd,201900.0,INR,Closed Won,100,Events,Neha Joshi,2026-01-19,2026-02-18,
D50963,Zenith - Pilot,C10232,Zenith Retail Solutions,91800.0,INR,Closed Won,100,LinkedIn,Priya Nair,2025-10-22,2026-01-13,
D50964,Saffron - Consulting,C10155,Saffron Tech Ltd,136000.0,INR,Closed Won,100,LinkedIn,Priya Nair,2026-05-05,2026-08-29,
D50965,Cedar - Pilot,C11124,Cedar Pharma LLP,278800.0,INR,Negotiation,75,LinkedIn,Ayesha Khan,2026-09-16,2026-12-21,
D50966,Kestrel - Renewal,C10650,Kestrel Logistics Pvt Ltd,167300.0,INR,Closed Lost,0,Website,Farhan Shaikh,2026-05-21,2026-08-13,Went with competitor
D50967,Coral - Expansion,C10724,Coral Analytics Group,958900.0,INR,Closed Won,100,Cold Outreach,Ayesha Khan,2025-07-15,2025-10-18,
D50968,Nova - Consulting,C10723,Nova Retail Group,111800.0,INR,Qualification,25,LinkedIn,Rohit Kulkarni,2026-09-27,2026-11-11,
D50969,Saffron - Pilot,C10472,Saffron Retail Solutions,380600.0,INR,Closed Won,100,Website,Ayesha Khan,2025-11-21,2025-12-27,
D50970,Pinnacle - Expansion,C10743,Pinnacle Analytics Group,173200.0,INR,Closed Won,100,Cold Outreach,Priya Nair,2025-09-19,2026-01-15,
D50971,Banyan - Pilot,C10829,Banyan Labs Pvt Ltd,53300.0,INR,Closed Won,100,LinkedIn,Ayesha Khan,2025-12-06,2026-04-04,
D50972,Zenith - Analytics setup,C10399,Zenith Hospitality LLP,178100.0,INR,Closed Won,100,Paid Ads,Arjun Mehta,2025-08-29,2025-11-17,
D50973,Harbor - Pilot,C10493,Harbor Motors Group,821000.0,INR,Closed Won,100,Website,Arjun Mehta,2026-03-20,2026-04-29,
D50974,Vertex - Annual plan,C11195,Vertex Retail Industries,65700.0,INR,Negotiation,75,Website,Priya Nair,2026-07-17,2026-09-12,
D50975,Cedar - Renewal,C10480,Cedar Textiles Solutions,50100.0,INR,Qualification,25,Cold Outreach,Arjun Mehta,2026-08-02,2026-09-04,
D50976,Nova - Annual plan,C10278,Nova Labs Ltd,656500.0,INR,Negotiation,75,Website,Sneha Iyer,2026-09-15,2026-11-06,
D50977,Kestrel - Expansion,C10139,Kestrel Health Pvt Ltd,282400.0,INR,Closed Won,100,Website,Sneha Iyer,2025-09-22,2025-11-02,
D50978,Blue - Analytics setup,C10106,Blue Lotus Ventures LLP,133400.0,INR,Closed Won,100,Website,Sneha Iyer,2026-02-10,2026-04-03,
D50979,Kestrel - Annual plan,C10417,Kestrel Finserv Solutions,137000.0,INR,Closed Won,100,LinkedIn,Sneha Iyer,2025-07-02,2025-09-11,
D50980,Silverline - Expansion,C10758,Silverline Foods Group,106100.0,INR,Negotiation,75,LinkedIn,Ayesha Khan,2026-09-03,2026-11-18,
D50981,Trident - Annual plan,C10659,Trident Finserv Solutions,723900.0,INR,Prospecting,10,Referral,Rohit Kulkarni,2026-08-29,2026-10-31,
D50982,Pinnacle - Annual plan,C10269,Pinnacle Retail Ltd,134300.0,INR,Closed Won,100,Referral,Arjun Mehta,2025-01-06,2025-03-17,
D50983,Blue - Pilot,C10384,Blue Lotus Labs Industries,659900.0,INR,Closed Won,100,LinkedIn,Neha Joshi,2025-05-15,2025-08-10,
D50984,Apex - Expansion,C10081,Apex Finserv Industries,230400.0,INR,Qualification,25,Cold Outreach,Rohit Kulkarni,2026-09-12,2026-10-11,
D50985,Cedar - Analytics setup,C11124,Cedar Pharma LLP,140100.0,INR,Qualification,25,LinkedIn,Ayesha Khan,2026-09-09,2027-01-02,
D50986,Cedar - Expansion,C10311,Cedar Health Solutions,191600.0,INR,Closed Won,100,Website,Vikram Rao,2025-11-20,2026-02-08,
D50987,Aurora - Annual plan,C10727,Aurora Labs Solutions,124500.0,INR,Negotiation,75,Referral,Neha Joshi,2026-07-24,2026-09-14,
D50988,Zenith - Renewal,C10251,Zenith Hospitality LLP,31100.0,INR,Closed Won,100,Paid Ads,Priya Nair,2025-10-15,2025-11-19,
D50989,Vertex - Renewal,C11109,Vertex Learning Industries,860300.0,INR,Prospecting,10,LinkedIn,Neha Joshi,2026-04-22,2026-05-13,
D50990,Everest - Renewal,C11137,Everest Foods LLP,183400.0,INR,Qualification,25,Cold Outreach,Sneha Iyer,2026-01-11,2026-03-08,
D50991,Kestrel - Renewal,C10815,Kestrel Realty Solutions,320200.0,INR,Closed Won,100,Paid Ads,Ayesha Khan,2026-02-25,2026-04-17,
D50992,Indus - Consulting,C10984,Indus Ventures Pvt Ltd,445300.0,INR,Closed Won,100,Website,Priya Nair,2025-12-22,2026-03-26,
D50993,Meridian - Annual plan,C11184,Meridian Foods Industries,66500.0,INR,Closed Won,100,Events,Rohit Kulkarni,2026-02-07,2026-04-05,
D50994,Cedar - Pilot,C10699,Cedar Motors Pvt Ltd,649600.0,INR,Closed Won,100,Referral,Rohit Kulkarni,2025-11-12,2026-02-06,
D50995,Orbit - Analytics setup,C10894,Orbit Foods Group,302600.0,INR,Closed Won,100,Referral,Priya Nair,2025-04-13,2025-07-30,
D50996,Aurora - Annual plan,C10762,Aurora Logistics Group,337200.0,INR,Proposal,50,Website,Vikram Rao,2026-09-13,2026-10-31,
D50997,Zenith - Renewal,C10895,Zenith Health Pvt Ltd,346900.0,INR,Closed Won,100,Events,Vikram Rao,2025-04-16,2025-07-24,
D50998,Peacock - Annual plan,C10590,Peacock Analytics LLP,321200.0,INR,Closed Won,100,LinkedIn,Ayesha Khan,2025-09-26,2025-11-18,
D50999,Saffron - Pilot,C10307,Saffron Logistics Industries,138300.0,INR,Closed Won,100,Cold Outreach,Neha Joshi,2025-04-02,2025-07-22,
D51000,Saffron - Consulting,C11165,Saffron Tech Ltd,685100.0,INR,Qualification,25,Referral,Vikram Rao,2026-09-07,2026-10-21,
D51001,Silverline - Pilot,C10665,Silverline Foods Group,156300.0,INR,Closed Lost,0,Website,Vikram Rao,2026-05-17,2026-08-14,No response
D51002,Aurora - Analytics setup,C10837,Aurora Hospitality Pvt Ltd,119800.0,INR,Closed Won,100,Cold Outreach,Sneha Iyer,2026-01-18,2026-05-08,
D51003,Coral - Renewal,C10087,Coral Motors Pvt Ltd,818100.0,INR,Closed Won,100,LinkedIn,Arjun Mehta,2025-06-15,2025-08-01,
D51004,Kestrel - Consulting,C10574,Kestrel Health Pvt Ltd,1042200.0,INR,Closed Lost,0,Referral,Ayesha Khan,2025-02-03,2025-04-18,Price
D51005,Kestrel - Expansion,C10454,Kestrel Pharma Solutions,,INR,Closed Won,100,Referral,Neha Joshi,2025-11-01,2026-02-06,
D51006,Saffron - Renewal,C10849,Saffron Tech Ltd,184300.0,INR,Closed Won,100,Referral,Vikram Rao,2026-02-08,2026-05-10,
D51007,Cedar - Renewal,C10690,Cedar Textiles Solutions,500800.0,INR,Closed Won,100,Referral,Farhan Shaikh,2025-10-23,2026-02-16,
D51008,Saffron - Renewal,C10739,Saffron Retail Solutions,679200.0,INR,Closed Won,100,Events,Neha Joshi,2025-05-13,2025-08-12,
D51009,Harbor - Renewal,C10338,Harbor Retail Ltd,48500.0,INR,Prospecting,10,Cold Outreach,Ayesha Khan,2026-01-12,2026-03-28,
D51010,Peacock - Expansion,C11091,Peacock Hospitality Group,120800.0,INR,Qualification,25,Website,Farhan Shaikh,2026-08-17,2026-10-11,
D51011,Orbit - Annual plan,C10667,Orbit Learning Solutions,264200.0,INR,Closed Won,100,Cold Outreach,Sneha Iyer,2026-03-17,2026-05-15,
D51012,Orbit - Annual plan,C10656,Orbit Labs LLP,133100.0,INR,Closed Won,100,Events,Ayesha Khan,2025-12-20,2026-03-03,
D51013,Meridian - Annual plan,C10693,Meridian Ventures Solutions,270400.0,INR,Closed Won,100,Events,Priya Nair,2025-06-05,2025-08-20,
D51014,Nova - Annual plan,C10427,Nova Logistics Ltd,135700.0,INR,Closed Won,100,Cold Outreach,Vikram Rao,2025-04-16,2025-05-30,
D51015,Everest - Analytics setup,C10653,Everest Logistics Solutions,324200.0,INR,Closed Won,100,Cold Outreach,Farhan Shaikh,2025-05-25,2025-06-16,
D51016,Granite - Consulting,C10235,Granite Tech Group,476200.0,INR,Closed Won,100,Events,Rohit Kulkarni,2025-08-10,2025-11-16,
D51017,Monsoon - Expansion,C11158,Monsoon Tech Ltd,145500.0,INR,Closed Won,100,Events,Priya Nair,2025-06-15,2025-10-09,
D51018,Trident - Renewal,C10921,Trident Analytics Pvt Ltd,206900.0,INR,Qualification,25,Referral,Rohit Kulkarni,2026-08-08,2026-07-05,
D51019,Meridian - Annual plan,C10693,Meridian Ventures Solutions,205900.0,INR,Closed Won,100,Events,Priya Nair,2025-06-04,2025-06-29,
D51020,Everest - Expansion,C10076,Everest Foods LLP,221300.0,INR,Closed Won,100,Cold Outreach,Arjun Mehta,2026-05-03,2026-06-04,
D51021,Aurora - Renewal,C11088,Aurora Finserv Group,88900.0,INR,Proposal,50,Website,Sneha Iyer,2026-07-10,2026-09-19,
D51022,Pinnacle - Analytics setup,C11003,Pinnacle Labs Group,247300.0,INR,Closed Won,100,Events,Neha Joshi,2025-08-05,2025-11-06,
D51023,Trident - Renewal,C11031,Trident Finserv Solutions,25700.0,INR,Closed Won,100,LinkedIn,Rohit Kulkarni,2025-05-18,2025-08-20,
D51024,Lumen - Pilot,C11083,Lumen Ventures Industries,164500.0,INR,Closed Lost,0,Website,Ayesha Khan,2025-08-15,2025-11-02,No budget
D51025,Coral - Consulting,C97395,Coral Health Industries,80000.0,INR,Proposal,50,Referral,Sneha Iyer,2025-05-11,2025-07-15,
D51026,Monsoon - Pilot,C10071,Monsoon Motors Solutions,262500.0,INR,Closed Won,100,LinkedIn,Ayesha Khan,2026-02-28,2026-03-20,
D51027,Harbor - Expansion,C10093,Harbor Labs Ltd,183000.0,INR,Closed Won,100,Referral,Vikram Rao,2026-02-02,2026-05-30,
D51028,Meridian - Pilot,C10854,Meridian Tech Group,360100.0,INR,Negotiation,75,Referral,Neha Joshi,2026-09-23,2026-12-02,
D51029,Banyan - Consulting,C10039,Banyan Analytics Ltd,329700.0,INR,Closed Won,100,Events,Ayesha Khan,2025-04-05,2025-04-28,
D51030,Meridian - Annual plan,C11184,Meridian Foods Industries,,INR,Closed Won,100,Events,Rohit Kulkarni,2026-01-25,2026-05-05,
D51031,Banyan - Expansion,C10563,Banyan Motors Ltd,899800.0,INR,Closed Won,100,LinkedIn,Neha Joshi,2025-10-30,2025-08-30,
D51032,Blue - Consulting,C10715,Blue Lotus Analytics Ltd,142100.0,INR,Closed Won,100,Referral,Arjun Mehta,2025-10-25,2026-02-03,
D51033,Meridian - Annual plan,C10271,Meridian Health Group,743300.0,INR,Qualification,25,Referral,Arjun Mehta,2024-11-05,2025-01-09,
D51034,Granite - Expansion,C10206,Granite Learning Solutions,197100.0,INR,Closed Won,100,Paid Ads,Priya Nair,2025-07-31,2025-09-06,
D51035,Saffron - Annual plan,C10880,Saffron Realty Industries,211300.0,INR,Closed Won,100,LinkedIn,Farhan Shaikh,2025-11-04,2025-12-16,
D51036,Meridian - Analytics setup,C10771,Meridian Motors Solutions,124400.0,INR,Closed Won,100,Website,Rohit Kulkarni,2026-02-14,2026-04-15,
D51037,Peacock - Annual plan,C10277,Peacock Labs Industries,62700.0,INR,Closed Won,100,Website,Sneha Iyer,2026-07-01,2026-09-12,
D51038,Monsoon - Consulting,C10453,Monsoon Pharma Ltd,169200.0,INR,Closed Won,100,LinkedIn,Arjun Mehta,2026-02-22,2026-04-15,
D51039,Saffron - Pilot,C10344,Saffron Analytics Ltd,365100.0,INR,Closed Won,100,LinkedIn,Rohit Kulkarni,2025-07-07,2025-11-01,
D51040,Everest - Analytics setup,C10438,Everest Retail Pvt Ltd,199000.0,INR,Closed Lost,0,LinkedIn,Farhan Shaikh,2025-06-07,2025-08-08,No budget
D51041,Orbit - Renewal,C10455,Orbit Motors LLP,165300.0,INR,Closed Won,100,Cold Outreach,Sneha Iyer,2025-10-19,2026-02-01,
D51042,Aurora - Renewal,C92303,Aurora Logistics Solutions,166100.0,INR,Closed Won,100,Referral,Farhan Shaikh,2026-04-14,2026-06-13,
D51043,Granite - Expansion,C10016,Granite Learning Solutions,87200.0,INR,Closed Lost,0,LinkedIn,Rohit Kulkarni,2025-09-23,2025-11-09,No response
D51044,Banyan - Renewal,C10446,Banyan Motors LLP,85700.0,INR,Closed Won,100,Cold Outreach,Rohit Kulkarni,2026-06-17,2026-09-26,
D51045,Everest - Pilot,C11137,Everest Foods LLP,422100.0,INR,Closed Won,100,Cold Outreach,Sneha Iyer,2026-01-04,2026-03-07,
D51046,Silverline - Analytics setup,C10777,Silverline Logistics Pvt Ltd,214000.0,INR,Negotiation,75,Cold Outreach,Ayesha Khan,2026-07-29,2026-09-08,
D51047,Aurora - Expansion,C10955,Aurora Retail Solutions,61800.0,INR,Prospecting,10,Website,Ayesha Khan,2025-04-18,2025-06-23,
D51048,Pinnacle - Annual plan,C98898,Pinnacle Analytics Solutions,110600.0,INR,Closed Won,100,LinkedIn,Sneha Iyer,2025-05-10,2025-06-10,
D51049,Orbit - Consulting,C10974,Orbit Realty Group,365000.0,INR,Closed Won,100,LinkedIn,Rohit Kulkarni,2025-10-15,2026-01-26,
D51050,Nova - Annual plan,C10249,Nova Labs Ltd,207400.0,INR,Closed Won,100,Referral,Priya Nair,2025-11-17,2026-02-08,
D51051,Vertex - Consulting,C10888,Vertex Motors Solutions,123700.0,INR,Closed Won,100,Events,Vikram Rao,2026-03-29,2026-05-15,
D51052,Blue - Annual plan,C10384,Blue Lotus Labs Industries,54000.0,INR,Closed Won,100,LinkedIn,Neha Joshi,2025-04-05,2025-06-11,
D51053,Everest - Expansion,C11002,Everest Pharma Group,142400.0,INR,Proposal,50,Website,Rohit Kulkarni,2026-08-13,2026-11-17,
D51054,Cedar - Analytics setup,C10311,Cedar Health Solutions,611200.0,INR,Closed Won,100,Website,Vikram Rao,2025-10-30,2026-01-05,
D51055,Meridian - Annual plan,C10281,Meridian Labs Solutions,458900.0,INR,Negotiation,75,Events,Neha Joshi,2026-07-03,2026-07-24,
D51056,Granite - Renewal,C10303,Granite Realty Group,67600.0,INR,Closed Won,100,Website,Neha Joshi,2025-09-30,2025-09-18,
D51057,Quantum - Expansion,C10318,Quantum Learning Group,234300.0,INR,Closed Won,100,Cold Outreach,Ayesha Khan,2025-08-09,2025-09-02,
D51058,Cedar - Consulting,C10661,Cedar Tech Pvt Ltd,218000.0,INR,Qualification,25,LinkedIn,Vikram Rao,2026-01-18,2026-03-12,
D51059,Saffron - Renewal,C11147,Saffron Retail Solutions,140100.0,INR,Closed Won,100,Paid Ads,Neha Joshi,2025-11-03,2026-01-20,
D51060,Trident - Annual plan,C10615,Trident Foods LLP,170400.0,INR,Closed Won,100,Referral,Ayesha Khan,2025-12-30,2026-04-09,
D51061,Orbit - Consulting,C10455,Orbit Motors LLP,39400.0,INR,Closed Won,100,Cold Outreach,Sneha Iyer,2025-11-04,2026-02-01,
D51062,Meridian - Renewal,C10761,Meridian Realty Industries,221700.0,INR,Closed Won,100,Paid Ads,Ayesha Khan,2025-04-28,2025-06-26,
D51063,Coral - Annual plan,C11146,Coral Hospitality Industries,-364900.0,INR,Closed Won,100,Events,Rohit Kulkarni,2025-01-08,2025-04-24,
D51064,Coral - Consulting,C92266,Coral Retail Pvt Ltd,780700.0,INR,Closed Won,100,LinkedIn,Ayesha Khan,2026-07-01,2026-06-20,
D51065,Orbit - Renewal,C11015,Orbit Labs Group,,INR,Closed Won,100,Website,Arjun Mehta,2025-09-09,2025-10-29,
D51066,Lumen - Annual plan,C10778,Lumen Tech Industries,151700.0,INR,Proposal,50,Referral,Sneha Iyer,2026-01-17,2026-02-19,
D51067,Monsoon - Renewal,C10363,Monsoon Finserv Pvt Ltd,170600.0,INR,Closed Won,100,LinkedIn,Rohit Kulkarni,2026-05-09,2026-08-04,
D51068,Nova - Expansion,C10278,Nova Labs Ltd,166600.0,INR,Negotiation,75,Website,Sneha Iyer,2026-09-26,2026-12-26,
D51069,Meridian - Consulting,C10497,Meridian Foods Industries,252800.0,INR,Closed Won,100,LinkedIn,Neha Joshi,2026-05-21,2026-08-20,
D51070,Cedar - Renewal,C10120,Cedar Retail Pvt Ltd,1353100.0,INR,Closed Won,100,Events,Arjun Mehta,2025-06-17,2025-09-30,
D51071,Zenith - Renewal,C10399,Zenith Hospitality LLP,,INR,Closed Won,100,Paid Ads,Arjun Mehta,2025-09-09,2025-12-14,
D51072,Saffron - Pilot,C10698,Saffron Tech Industries,,INR,Closed Won,100,Website,Farhan Shaikh,2025-04-16,2025-06-30,
D51073,Granite - Analytics setup,C11198,Granite Foods Group,304300.0,INR,Closed Won,100,Website,Priya Nair,2025-03-26,2025-06-11,
D51074,Silverline - Renewal,C10885,Silverline Ventures Industries,720500.0,INR,Negotiation,75,Website,Sneha Iyer,2026-07-24,2026-11-06,
D51075,Silverline - Consulting,C10233,Silverline Logistics Pvt Ltd,74800.0,INR,Closed Won,100,Cold Outreach,Ayesha Khan,2025-10-21,2025-11-26,
D51076,Orbit - Consulting,C10528,Orbit Foods Pvt Ltd,81600.0,INR,Closed Won,100,Paid Ads,Arjun Mehta,2025-04-25,2025-07-11,
D51077,Sahyadri - Pilot,C11114,Sahyadri Tech Pvt Ltd,75300.0,INR,Closed Won,100,LinkedIn,Ayesha Khan,2025-05-08,2025-07-08,
D51078,Granite - Annual plan,C98523,Granite Tech Group,159200.0,INR,Closed Won,100,Events,Rohit Kulkarni,2025-07-09,2025-09-20,
D51079,Apex - Renewal,C10584,Apex Finserv Industries,472600.0,INR,Closed Won,100,LinkedIn,Arjun Mehta,2026-06-04,2026-08-17,
D51080,Orbit - Analytics setup,C10759,Orbit Pharma Industries,211300.0,INR,Prospecting,10,Website,Neha Joshi,2026-09-29,2026-11-23,
D51081,Banyan - Annual plan,C10146,Banyan Labs Pvt Ltd,97500.0,INR,Negotiation,75,LinkedIn,Priya Nair,2025-04-04,2025-07-30,
D51082,Monsoon - Annual plan,C10380,Monsoon Tech Ltd,108100.0,INR,Closed Won,100,Paid Ads,Neha Joshi,2026-05-02,2026-06-16,
D51083,Granite - Pilot,C10807,Granite Motors LLP,56200.0,INR,Closed Won,100,Cold Outreach,Ayesha Khan,2026-06-16,2026-08-10,
D51084,Monsoon - Renewal,C10474,Monsoon Labs Solutions,62100.0,INR,Prospecting,10,Referral,Ayesha Khan,2026-09-20,2026-11-05,
D51085,Coral - Analytics setup,C10199,Coral Finserv Ltd,145100.0,INR,Closed Won,100,Referral,Arjun Mehta,2026-03-16,2026-06-09,
D51086,Pinnacle - Analytics setup,C10319,Pinnacle Foods Group,648400.0,INR,Qualification,25,Website,Ayesha Khan,2026-09-17,2026-12-01,
D51087,Aurora - Analytics setup,C10955,Aurora Retail Solutions,214400.0,INR,Closed Won,100,Website,Ayesha Khan,2025-04-07,2025-03-16,
D51088,Zenith - Renewal,C11051,Zenith Motors Solutions,123000.0,INR,Closed Lost,0,LinkedIn,Ayesha Khan,2026-06-23,2026-09-21,Price
D51089,Blue - Expansion,C10444,Blue Lotus Analytics Ltd,205600.0,INR,Closed-Won,100,Website,Arjun Mehta,2026-03-11,2026-05-04,
D51090,Pinnacle - Pilot,C11176,Pinnacle Textiles Ltd,,INR,Qualification,25,LinkedIn,Arjun Mehta,2025-12-11,2026-03-01,
D51091,Banyan - Annual plan,C10630,Banyan Analytics LLP,172100.0,INR,Closed Won,100,Website,Neha Joshi,2025-07-11,2025-08-04,
D51092,Everest - Expansion,C10728,Everest Logistics Solutions,143700.0,INR,Negotiation,75,Referral,Priya Nair,2026-09-16,2027-01-08,
D51093,Saffron - Analytics setup,C10698,Saffron Tech Industries,310300.0,INR,Closed Won,100,Website,Farhan Shaikh,2025-06-09,2025-09-23,
D51094,Banyan - Consulting,C10809,Banyan Labs Pvt Ltd,70700.0,INR,Closed Won,100,Paid Ads,Farhan Shaikh,2025-06-23,2025-10-13,
D51095,Granite - Consulting,C10235,Granite Tech Group,35500.0,INR,closed won,100,Events,Rohit Kulkarni,2025-06-14,2025-08-17,
D51096,Banyan - Annual plan,C10607,Banyan Retail Pvt Ltd,222500.0,INR,Qualification,25,LinkedIn,Priya Nair,2026-07-22,2026-10-01,
D51097,Zenith - Expansion,C10128,Zenith Realty Solutions,441500.0,INR,Qualification,25,Website,Priya Nair,2026-09-09,2026-10-01,
D51098,Zenith - Analytics setup,C10232,Zenith Retail Solutions,,INR,Closed Lost,0,LinkedIn,Priya Nair,2025-10-23,2026-02-18,Price
D51099,Zenith - Analytics setup,C10265,Zenith Retail Solutions,46900.0,INR,Closed Won,100,Website,Sneha Iyer,2026-03-12,2026-04-20,
D51100,Granite - Annual plan,C10703,Granite Motors LLP,657700.0,INR,Closed Won,100,LinkedIn,Neha Joshi,2025-06-24,2025-09-30,
D51101,Meridian - Analytics setup,C10731,Meridian Ventures Industries,114600.0,INR,Closed-Won,75,Cold Outreach,Rohit Kulkarni,2026-08-21,2026-10-28,
D51102,Cedar - Analytics setup,C10661,Cedar Tech Pvt Ltd,,INR,Closed Won,100,LinkedIn,Vikram Rao,2026-01-12,2026-03-01,
D51103,Indus - Pilot,C10987,Indus Health Solutions,35200.0,INR,Negotiation,75,Cold Outreach,Neha Joshi,2026-08-06,2026-10-11,
D51104,Pinnacle - Analytics setup,C11046,Pinnacle Labs Group,237700.0,INR,Closed Won,100,LinkedIn,Farhan Shaikh,2024-11-18,2024-12-27,
D51105,Saffron - Expansion,C10698,Saffron Tech Industries,206700.0,INR,Closed Lost,0,Website,Farhan Shaikh,2025-06-03,2025-08-15,Went with competitor
D51106,Meridian - Consulting,C11019,Meridian Analytics Industries,318500.0,INR,Proposal,50,Website,Rohit Kulkarni,2026-09-13,2026-12-03,
D51107,Orbit - Consulting,C10528,Orbit Foods Pvt Ltd,260200.0,INR,Closed Won,100,Paid Ads,Arjun Mehta,2025-04-10,2025-07-28,
D51108,Meridian - Consulting,C10066,Meridian Tech Group,178400.0,INR,Qualification,25,Website,Farhan Shaikh,2026-09-02,2026-11-09,
D51109,Kestrel - Renewal,C10632,Kestrel Realty Solutions,-185400.0,INR,Closed Won,100,LinkedIn,Rohit Kulkarni,2025-06-27,2025-09-30,
D51110,Meridian - Renewal,C10072,Meridian Ventures Industries,388600.0,INR,Closed Won,100,Website,Sneha Iyer,2026-03-06,2026-04-27,
D51111,Quantum - Renewal,C11094,Quantum Finserv Solutions,51600.0,INR,Closed Lost,0,Website,Vikram Rao,2025-12-03,2026-01-18,No response
D51112,Harbor - Consulting,C11101,Harbor Labs LLP,258900.0,INR,Proposal,50,Cold Outreach,Rohit Kulkarni,2026-01-09,2026-04-28,
D51113,Pinnacle - Consulting,C10841,Pinnacle Retail Ltd,191700.0,INR,Closed Won,100,Website,Ayesha Khan,2025-05-28,2025-06-25,
D51114,Harbor - Annual plan,C10765,Harbor Retail Ltd,535700.0,INR,Closed Won,100,Cold Outreach,Ayesha Khan,2026-05-18,2026-07-24,
D51115,Cedar - Expansion,C10856,Cedar Analytics Ltd,453700.0,INR,Closed Won,100,LinkedIn,Ayesha Khan,2026-05-16,2026-08-16,
D51116,Aurora - Consulting,C10162,Aurora Foods Solutions,277800.0,INR,Qualification,25,Website,Neha Joshi,2026-06-24,2026-07-31,
D51117,Cedar - Pilot,C10956,Cedar Motors Pvt Ltd,311500.0,INR,Closed Won,100,Website,Vikram Rao,2026-04-10,2026-06-02,
D51118,Saffron - Annual plan,C10227,Saffron Realty Group,505600.0,INR,Prospecting,10,Referral,Sneha Iyer,2026-01-20,2026-03-01,
D51119,Harbor - Pilot,C10995,Harbor Ventures Group,181400.0,INR,Closed Lost,0,LinkedIn,Priya Nair,2025-03-19,2025-05-31,No response
D51120,Silverline - Annual plan,C11180,Silverline Finserv LLP,149000.0,INR,Closed Won,100,Events,Arjun Mehta,2025-08-12,2025-09-04,
D51121,Kestrel - Annual plan,C11089,Kestrel Logistics Pvt Ltd,227000.0,INR,Qualification,25,Website,Sneha Iyer,2026-08-13,2026-09-23,
D51122,Aurora - Analytics setup,C10770,Aurora Retail Solutions,190000.0,INR,Closed Won,100,Events,Neha Joshi,2025-06-16,2025-03-31,
D51123,Trident - Annual plan,C10615,Trident Foods LLP,104700.0,INR,Closed Won,100,Referral,Ayesha Khan,2025-11-24,2025-12-17,
D51124,Peacock - Analytics setup,C10948,Peacock Labs Solutions,201800.0,INR,Closed Won,100,Cold Outreach,Arjun Mehta,2025-12-02,2026-01-08,
D51125,Quantum - Analytics setup,C10458,Quantum Health Pvt Ltd,141700.0,INR,closed won,0,Website,Sneha Iyer,2026-04-27,2026-05-29,Went with competitor
D51126,Indus - Expansion,C10722,Indus Hospitality LLP,107300.0,INR,Closed Won,100,Cold Outreach,Rohit Kulkarni,2026-02-24,2026-05-13,
D51127,Monsoon - Annual plan,C11037,Monsoon Tech Group,278400.0,INR,Closed Won,100,Referral,Neha Joshi,2026-04-25,2026-05-17,
D51128,Silverline - Pilot,C10383,Silverline Realty LLP,96000.0,INR,Closed Won,100,Referral,Neha Joshi,2025-12-18,2026-03-20,
D51129,Pinnacle - Expansion,C10466,Pinnacle Health Solutions,139800.0,INR,Closed Won,100,Website,Priya Nair,2025-03-02,2025-06-11,
D51130,Saffron - Consulting,C10410,Saffron Realty LLP,433000.0,INR,Qualification,25,LinkedIn,Ayesha Khan,2025-01-31,2025-03-30,
D51131,Zenith - Annual plan,C10328,Zenith Labs LLP,324200.0,INR,Closed Won,100,Referral,Priya Nair,2026-01-19,2026-04-07,
D51132,Silverline - Renewal,C11052,Silverline Logistics Industries,840100.0,INR,Closed Won,100,Cold Outreach,Sneha Iyer,2026-06-22,2026-08-09,
D51133,Lumen - Consulting,C10463,Lumen Logistics Ltd,243100.0,INR,Prospecting,10,Referral,Arjun Mehta,2026-08-23,2026-10-01,
D51134,Harbor - Annual plan,C10567,Harbor Logistics Group,185000.0,INR,negotiation,100,LinkedIn,Sneha Iyer,2025-03-25,2025-06-19,
D51135,Granite - Renewal,C10633,Granite Labs Group,260400.0,INR,Closed Won,100,Cold Outreach,Arjun Mehta,2026-06-17,2026-09-08,
D51136,Monsoon - Analytics setup,C10071,Monsoon Motors Solutions,337900.0,INR,Closed Won,100,LinkedIn,Ayesha Khan,2026-05-14,2026-08-14,
D51137,Harbor - Analytics setup,C10400,Harbor Ventures LLP,,INR,Closed Won,100,Cold Outreach,Neha Joshi,2025-01-10,2025-03-27,
D51138,Peacock - Pilot,C10160,Peacock Hospitality Group,151100.0,INR,Closed Won,100,LinkedIn,Arjun Mehta,2025-11-23,2026-02-13,
D51139,Trident - Pilot,C11142,Trident Tech Industries,602500.0,INR,Closed-Won,75,Website,Farhan Shaikh,2024-12-12,2025-01-12,
D51140,Orbit - Expansion,C10455,Orbit Motors LLP,326200.0,INR,Closed Won,100,Cold Outreach,Sneha Iyer,2025-11-09,2025-12-25,
D51141,Zenith - Analytics setup,C10328,Zenith Labs LLP,260500.0,INR,Closed Won,100,Referral,Priya Nair,2025-12-15,2026-03-02,
D51142,Lumen - Consulting,C10926,Lumen Motors Group,234100.0,INR,Closed Won,100,Paid Ads,Rohit Kulkarni,2025-03-08,2025-05-02,
D51143,Peacock - Consulting,C10224,Peacock Textiles Pvt Ltd,350800.0,INR,Closed Lost,0,Events,Neha Joshi,2026-02-18,2026-06-13,No response
D51144,Aurora - Pilot,C10945,Aurora Labs Solutions,130200.0,INR,Prospecting,10,Website,Arjun Mehta,2026-07-01,2026-10-19,
D51145,Meridian - Consulting,C10351,Meridian Learning Pvt Ltd,91600.0,INR,Closed Won,100,Cold Outreach,Neha Joshi,2026-03-18,2026-07-03,
D51146,Aurora - Expansion,C10988,Aurora Ventures Industries,,INR,Qualification,25,Cold Outreach,Sneha Iyer,2025-08-23,2025-11-16,
D51147,Orbit - Consulting,C10097,Orbit Labs Group,387100.0,INR,Qualification,25,LinkedIn,Priya Nair,2026-08-19,2026-10-20,
D51148,Cedar - Renewal,C10413,Cedar Tech Group,305600.0,INR,Qualification,25,Website,Ayesha Khan,2025-06-13,2025-09-02,
D51149,Monsoon - Analytics setup,C11134,Monsoon Labs Solutions,103600.0,INR,Prospecting,10,LinkedIn,Sneha Iyer,2026-09-07,2026-11-18,
D51150,Meridian - Pilot,C10951,Meridian Foods LLP,114200.0,INR,Closed Lost,0,Cold Outreach,Vikram Rao,2026-05-24,2026-08-29,No response
D51151,Meridian - Analytics setup,C10049,Meridian Analytics Industries,80600.0,INR,Closed Won,100,Paid Ads,Rohit Kulkarni,2025-01-20,2025-05-11,
D51152,Apex - Renewal,C10020,Apex Finserv Industries,92800.0,INR,Negotiation,75,Website,Rohit Kulkarni,2025-09-27,2025-11-08,
D51153,Harbor - Pilot,C11022,Harbor Ventures LLP,147700.0,INR,Prospecting,10,Referral,Rohit Kulkarni,2026-08-25,2026-10-29,
D51154,Lumen - Renewal,C10374,Lumen Motors Group,,INR,Closed Won,100,Website,Vikram Rao,2025-04-25,2025-06-19,
D51155,Granite - Expansion,C10378,Granite Motors LLP,171700.0,INR,Closed Lost,0,Website,Sneha Iyer,2026-05-02,2026-06-13,Went with competitor
D51156,Coral - Consulting,C10019,Coral Realty Industries,72400.0,INR,Closed Won,100,Paid Ads,Priya Nair,2025-11-01,2026-02-03,
D51157,Monsoon - Pilot,C10682,Monsoon Motors Solutions,414400.0,INR,Closed Won,100,LinkedIn,Sneha Iyer,2026-06-28,2026-09-16,
D51158,Lumen - Analytics setup,C10878,Lumen Logistics Ltd,115600.0,INR,closed won,100,Cold Outreach,Ayesha Khan,2025-11-22,2025-12-21,
D51159,Sahyadri - Renewal,C10767,Sahyadri Tech Pvt Ltd,754100.0,INR,Closed Won,100,Referral,Neha Joshi,2025-11-25,2026-03-08,
D51160,Coral - Expansion,C11045,Coral Retail Pvt Ltd,157700.0,INR,Proposal,50,Website,Vikram Rao,2026-09-17,2026-10-22,
D51161,Indus - Pilot,C10236,Indus Textiles Group,278200.0,INR,Prospecting,10,Paid Ads,Rohit Kulkarni,2026-07-27,2026-10-24,
D51162,Sahyadri - Consulting,C10892,Sahyadri Tech LLP,69600.0,INR,Negotiation,75,Referral,Ayesha Khan,2026-09-16,2026-10-24,
D51163,Silverline - Analytics setup,C10196,Silverline Foods Group,133100.0,INR,Closed Won,100,LinkedIn,Priya Nair,2025-10-11,2025-12-29,
D51164,Sahyadri - Consulting,C10998,Sahyadri Tech Pvt Ltd,91800.0,INR,Closed Won,100,Paid Ads,Ayesha Khan,2026-02-14,2026-05-09,
D51165,Lumen - Pilot,C10163,Lumen Tech Industries,155600.0,INR,Closed Lost,0,Website,Arjun Mehta,2025-05-06,2025-05-26,Timing
D51166,Banyan - Renewal,C10111,Banyan Realty Group,605100.0,INR,Closed Lost,0,Cold Outreach,Priya Nair,2025-10-16,2025-12-10,No response
D51167,Aurora - Pilot,C11097,Aurora Finserv Industries,512200.0,INR,closed won,100,Referral,Vikram Rao,2026-01-25,2026-05-13,
D51168,Peacock - Renewal,C10848,Peacock Labs Industries,309900.0,INR,Closed Won,100,Referral,Sneha Iyer,2025-05-27,2025-07-01,
D51169,Aurora - Analytics setup,C90443,Aurora Logistics Group,325400.0,INR,Negotiation,75,Website,Vikram Rao,2026-09-12,2026-11-24,
D51170,Peacock - Renewal,C10368,Peacock Pharma Solutions,312700.0,INR,Closed Lost,0,LinkedIn,Ayesha Khan,2025-12-14,2026-01-13,No budget
D51171,Coral - Analytics setup,C11146,Coral Hospitality Industries,287300.0,INR,Closed Won,100,Events,Rohit Kulkarni,2025-01-11,2025-03-22,
D51172,Banyan - Consulting,C10970,Banyan Motors LLP,1120800.0,INR,Closed Won,100,Cold Outreach,Sneha Iyer,2026-05-02,2026-06-26,
D51173,Lumen - Consulting,C10561,Lumen Retail Group,499900.0,INR,Qualification,25,Referral,Neha Joshi,2026-04-07,2026-07-10,
D51174,Aurora - Analytics setup,C11088,Aurora Finserv Group,540000.0,INR,Closed Won,100,Website,Sneha Iyer,2026-06-14,2026-08-08,
D51175,Saffron - Pilot,C10254,Saffron Analytics Group,307200.0,INR,Negotiation,75,LinkedIn,Ayesha Khan,2026-09-17,2026-07-07,
D51176,Apex - Analytics setup,C10694,Apex Hospitality Industries,122400.0,INR,Closed Won,100,LinkedIn,Ayesha Khan,2025-10-27,2026-02-22,
D51177,Kestrel - Renewal,C10417,Kestrel Finserv Solutions,100600.0,INR,Closed Won,100,LinkedIn,Sneha Iyer,2025-09-03,2025-10-30,
D51178,Quantum - Renewal,C10606,Quantum Health Pvt Ltd,100100.0,INR,Prospecting,10,Website,Arjun Mehta,2026-08-15,2026-10-17,
D51179,Blue - Pilot,C10500,Blue Lotus Analytics Ltd,163400.0,INR,Negotiation,75,Referral,Farhan Shaikh,2025-08-09,2025-10-20,
D51180,Aurora - Analytics setup,C11097,Aurora Finserv Industries,121500.0,INR,Closed Won,100,Referral,Vikram Rao,2026-02-08,2026-03-16,
D51181,Pinnacle - Analytics setup,C10346,Pinnacle Analytics Group,127500.0,INR,Qualification,25,Cold Outreach,Priya Nair,2025-04-02,2025-05-31,
D51182,Zenith - Pilot,C10030,Zenith Health Pvt Ltd,139900.0,INR,Qualification,25,Website,Rohit Kulkarni,2025-07-28,2025-08-29,
D51183,Everest - Renewal,C11137,Everest Foods LLP,110800.0,INR,Closed Won,100,Cold Outreach,Sneha Iyer,2025-11-25,2025-12-16,
D51184,Silverline - Analytics setup,C10885,Silverline Ventures Industries,731900.0,INR,Negotiation,75,Website,Sneha Iyer,2026-09-24,2026-12-25,
D51185,Granite - Consulting,C10772,Granite Finserv Group,135100.0,INR,Negotiation,75,Referral,Priya Nair,2026-07-14,2026-08-10,
D51186,Meridian - Expansion,C10874,Meridian Foods Industries,173500.0,INR,Closed Won,100,Referral,Farhan Shaikh,2026-04-23,2026-06-18,
D51187,Sahyadri - Annual plan,C10616,Sahyadri Tech LLP,25600.0,INR,Negotiation,75,Events,Farhan Shaikh,2026-09-29,2026-11-24,
D51188,Monsoon - Analytics setup,C11013,Monsoon Finserv Pvt Ltd,386300.0,INR,Closed Won,100,Events,Priya Nair,2025-11-17,2025-12-10,
D51189,Cedar - Expansion,C10699,Cedar Motors Pvt Ltd,340600.0,INR,Closed Won,100,Referral,Rohit Kulkarni,2025-11-14,2026-01-03,
D51190,Nova - Annual plan,C10821,Nova Analytics LLP,497500.0,INR,Qualification,25,Cold Outreach,Rohit Kulkarni,2025-09-07,2025-12-13,
D51191,Zenith - Consulting,C11038,Zenith Retail Group,148400.0,INR,Closed Won,100,Paid Ads,Vikram Rao,2025-03-04,2025-06-23,
D51192,Zenith - Annual plan,C10030,Zenith Health Pvt Ltd,578900.0,INR,Closed Won,100,Website,Rohit Kulkarni,2025-08-09,2025-10-22,
D51193,Saffron - Annual plan,C10538,Saffron Tech Ltd,-134900.0,INR,Closed Won,100,Cold Outreach,Priya Nair,2025-07-13,2025-08-31,
D51194,Coral - Expansion,C10273,Coral Finserv Ltd,339000.0,INR,Closed Won,100,Website,Arjun Mehta,2026-01-24,2026-04-23,
D51195,Orbit - Consulting,C10455,Orbit Motors LLP,310200.0,INR,Closed Won,100,Cold Outreach,Sneha Iyer,2025-12-13,2026-03-12,
D51196,Harbor - Pilot,C10109,Harbor Pharma LLP,150400.0,INR,Closed Lost,0,LinkedIn,Ayesha Khan,2026-01-05,2026-04-04,Timing
D51197,Vertex - Expansion,C10392,Vertex Learning Ltd,595200.0,INR,Prospecting,10,LinkedIn,Sneha Iyer,2026-08-22,2026-11-11,
D51198,Aurora - Annual plan,C10988,Aurora Ventures Industries,208100.0,INR,Closed Won,100,Cold Outreach,Sneha Iyer,2025-08-19,2025-09-28,
D51199,Nova - Pilot,C11136,Nova Logistics LLP,223700.0,INR,Prospecting,10,Paid Ads,Priya Nair,2025-09-02,2025-10-13,
D51200,Orbit - Analytics setup,C11168,Orbit Foods Pvt Ltd,340200.0,INR,Closed Won,100,Referral,Ayesha Khan,2025-09-16,2026-01-04,
D51201,Sahyadri - Expansion,C10616,Sahyadri Tech LLP,137300.0,INR,Negotiation,75,Events,Farhan Shaikh,2026-09-12,2026-10-30,
D51202,Nova - Analytics setup,C10010,Nova Retail Group,,INR,Closed Won,100,Referral,Farhan Shaikh,2026-02-23,2026-05-10,
D51203,Meridian - Analytics setup,C10351,Meridian Learning Pvt Ltd,585100.0,INR,Closed Won,100,Cold Outreach,Neha Joshi,2026-02-15,2026-05-09,
D51204,Peacock - Consulting,C11103,Peacock Pharma LLP,322900.0,INR,Closed Won,100,Website,Ayesha Khan,2026-02-26,2026-05-11,
D51205,Meridian - Expansion,C11019,Meridian Analytics Industries,111200.0,INR,Negotiation,75,Website,Rohit Kulkarni,2026-09-23,2027-01-10,
D51206,Pinnacle - Consulting,C96242,Pinnacle Analytics Group,67700.0,INR,Closed Won,100,Cold Outreach,Priya Nair,2025-01-14,2025-02-15,
D51207,Pinnacle - Expansion,C10349,Pinnacle Health Solutions,105400.0,INR,Closed Won,100,Cold Outreach,Farhan Shaikh,2025-05-12,2025-08-28,
D51208,Nova - Pilot,C10741,Nova Tech LLP,475700.0,INR,Closed Won,100,Website,Vikram Rao,2025-08-14,2025-12-02,
D51209,Banyan - Expansion,C10760,Banyan Textiles Pvt Ltd,233900.0,INR,Closed Won,100,Events,Arjun Mehta,2026-01-04,2026-04-28,
D51210,Sahyadri - Renewal,C10426,Sahyadri Health Group,,INR,Closed Won,100,Cold Outreach,Vikram Rao,2025-08-09,2025-08-29,
D51211,Lumen - Analytics setup,C11083,Lumen Ventures Industries,269800.0,INR,Negotiation,75,Website,Ayesha Khan,2025-09-01,2025-09-23,
D51212,Pinnacle - Analytics setup,C10433,Pinnacle Motors Pvt Ltd,28200.0,INR,Prospecting,10,LinkedIn,Farhan Shaikh,2025-05-03,2025-06-17,
D51213,Nova - Analytics setup,C10194,Nova Analytics LLP,107900.0,INR,Proposal,50,LinkedIn,Arjun Mehta,2026-09-08,2027-01-02,
D51214,Orbit - Pilot,C10177,Orbit Tech Ltd,685400.0,INR,Negotiation,75,Cold Outreach,Farhan Shaikh,2026-02-27,2026-05-31,
D51215,Quantum - Consulting,C10515,Quantum Tech Pvt Ltd,1874000.0,INR,Prospecting,10,Paid Ads,Vikram Rao,2025-12-24,2026-03-16,
D51216,Indus - Renewal,C10987,Indus Health Solutions,21700.0,INR,Proposal,50,Cold Outreach,Neha Joshi,2026-09-30,2027-01-09,
D51217,Harbor - Annual plan,C11058,Harbor Tech Group,95900.0,INR,Qualification,25,Website,Neha Joshi,2026-09-22,2026-11-10,
D51218,Banyan - Renewal,C10478,Banyan Motors LLP,49000.0,INR,Prospecting,10,LinkedIn,Farhan Shaikh,2026-09-27,2026-12-15,
D51219,Kestrel - Pilot,C11181,Kestrel Foods Group,108900.0,INR,Proposal,50,LinkedIn,Arjun Mehta,2026-07-08,2026-09-17,
D51220,Kestrel - Analytics setup,C11076,Kestrel Textiles Industries,236000.0,INR,Closed Won,100,Events,Rohit Kulkarni,2025-11-23,2026-03-21,
D51221,Cedar - Analytics setup,C10083,Cedar Tech Pvt Ltd,233400.0,INR,Closed Won,100,Website,Ayesha Khan,2025-08-31,2025-10-22,
D51222,Monsoon - Renewal,C10924,Monsoon Motors LLP,294800.0,INR,Closed Won,100,Referral,Arjun Mehta,2026-05-08,2026-08-10,
D51223,Indus - Consulting,C10490,Indus Hospitality LLP,459800.0,INR,Qualification,25,Cold Outreach,Priya Nair,2026-07-10,2026-09-08,
D51224,Pinnacle - Annual plan,C10346,Pinnacle Analytics Group,631300.0,INR,Proposal,50,Cold Outreach,Priya Nair,2025-03-02,2025-05-29,
D51225,Aurora - Pilot,C11008,Aurora Retail LLP,,INR,Proposal,50,LinkedIn,Neha Joshi,2026-09-21,2026-11-25,
D51226,Coral - Expansion,C10168,Coral Motors Group,109500.0,INR,Closed Won,100,Referral,Farhan Shaikh,2025-06-15,2025-08-08,
D51227,Everest - Pilot,C11137,Everest Foods LLP,141600.0,INR,Closed Won,100,Cold Outreach,Sneha Iyer,2025-11-29,2026-03-24,
D51228,Pinnacle - Renewal,C11003,Pinnacle Labs Group,182100.0,INR,Qualification,25,Events,Neha Joshi,2025-04-28,2025-07-14,
D51229,Granite - Renewal,C11055,Granite Realty Group,539300.0,INR,Closed Won,100,Referral,Rohit Kulkarni,2025-03-11,2025-05-06,
D51230,Silverline - Renewal,C10005,Silverline Logistics Pvt Ltd,30700.0,INR,Closed Won,100,Cold Outreach,Ayesha Khan,2025-07-26,2025-11-01,
D51231,Kestrel - Annual plan,C10664,Kestrel Textiles Industries,57500.0,INR,Closed Won,100,Referral,Rohit Kulkarni,2025-10-03,2025-10-31,
D51232,Blue - Annual plan,C11096,Blue Lotus Foods Pvt Ltd,644100.0,INR,Closed Lost,0,Referral,Farhan Shaikh,2024-12-13,2025-03-03,Went with competitor
D51233,Everest - Annual plan,C10811,Everest Learning Solutions,190600.0,INR,Negotiation,75,Cold Outreach,Vikram Rao,2026-07-04,2026-09-08,
D51234,Aurora - Pilot,C10457,Aurora Labs Pvt Ltd,460200.0,INR,Closed Won,100,LinkedIn,Neha Joshi,2025-08-05,2025-11-30,
D51235,Indus - Pilot,C10987,Indus Health Solutions,283800.0,INR,Prospecting,10,Cold Outreach,Neha Joshi,2026-09-06,2026-10-18,
D51236,Zenith - Consulting,C10057,Zenith Labs LLP,,INR,Closed Won,100,Paid Ads,Vikram Rao,2025-08-11,2025-09-21,
D51237,Banyan - Analytics setup,C10953,Banyan Retail Pvt Ltd,268600.0,INR,Prospecting,10,Website,Priya Nair,2026-09-08,2026-11-10,
D51238,Coral - Pilot,C10499,Coral Analytics Group,529400.0,INR,Closed Won,100,Events,Ayesha Khan,2025-06-19,2025-10-07,
D51239,Nova - Consulting,C11122,Nova Logistics Pvt Ltd,229700.0,INR,Closed Won,100,Referral,Farhan Shaikh,2025-05-29,2025-08-17,
D51240,Kestrel - Expansion,C10927,Kestrel Pharma LLP,428800.0,INR,Proposal Sent,25,LinkedIn,Rohit Kulkarni,2026-07-28,2026-09-28,
D51241,Nova - Expansion,C10594,Nova Ventures Solutions,17800.0,INR,Proposal,50,Website,Rohit Kulkarni,2025-12-25,2026-02-08,
D51242,Nova - Analytics setup,C11122,Nova Logistics Pvt Ltd,288400.0,INR,Closed Won,100,Referral,Farhan Shaikh,2025-04-01,2025-05-25,
D51243,Granite - Expansion,C10612,Granite Foods Group,174100.0,INR,Prospecting,10,Referral,Arjun Mehta,2026-09-29,2026-12-14,
D51244,Silverline - Renewal,C11093,Silverline Finserv LLP,72500.0,INR,Negotiation,75,Referral,Sneha Iyer,2026-07-30,2026-09-26,
D51245,Cedar - Analytics setup,C10782,Cedar Tech Pvt Ltd,664600.0,INR,Closed Won,100,Website,Ayesha Khan,2025-10-05,2025-12-16,
D51246,Sahyadri - Pilot,C10033,Sahyadri Finserv Solutions,-131800.0,INR,Closed Won,100,LinkedIn,Sneha Iyer,2025-03-22,2025-06-24,
D51247,Everest - Annual plan,C10787,Everest Health Group,35000.0,INR,Closed Won,100,Cold Outreach,Sneha Iyer,2025-06-24,2025-08-23,
D51248,Saffron - Expansion,C10044,Saffron Analytics Group,122000.0,INR,Closed Won,100,LinkedIn,Sneha Iyer,2025-08-04,2025-10-14,
D51249,Apex - Annual plan,C10268,Apex Hospitality Industries,45700.0,INR,Closed Won,100,Referral,Vikram Rao,2025-06-15,2025-08-03,
D51250,Granite - Consulting,C10373,Granite Textiles Pvt Ltd,107100.0,INR,Closed Won,100,Cold Outreach,Rohit Kulkarni,2026-02-23,2026-04-05,
D51251,Nova - Expansion,C10668,Nova Analytics LLP,252900.0,INR,Closed Won,100,Cold Outreach,Sneha Iyer,2026-04-26,2026-05-20,
D51252,Aurora - Renewal,C10643,Aurora Retail LLP,178700.0,INR,Prospecting,10,Referral,Farhan Shaikh,2026-08-23,2026-09-15,
D51253,Everest - Pilot,C10591,Everest Tech Group,281400.0,INR,Closed Lost,0,Events,Sneha Iyer,2025-11-04,2026-01-29,Timing
D51254,Coral - Expansion,C10443,Coral Textiles Pvt Ltd,268900.0,INR,Closed Won,100,Events,Arjun Mehta,2026-02-17,2026-03-09,
D51255,Banyan - Annual plan,C10940,Banyan Retail Pvt Ltd,130600.0,INR,Closed Lost,0,Paid Ads,Priya Nair,2026-04-28,2026-06-13,Timing
D51256,Cedar - Analytics setup,C10323,Cedar Analytics Ltd,278400.0,INR,Prospecting,10,LinkedIn,Ayesha Khan,2026-08-12,2026-07-30,
D51257,Kestrel - Analytics setup,C10997,Kestrel Finserv Solutions,154300.0,INR,Proposal,50,Events,Neha Joshi,2026-10-01,2026-12-05,
D51258,Granite - Consulting,C10235,Granite Tech Group,688200.0,INR,Closed Won,100,Events,Rohit Kulkarni,2025-07-03,2025-08-17,
D51259,Saffron - Annual plan,C10472,Saffron Retail Solutions,2405700.0,INR,Closed Won,100,Website,Ayesha Khan,2025-08-10,2025-12-03,
D51260,Cedar - Expansion,C10149,Cedar Textiles Solutions,170000.0,INR,Closed Won,100,Referral,Sneha Iyer,2026-04-10,2026-07-31,
D51261,Meridian - Consulting,C10186,Meridian Tech Group,144100.0,INR,Proposal,50,Paid Ads,Sneha Iyer,2026-08-29,2026-12-12,
D51262,Banyan - Consulting,C10394,Banyan Realty Group,710700.0,INR,Negotiation,75,LinkedIn,Priya Nair,2026-08-08,2026-09-04,
D51263,Meridian - Annual plan,C10469,Meridian Learning Pvt Ltd,364400.0,INR,Closed Won,100,Website,Farhan Shaikh,2025-11-11,2025-12-01,
D51264,Silverline - Annual plan,C10116,Silverline Realty LLP,343900.0,INR,Negotiation,75,Cold Outreach,Arjun Mehta,2026-09-20,2026-12-03,
D51265,Pinnacle - Annual plan,C10535,Pinnacle Realty LLP,363100.0,INR,Closed Won,100,Referral,Farhan Shaikh,2025-09-28,2025-12-22,
D51266,Peacock - Pilot,C10948,Peacock Labs Solutions,676300.0,INR,Closed Won,100,Cold Outreach,Arjun Mehta,2026-03-13,2026-04-02,
D51267,Kestrel - Consulting,C10754,Kestrel Logistics Pvt Ltd,276800.0,INR,Prospecting,10,LinkedIn,Neha Joshi,2025-10-07,2025-12-22,
D51268,Everest - Expansion,C11025,Everest Tech Group,149800.0,INR,Proposal,50,Referral,Sneha Iyer,2026-09-09,2026-10-18,
D51269,Monsoon - Analytics setup,C11013,Monsoon Finserv Pvt Ltd,118000.0,INR,Prospecting,10,Events,Priya Nair,2025-11-10,2025-10-12,
D51270,Aurora - Pilot,C10152,Aurora Logistics Solutions,309700.0,INR,Closed Won,100,Website,Priya Nair,2026-07-01,2026-08-18,
D51271,Orbit - Analytics setup,C10656,Orbit Labs LLP,127200.0,INR,Closed Won,100,Events,Ayesha Khan,2026-01-03,2026-04-06,
D51272,Granite - Analytics setup,C10303,Granite Realty Group,170400.0,INR,Closed Won,100,Website,Neha Joshi,2025-10-14,2025-12-20,
D51273,Silverline - Renewal,C10005,Silverline Logistics Pvt Ltd,582800.0,INR,Closed Won,100,Cold Outreach,Ayesha Khan,2025-09-27,2025-10-29,
D51274,Indus - Consulting,C11170,Indus Textiles Group,421600.0,INR,Closed Won,100,Events,Priya Nair,2025-02-13,2025-04-18,
D51275,Granite - Expansion,C10117,Granite Logistics LLP,485700.0,INR,Closed Won,100,Cold Outreach,Sneha Iyer,2025-02-13,2025-05-11,
D51276,Lumen - Consulting,C10800,Lumen Pharma Group,91300.0,INR,Negotiation,75,Cold Outreach,Vikram Rao,2025-04-23,2025-06-26,
D51277,Apex - Consulting,C11043,Apex Hospitality Group,92400.0,INR,Prospecting,10,LinkedIn,Ayesha Khan,2025-07-24,2025-10-04,
D51278,Monsoon - Pilot,C10917,Monsoon Textiles Industries,142000.0,INR,Closed Won,100,Website,Sneha Iyer,2025-02-07,2025-04-09,
D51279,Banyan - Expansion,C10266,Banyan Textiles Ltd,83600.0,INR,Negotiation,75,LinkedIn,Rohit Kulkarni,2026-09-23,2026-11-19,
D51280,Cedar - Analytics setup,C10810,Cedar Textiles Solutions,243600.0,INR,Qualification,25,LinkedIn,Ayesha Khan,2026-09-06,2027-01-02,
D51281,Peacock - Renewal,C10845,Peacock Pharma Solutions,197700.0,INR,Closed Won,100,Cold Outreach,Ayesha Khan,2025-06-25,2025-10-08,
D51282,Indus - Analytics setup,C10487,Indus Logistics Ltd,173900.0,INR,Closed Won,100,LinkedIn,Arjun Mehta,2025-08-23,2025-09-27,
D51283,Meridian - Pilot,C10288,Meridian Ventures Pvt Ltd,196100.0,INR,Closed Won,100,LinkedIn,Arjun Mehta,2025-11-29,2025-12-23,
D51284,Pinnacle - Consulting,C10319,Pinnacle Foods Group,510900.0,INR,Proposal,50,Website,Ayesha Khan,2026-08-10,2026-11-02,
D51285,Kestrel - Pilot,C10417,Kestrel Finserv Solutions,115500.0,INR,Closed Won,100,LinkedIn,Sneha Iyer,2025-09-02,2025-08-17,
D51286,Kestrel - Expansion,C10801,Kestrel Labs Solutions,162100.0,INR,Closed Won,100,Cold Outreach,Rohit Kulkarni,2025-01-16,2025-04-15,
D51287,Monsoon - Analytics setup,C96985,Monsoon Labs Solutions,160600.0,INR,Prospecting,10,LinkedIn,Sneha Iyer,2026-09-02,2026-12-10,
D51288,Monsoon - Renewal,C10682,Monsoon Motors Solutions,102200.0,INR,Prospecting,10,LinkedIn,Sneha Iyer,2026-05-05,2026-07-24,
D51289,Kestrel - Analytics setup,C10646,Kestrel Foods Group,51600.0,INR,Closed Won,100,Referral,Neha Joshi,2025-04-27,2025-05-18,
D51290,Aurora - Annual plan,C10770,Aurora Retail Solutions,-452500.0,INR,Closed Lost,0,Events,Neha Joshi,2025-06-28,2025-09-24,Timing
D51291,Silverline - Annual plan,C10758,Silverline Foods Group,135200.0,INR,Qualification,25,LinkedIn,Ayesha Khan,2026-08-08,2026-11-29,
D51292,Aurora - Analytics setup,C10299,Aurora Textiles Pvt Ltd,836400.0,INR,Prospecting,10,Cold Outreach,Vikram Rao,2026-07-19,2026-10-07,
D51293,Lumen - Consulting,C10952,Lumen Ventures Industries,240800.0,INR,Closed Won,100,Paid Ads,Sneha Iyer,2026-03-11,2026-05-10,
D51294,Meridian - Expansion,C10226,Meridian Realty Ltd,68500.0,INR,Closed Won,100,Referral,Ayesha Khan,2025-09-28,2025-12-01,
D51295,Pinnacle - Annual plan,C10112,Pinnacle Foods Group,530000.0,INR,Prospecting,10,Referral,Vikram Rao,2025-07-25,2025-09-16,
D51296,Everest - Pilot,C10398,Everest Retail Pvt Ltd,177700.0,INR,Closed Won,100,Events,Neha Joshi,2026-03-20,2026-05-04,
D51297,Meridian - Renewal,C10883,Meridian Ventures Pvt Ltd,,INR,Negotiation,75,Website,Sneha Iyer,2026-09-21,2026-11-12,
D51298,Aurora - Expansion,C10316,Aurora Foods Solutions,128100.0,INR,Closed Won,100,Website,Priya Nair,2026-03-27,2026-04-22,
D51299,Apex - Expansion,C10131,Apex Learning Group,204200.0,INR,Closed Won,100,Paid Ads,Priya Nair,2025-01-07,2025-02-23,
D51300,Meridian - Pilot,C10335,Meridian Learning Pvt Ltd,408900.0,INR,Closed Won,100,LinkedIn,Neha Joshi,2024-12-25,2025-02-04,
D51301,Granite - Consulting,C10633,Granite Labs Group,128800.0,INR,Closed Won,100,Cold Outreach,Arjun Mehta,2026-05-21,2026-04-15,
D51302,Coral - Renewal,C10564,Coral Textiles Pvt Ltd,114000.0,INR,Closed-Won,100,Referral,Ayesha Khan,2025-06-26,2025-08-11,
D51303,Granite - Pilot,C10235,Granite Tech Group,235100.0,INR,Closed Won,100,Events,Rohit Kulkarni,2025-06-16,2025-07-30,
D51304,Meridian - Annual plan,C10883,Meridian Ventures Pvt Ltd,122500.0,INR,Qualification,25,Website,Sneha Iyer,2026-09-13,2026-12-11,
D51305,Indus - Renewal,C10581,Indus Ventures Pvt Ltd,2619300.0,INR,Closed Won,100,Paid Ads,Neha Joshi,2025-10-21,2026-01-23,
D51306,Granite - Expansion,C10027,Granite Textiles Pvt Ltd,,INR,Closed Won,100,Events,Arjun Mehta,2026-03-31,2026-07-13,
D51307,Everest - Renewal,C10811,Everest Learning Solutions,158000.0,INR,Closed Won,100,Cold Outreach,Vikram Rao,2026-06-20,2026-09-30,
D51308,Saffron - Annual plan,C10309,Saffron Realty LLP,109400.0,INR,Closed Lost,0,Paid Ads,Priya Nair,2025-12-18,2026-01-15,Timing
D51309,Saffron - Pilot,C10155,Saffron Tech Ltd,297300.0,INR,Closed Won,100,LinkedIn,Priya Nair,2026-05-06,2026-07-29,
D51310,Nova - Annual plan,C11160,Nova Finserv Ltd,242200.0,INR,Qualification,25,Website,Vikram Rao,2025-02-26,2025-06-20,
D51311,Saffron - Renewal,C10042,Saffron Realty LLP,359900.0,INR,Closed Won,100,Paid Ads,Neha Joshi,2026-01-04,2026-02-25,
D51312,Harbor - Analytics setup,C10078,Harbor Tech Group,122200.0,INR,Closed Won,100,Website,Ayesha Khan,2025-05-21,2025-07-15,
D51313,Apex - Expansion,C10263,Apex Logistics Solutions,335300.0,INR,Closed Won,100,Website,Ayesha Khan,2026-05-15,2026-08-13,
D51314,Zenith - Renewal,C10621,Zenith Hospitality LLP,28700.0,INR,Closed Won,100,Referral,Rohit Kulkarni,2025-12-19,2026-04-09,
D51315,Orbit - Renewal,C10184,Orbit Realty Group,143200.0,INR,Qualification,25,LinkedIn,Vikram Rao,2025-03-18,2025-05-15,
D51316,Aurora - Analytics setup,C10678,Aurora Logistics Solutions,126600.0,INR,Closed Won,100,Referral,Farhan Shaikh,2026-03-30,2026-04-26,
D51317,Quantum - Pilot,C10357,Quantum Realty Group,453700.0,INR,Closed Won,100,Events,Neha Joshi,2026-02-01,2026-03-28,
D51318,Monsoon - Pilot,C11134,Monsoon Labs Solutions,111500.0,INR,Prospecting,10,LinkedIn,Sneha Iyer,2026-09-09,2026-12-04,
D51319,Saffron - Analytics setup,C10227,Saffron Realty Group,487400.0,INR,Closed Won,100,Referral,Sneha Iyer,2025-12-28,2026-03-19,
D51320,Peacock - Renewal,C10590,Peacock Analytics LLP,69900.0,INR,Closed Won,100,LinkedIn,Ayesha Khan,2025-08-10,2025-10-05,
D51321,Orbit - Annual plan,C10172,Orbit Realty Group,38100.0,INR,Closed Won,100,LinkedIn,Ayesha Khan,2026-03-20,2026-05-20,
D51322,Meridian - Renewal,C11081,Meridian Labs Pvt Ltd,167000.0,INR,Qualification,25,Referral,Rohit Kulkarni,2026-08-10,2026-12-06,
D51323,Meridian - Annual plan,C10066,Meridian Tech Group,83500.0,INR,Negotiation,75,Website,Farhan Shaikh,2026-09-14,2027-01-04,
D51324,Meridian - Renewal,C10761,Meridian Realty Industries,92800.0,INR,Closed Won,100,Paid Ads,Ayesha Khan,2025-04-17,2025-06-15,
D51325,Orbit - Pilot,C10667,Orbit Learning Solutions,91000.0,INR,Closed Won,100,Cold Outreach,Sneha Iyer,2026-02-02,2026-05-17,
D51326,Meridian - Annual plan,C10226,Meridian Realty Ltd,194800.0,INR,Closed Won,100,Referral,Ayesha Khan,2025-09-18,2025-06-22,
D51327,Cedar - Consulting,C10810,Cedar Textiles Solutions,313100.0,INR,Qualification,25,LinkedIn,Ayesha Khan,2026-09-22,2026-12-29,
D51328,Kestrel - Consulting,C93229,Kestrel Textiles Industries,27600.0,INR,Closed Won,100,Events,Vikram Rao,2025-02-24,2025-03-21,
D51329,Kestrel - Annual plan,C10258,Kestrel Pharma LLP,327000.0,INR,closed won,100,LinkedIn,Priya Nair,2025-12-24,2026-01-17,
D51330,Aurora - Annual plan,C10727,Aurora Labs Solutions,114600.0,INR,Closed Won,100,Referral,Neha Joshi,2026-06-23,2026-09-23,
D51331,Peacock - Analytics setup,C10805,Peacock Ventures Industries,230700.0,INR,Prospecting,10,Cold Outreach,Rohit Kulkarni,2026-04-18,2026-06-27,
D51332,Aurora - Pilot,C10297,Aurora Hospitality Industries,255000.0,INR,Prospecting,10,LinkedIn,Neha Joshi,2026-09-19,2026-10-10,
D51333,Meridian - Consulting,C10335,Meridian Learning Pvt Ltd,237800.0,INR,Closed Won,100,LinkedIn,Neha Joshi,2024-12-20,2025-04-15,
D51334,Everest - Annual plan,C10718,Everest Tech Group,221200.0,INR,Closed Won,100,Events,Arjun Mehta,2026-05-23,2026-06-15,
D51335,Everest - Consulting,C11002,Everest Pharma Group,291600.0,INR,Closed Won,100,Website,Rohit Kulkarni,2026-06-22,2026-08-18,
D51336,Apex - Expansion,C10304,Apex Realty LLP,309700.0,INR,Closed Lost,0,Cold Outreach,Priya Nair,2025-03-05,2025-04-25,Timing
D51337,Orbit - Pilot,C10174,Orbit Textiles Pvt Ltd,189500.0,INR,Closed Won,100,Cold Outreach,Arjun Mehta,2025-02-23,2025-04-12,
D51338,Pinnacle - Renewal,C10841,Pinnacle Retail Ltd,163800.0,INR,Qualification,25,Website,Ayesha Khan,2025-07-21,2025-08-24,
D51339,Everest - Analytics setup,C10591,Everest Tech Group,81900.0,INR,Closed Won,100,Events,Sneha Iyer,2025-12-20,2026-03-31,
D51340,Aurora - Renewal,C10059,Aurora Learning LLP,188800.0,INR,Closed Won,100,Website,Arjun Mehta,2025-03-07,2025-04-16,
D51341,Orbit - Renewal,C10609,Orbit Pharma Industries,170800.0,INR,Closed Won,100,LinkedIn,Farhan Shaikh,2025-05-23,2025-07-06,
D51342,Meridian - Consulting,C11081,Meridian Labs Pvt Ltd,81400.0,INR,Proposal,50,Referral,Rohit Kulkarni,2026-08-10,2026-10-20,
D51343,Harbor - Expansion,C11084,Harbor Health Pvt Ltd,152100.0,INR,Proposal,50,Cold Outreach,Sneha Iyer,2026-09-19,2026-11-22,
D51344,Coral - Analytics setup,C11074,Coral Foods Ltd,57500.0,INR,Closed Lost,0,Website,Vikram Rao,2025-08-12,2025-12-02,Went with competitor
D51345,Monsoon - Expansion,C10924,Monsoon Motors LLP,507500.0,INR,Prospecting,10,Referral,Arjun Mehta,2026-07-30,2026-09-08,
D51346,Everest - Analytics setup,C11137,Everest Foods LLP,96900.0,INR,Closed Won,100,Cold Outreach,Sneha Iyer,2026-03-04,2026-05-29,
D51347,Granite - Expansion,C10117,Granite Logistics LLP,311700.0,INR,Closed Won,100,Cold Outreach,Sneha Iyer,2025-03-19,2025-07-03,
D51348,Zenith - Analytics setup,C10399,Zenith Hospitality LLP,66100.0,INR,Closed Won,100,Paid Ads,Arjun Mehta,2025-09-09,2025-10-12,
D51349,Nova - Consulting,C10278,Nova Labs Ltd,72500.0,INR,Prospecting,10,Website,Sneha Iyer,2026-09-03,2026-09-26,
D51350,Aurora - Analytics setup,C10329,Aurora Motors LLP,268800.0,INR,Closed Won,100,Referral,Farhan Shaikh,2025-04-01,2025-07-10,
D51351,Lumen - Analytics setup,C10830,Lumen Finserv Pvt Ltd,91100.0,INR,Closed Won,100,LinkedIn,Sneha Iyer,2026-03-14,2026-04-24,
D51352,Sahyadri - Expansion,C11004,Sahyadri Foods Industries,22000.0,INR,Closed Won,100,Website,Arjun Mehta,2025-04-26,2025-06-16,
D51353,Cedar - Renewal,C10856,Cedar Analytics Ltd,288900.0,INR,Closed Won,100,LinkedIn,Ayesha Khan,2026-06-12,2026-07-12,
D51354,Silverline - Consulting,C10005,Silverline Logistics Pvt Ltd,440900.0,INR,Closed Won,100,Cold Outreach,Ayesha Khan,2025-08-25,2025-11-04,
D51355,Pinnacle - Analytics setup,C10841,Pinnacle Retail Ltd,85000.0,INR,Closed Won,100,Website,Ayesha Khan,2025-07-30,2025-10-15,
D51356,Granite - Renewal,C10235,Granite Tech Group,170700.0,INR,Closed Won,100,Events,Rohit Kulkarni,2025-07-26,2025-09-11,
D51357,Kestrel - Renewal,C10488,Kestrel Tech LLP,1040800.0,INR,Closed Won,100,Referral,Sneha Iyer,2026-02-28,2026-06-06,
D51358,Apex - Pilot,C10459,Apex Logistics Solutions,,INR,Closed Won,100,Referral,Rohit Kulkarni,2025-11-11,2026-01-03,
D51359,Granite - Renewal,C10685,Granite Logistics LLP,,INR,Closed Won,100,Referral,Rohit Kulkarni,2026-02-06,2026-05-06,
D51360,Orbit - Consulting,C10656,Orbit Labs LLP,165800.0,INR,Closed Won,100,Events,Ayesha Khan,2026-01-05,2026-03-11,
D51361,Indus - Renewal,C11032,Indus Logistics Group,170700.0,INR,Closed Won,100,Cold Outreach,Priya Nair,2025-12-09,2026-01-02,
D51362,Granite - Annual plan,C10102,Granite Hospitality Ltd,440700.0,INR,Closed Won,100,Website,Sneha Iyer,2026-05-29,2026-04-17,
D51363,Cedar - Annual plan,C10484,Cedar Learning Pvt Ltd,60000.0,INR,Closed Won,100,Website,Ayesha Khan,2025-12-26,2026-04-13,
D51364,Silverline - Annual plan,C11112,Silverline Foods Group,538300.0,INR,Closed Won,100,Website,Priya Nair,2026-05-09,2026-08-05,
D51365,Indus - Consulting,C11170,Indus Textiles Group,145700.0,INR,Closed Won,100,Events,Priya Nair,2025-03-25,2025-06-02,
D51366,Pinnacle - Renewal,C10466,Pinnacle Health Solutions,200900.0,INR,Closed Won,100,Website,Priya Nair,2025-05-20,2025-09-12,
D51367,Pinnacle - Annual plan,C10832,Pinnacle Realty Group,82400.0,INR,Closed Won,100,Referral,Sneha Iyer,2026-05-08,2026-05-29,
D51368,Orbit - Annual plan,C10667,Orbit Learning Solutions,149000.0,INR,Closed Won,100,Cold Outreach,Sneha Iyer,2026-04-04,2026-07-22,
D51369,Banyan - Expansion,C11050,Banyan Analytics LLP,174100.0,INR,Closed Won,100,Website,Priya Nair,2025-08-27,2025-10-01,
D51370,Banyan - Expansion,C10630,Banyan Analytics LLP,189500.0,INR,Closed Won,100,Website,Neha Joshi,2025-08-02,2025-10-05,
D51371,Banyan - Annual plan,C10191,Banyan Analytics Solutions,195000.0,INR,Closed Won,100,LinkedIn,Rohit Kulkarni,2025-02-23,2025-04-28,
D51372,Harbor - Consulting,C10156,Harbor Health Pvt Ltd,351400.0,INR,Closed Lost,0,Cold Outreach,Sneha Iyer,2025-12-13,2026-01-04,No budget
D51373,Monsoon - Expansion,C94397,Monsoon Motors Solutions,103800.0,INR,Closed Won,100,Website,Neha Joshi,2025-09-01,2025-10-28,
D51374,Kestrel - Analytics setup,C11181,Kestrel Foods Group,392900.0,INR,Negotiation,75,LinkedIn,Arjun Mehta,2026-08-26,2026-11-29,
D51375,Meridian - Annual plan,C10288,Meridian Ventures Pvt Ltd,79000.0,INR,Closed Won,100,LinkedIn,Arjun Mehta,2025-09-03,2025-11-25,
D51376,Cedar - Consulting,C10252,Cedar Realty Group,65800.0,INR,Prospecting,10,Cold Outreach,Sneha Iyer,2026-09-10,2026-11-30,
D51377,Orbit - Renewal,C10667,Orbit Learning Solutions,135400.0,INR,Negotiation,75,Cold Outreach,Sneha Iyer,2026-04-26,2026-05-28,
D51378,Orbit - Consulting,C11127,Orbit Textiles Pvt Ltd,744400.0,INR,Proposal,50,Paid Ads,Priya Nair,2024-12-18,2025-01-24,
D51379,Vertex - Expansion,C10127,Vertex Finserv Group,375800.0,INR,Closed Won,100,Events,Sneha Iyer,2025-12-16,2026-02-07,
D51380,Cedar - Pilot,C10311,Cedar Health Solutions,130500.0,INR,Closed Won,100,Website,Vikram Rao,2025-11-29,2026-03-28,
D51381,Silverline - Analytics setup,C11026,Silverline Foods Group,131000.0,INR,Closed Won,100,Referral,Vikram Rao,2025-04-09,2025-05-06,
D51382,Indus - Analytics setup,C94147,Indus Finserv Group,314900.0,INR,Closed Won,100,Website,Ayesha Khan,2026-02-20,2026-06-13,
D51383,Apex - Annual plan,C10221,Apex Logistics Solutions,26100.0,INR,Closed Won,100,LinkedIn,Priya Nair,2025-07-30,2025-11-01,
D51384,Saffron - Pilot,C10823,Saffron Logistics Industries,174600.0,INR,Closed Won,100,Referral,Vikram Rao,2026-06-06,2026-06-28,
D51385,Sahyadri - Renewal,C11004,Sahyadri Foods Industries,135600.0,INR,Negotiation,75,Website,Arjun Mehta,2025-02-11,2025-05-02,
D51386,Pinnacle - Expansion,C10349,Pinnacle Health Solutions,317000.0,INR,Closed Won,100,Cold Outreach,Farhan Shaikh,2025-04-03,2025-05-19,
D51387,Meridian - Consulting,C10869,Meridian Pharma Pvt Ltd,485200.0,INR,Closed Won,100,Website,Ayesha Khan,2025-03-22,2025-04-23,
D51388,Aurora - Annual plan,C10676,Aurora Finserv Group,150000.0,INR,Closed Won,100,Referral,Neha Joshi,2026-03-22,2026-05-14,
D51389,Kestrel - Pilot,C10865,Kestrel Pharma Pvt Ltd,106500.0,INR,Closed Won,100,Cold Outreach,Priya Nair,2026-03-14,2026-05-10,
D51390,Pinnacle - Pilot,C10841,Pinnacle Retail Ltd,129300.0,INR,Closed Won,100,Website,Ayesha Khan,2025-08-14,2025-09-22,
D51391,Orbit - Renewal,C10420,Orbit Realty Solutions,111000.0,INR,Closed Won,100,Website,Arjun Mehta,2025-10-28,2025-12-28,
D51392,Blue - Pilot,C10710,Blue Lotus Motors Pvt Ltd,,INR,Closed Won,100,Cold Outreach,Ayesha Khan,2026-04-30,2026-07-03,
D51393,Lumen - Expansion,C11083,Lumen Ventures Industries,367600.0,INR,Closed Won,100,Website,Ayesha Khan,2025-06-17,2025-09-25,
D51394,Aurora - Analytics setup,C10305,Aurora Foods Solutions,361000.0,INR,Closed Won,100,LinkedIn,Rohit Kulkarni,2025-12-08,2026-02-07,
D51395,Quantum - Pilot,C10060,Quantum Learning Group,62600.0,INR,Proposal,50,Events,Neha Joshi,2025-10-26,2026-01-30,
D51396,Orbit - Renewal,C10332,Orbit Textiles Pvt Ltd,142800.0,INR,Qualification,25,Paid Ads,Sneha Iyer,2026-08-16,2026-09-30,
D51397,Everest - Renewal,C10398,Everest Retail Pvt Ltd,740600.0,INR,Negotiation,75,Events,Neha Joshi,2026-04-07,2026-06-26,
D51398,Granite - Pilot,C10303,Granite Realty Group,144900.0,INR,Closed Won,100,Website,Neha Joshi,2025-10-18,2025-11-27,
D51399,Granite - Pilot,C10117,Granite Logistics LLP,259800.0,INR,Closed Won,100,Cold Outreach,Sneha Iyer,2025-04-19,2025-06-29,
D51400,Silverline - Pilot,C10665,Silverline Foods Group,34400.0,INR,Closed Won,100,Website,Vikram Rao,2026-06-16,2026-09-24,
D51401,Coral - Consulting,C11039,Coral Retail Pvt Ltd,82900.0,INR,Closed Won,100,Cold Outreach,Neha Joshi,2025-10-06,2026-01-09,
D51402,Monsoon - Consulting,C10406,Monsoon Tech Solutions,171800.0,INR,Closed Won,100,Website,Farhan Shaikh,2025-10-20,2026-01-04,
D51403,Nova - Annual plan,C10278,Nova Labs Ltd,211200.0,INR,Qualification,25,Website,Sneha Iyer,2026-09-22,2026-11-03,
D51404,Silverline - Annual plan,C10785,Silverline Logistics Industries,336700.0,INR,Closed Won,100,Paid Ads,Ayesha Khan,2025-02-23,2025-05-22,
D51405,Vertex - Pilot,C10242,Vertex Learning Ltd,793200.0,INR,Closed Won,100,Events,Farhan Shaikh,2026-02-27,2026-04-27,
D51406,Granite - Expansion,C10807,Granite Motors LLP,294000.0,INR,Closed Won,100,Cold Outreach,Ayesha Khan,2026-05-31,2026-08-18,
D51407,Banyan - Pilot,C10094,Banyan Hospitality Solutions,200000.0,INR,Proposal,50,Events,Rohit Kulkarni,2026-09-05,2026-10-18,
D51408,Sahyadri - Consulting,C10628,Sahyadri Tech Pvt Ltd,223500.0,INR,Closed Won,100,Referral,Rohit Kulkarni,2025-06-25,2025-10-07,
D51409,Everest - Pilot,C10901,Everest Health Group,-185000.0,INR,Closed Won,100,Events,Sneha Iyer,2025-01-18,2025-03-01,
D51410,Banyan - Consulting,C10471,Banyan Ventures Industries,118800.0,INR,closed won,10,Website,Neha Joshi,2026-07-22,2026-11-16,
D51411,Kestrel - Annual plan,C10488,Kestrel Tech LLP,64400.0,INR,Closed Won,100,Referral,Sneha Iyer,2025-12-21,2026-02-20,
D51412,Pinnacle - Expansion,C10781,Pinnacle Realty Group,1017000.0,INR,Closed Won,100,LinkedIn,Vikram Rao,2026-05-04,2026-05-28,
D51413,Zenith - Renewal,C11106,Zenith Tech Solutions,242500.0,INR,Closed Won,100,LinkedIn,Ayesha Khan,2026-05-03,2026-06-06,
D51414,Meridian - Renewal,C10731,Meridian Ventures Industries,164600.0,INR,Proposal,50,Cold Outreach,Rohit Kulkarni,2026-07-16,2026-09-19,
D51415,Vertex - Annual plan,C10242,Vertex Learning Ltd,232200.0,INR,Closed Won,100,Events,Farhan Shaikh,2026-04-02,2026-05-07,
D51416,Aurora - Annual plan,C10305,Aurora Foods Solutions,105300.0,INR,Closed Lost,0,LinkedIn,Rohit Kulkarni,2026-03-28,2026-07-16,Price
D51417,Banyan - Consulting,C10442,Banyan Foods Pvt Ltd,274800.0,INR,Prospecting,10,Paid Ads,Sneha Iyer,2026-08-29,2026-11-24,
D51418,Sahyadri - Pilot,C10744,Sahyadri Foods Industries,74500.0,INR,Closed Won,100,Website,Rohit Kulkarni,2026-05-03,2026-08-01,
D51419,Orbit - Renewal,C11164,Orbit Retail Industries,318200.0,INR,Closed Won,100,Website,Vikram Rao,2026-06-26,2026-09-19,
D51420,Granite - Pilot,C10284,Granite Health Industries,659500.0,INR,Qualification,25,Referral,Arjun Mehta,2026-06-25,2026-07-21,
D51421,Silverline - Pilot,C10665,Silverline Foods Group,-134000.0,INR,Closed Won,100,Website,Vikram Rao,2026-04-29,2026-06-29,
D51422,Saffron - Consulting,C10364,Saffron Tech Industries,423400.0,INR,Closed Won,100,Cold Outreach,Ayesha Khan,2025-06-03,2025-09-09,
D51423,Pinnacle - Renewal,C11104,Pinnacle Motors LLP,220900.0,INR,Closed Lost,0,Cold Outreach,Priya Nair,2025-04-03,2025-05-19,No response
D51424,Blue - Annual plan,C10820,Blue Lotus Analytics Ltd,306500.0,INR,Negotiation,75,Website,Neha Joshi,2025-07-04,2025-08-09,
D51425,Cedar - Annual plan,C10764,Cedar Textiles Solutions,54100.0,INR,Proposal Sent,75,LinkedIn,Farhan Shaikh,2025-03-08,2025-04-20,
D51426,Zenith - Pilot,C11106,Zenith Tech Solutions,248000.0,INR,Closed Won,100,LinkedIn,Ayesha Khan,2026-05-26,2026-08-14,
D51427,Orbit - Analytics setup,C10137,Orbit Tech Ltd,220100.0,INR,Closed Won,100,Website,Farhan Shaikh,2025-11-18,2026-03-10,
D51428,Pinnacle - Expansion,C10781,Pinnacle Realty Group,130900.0,INR,Closed Won,100,LinkedIn,Vikram Rao,2026-04-28,2026-06-24,
D51429,Saffron - Consulting,C11147,Saffron Retail Solutions,91000.0,INR,Closed Won,100,Paid Ads,Neha Joshi,2025-09-18,2026-01-15,
D51430,Harbor - Consulting,C11133,Harbor Health Pvt Ltd,268200.0,INR,Closed Won,100,Website,Farhan Shaikh,2025-05-22,2025-06-27,
D51431,Harbor - Renewal,C10093,Harbor Labs Ltd,310000.0,INR,Closed Won,100,Referral,Vikram Rao,2025-12-13,2026-02-10,
D51432,Silverline - Renewal,C10467,Silverline Finserv LLP,119900.0,INR,Closed Won,100,Cold Outreach,Vikram Rao,2025-06-11,2025-07-14,
D51433,Sahyadri - Analytics setup,C10998,Sahyadri Tech Pvt Ltd,599500.0,INR,Closed Won,100,Paid Ads,Ayesha Khan,2025-12-16,2025-10-10,
D51434,Cedar - Pilot,C10922,Cedar Pharma LLP,232100.0,INR,Closed Won,100,Events,Sneha Iyer,2025-07-15,2025-08-28,
D51435,Trident - Analytics setup,C10659,Trident Finserv Solutions,307200.0,INR,Proposal,50,Referral,Rohit Kulkarni,2026-09-20,2026-11-15,
D51436,Pinnacle - Pilot,C10993,Pinnacle Foods Group,279400.0,INR,Negotiation,75,Cold Outreach,Farhan Shaikh,2025-04-27,2025-08-18,
D51437,Sahyadri - Consulting,C11152,Sahyadri Motors Industries,599100.0,INR,Closed Won,100,Referral,Vikram Rao,2026-06-19,2026-09-18,
D51438,Saffron - Consulting,C10410,Saffron Realty LLP,65800.0,INR,Closed Won,100,LinkedIn,Ayesha Khan,2025-01-31,2025-03-30,
D51439,Saffron - Consulting,C11165,Saffron Tech Ltd,99200.0,INR,Proposal,50,Referral,Vikram Rao,2026-07-03,2026-10-20,
D51440,Banyan - Expansion,C10442,Banyan Foods Pvt Ltd,325700.0,INR,Negotiation,75,Paid Ads,Sneha Iyer,2026-08-25,2026-12-08,
D51441,Vertex - Expansion,C11109,Vertex Learning Industries,90100.0,INR,Prospecting,10,LinkedIn,Neha Joshi,2026-05-11,2026-07-22,
D51442,Aurora - Analytics setup,C10689,Aurora Labs Pvt Ltd,169800.0,INR,Closed Won,100,Cold Outreach,Vikram Rao,2025-07-02,2025-08-01,
D51443,Vertex - Annual plan,C10130,Vertex Learning Industries,324900.0,INR,Closed Won,100,Cold Outreach,Farhan Shaikh,2026-04-19,2026-05-23,
D51444,Blue - Analytics setup,C11096,Blue Lotus Foods Pvt Ltd,525400.0,INR,Closed Won,100,Referral,Farhan Shaikh,2025-01-27,2025-04-30,
D51445,Silverline - Consulting,C10885,Silverline Ventures Industries,342600.0,INR,Negotiation,75,Website,Sneha Iyer,2026-07-08,2026-08-07,
D51446,Nova - Expansion,C10010,Nova Retail Group,70400.0,INR,Closed Won,100,Referral,Farhan Shaikh,2026-04-06,2026-07-14,
D51447,Everest - Annual plan,C10787,Everest Health Group,129600.0,INR,Closed Won,100,Cold Outreach,Sneha Iyer,2025-06-14,2025-10-05,
D51448,Indus - Analytics setup,C10405,Indus Textiles Pvt Ltd,539100.0,INR,Proposal Sent,0,Cold Outreach,Priya Nair,2025-02-20,2025-03-26,No response
D51449,Apex - Expansion,C10263,Apex Logistics Solutions,579500.0,INR,Closed Won,100,Website,Ayesha Khan,2026-05-31,2026-09-04,
D51450,Kestrel - Expansion,C10151,Kestrel Pharma Solutions,,INR,Closed Won,100,Cold Outreach,Priya Nair,2026-06-13,2026-08-13,
D51451,Banyan - Pilot,C10442,Banyan Foods Pvt Ltd,182000.0,INR,Qualification,25,Paid Ads,Sneha Iyer,2026-09-28,2027-01-23,
D51452,Sahyadri - Renewal,C10372,Sahyadri Motors Industries,102200.0,INR,Closed Won,100,Website,Vikram Rao,2025-10-12,2025-11-04,
D51453,Aurora - Pilot,C10244,Aurora Retail LLP,306700.0,INR,Proposal,50,LinkedIn,Farhan Shaikh,2026-09-26,2026-12-09,
D51454,Zenith - Analytics setup,C11038,Zenith Retail Group,363700.0,INR,Closed Won,100,Paid Ads,Vikram Rao,2025-04-01,2025-05-21,
D51455,Harbor - Pilot,C10054,Harbor Pharma LLP,129800.0,INR,Closed Won,100,LinkedIn,Farhan Shaikh,2026-01-10,2026-03-25,
D51456,Orbit - Analytics setup,C11127,Orbit Textiles Pvt Ltd,58800.0,INR,Closed Won,100,Paid Ads,Priya Nair,2025-01-20,2025-05-06,
D51457,Saffron - Consulting,C10823,Saffron Logistics Industries,395600.0,INR,Closed Won,100,Referral,Vikram Rao,2026-04-09,2026-06-24,
D51458,Aurora - Annual plan,C10555,Aurora Labs Solutions,168000.0,INR,Closed Won,100,Events,Arjun Mehta,2026-06-28,2026-08-06,
D51459,Saffron - Expansion,C10098,Saffron Tech Industries,333000.0,INR,Closed Won,100,Website,Priya Nair,2026-01-08,2026-03-27,
D51460,Lumen - Consulting,C10800,Lumen Pharma Group,,INR,Closed Won,100,Cold Outreach,Vikram Rao,2025-02-03,2025-05-16,
D51461,Saffron - Renewal,C10472,Saffron Retail Solutions,313400.0,INR,Closed Won,100,Website,Ayesha Khan,2025-09-21,2025-12-23,
D51462,Granite - Pilot,C10657,Granite Motors LLP,435400.0,INR,Closed Lost,0,Events,Vikram Rao,2025-01-12,2025-04-09,Went with competitor
D51463,Kestrel - Analytics setup,C10997,Kestrel Finserv Solutions,192700.0,INR,Qualification,25,Events,Neha Joshi,2026-08-23,2026-11-02,
D51464,Orbit - Renewal,C10172,Orbit Realty Group,330200.0,INR,Proposal,50,LinkedIn,Ayesha Khan,2026-01-18,2026-02-09,
D51465,Everest - Pilot,C11086,Everest Logistics LLP,110400.0,INR,Proposal,50,Cold Outreach,Sneha Iyer,2026-09-13,2026-12-30,
D51466,Harbor - Pilot,C10237,Harbor Health Pvt Ltd,88000.0,INR,Closed Lost,0,LinkedIn,Neha Joshi,2025-01-11,2025-03-24,No budget
D51467,Everest - Analytics setup,C10787,Everest Health Group,204500.0,INR,Closed Won,100,Cold Outreach,Sneha Iyer,2025-08-03,2025-09-03,
D51468,Blue - Analytics setup,C10213,Blue Lotus Textiles Industries,706200.0,INR,Closed Won,100,Cold Outreach,Sneha Iyer,2025-05-05,2025-08-23,
D51469,Coral - Pilot,C10443,Coral Textiles Pvt Ltd,,INR,Closed Won,100,Events,Arjun Mehta,2026-02-07,2026-04-23,
D51470,Kestrel - Analytics setup,C10151,Kestrel Pharma Solutions,80200.0,INR,Closed Won,100,Cold Outreach,Priya Nair,2026-04-20,2026-07-24,
D51471,Cedar - Consulting,C10149,Cedar Textiles Solutions,114700.0,INR,Closed Won,100,Referral,Sneha Iyer,2026-04-02,2026-06-03,
D51472,Aurora - Annual plan,C10244,Aurora Retail LLP,183200.0,INR,Proposal,50,LinkedIn,Farhan Shaikh,2026-09-19,2026-12-02,
D51473,Cedar - Analytics setup,C10863,Cedar Pharma LLP,115200.0,INR,Negotiation,75,LinkedIn,Rohit Kulkarni,2026-09-23,2026-11-24,
D51474,Blue - Consulting,C10500,Blue Lotus Analytics Ltd,863800.0,INR,Closed Won,100,Referral,Farhan Shaikh,2025-08-26,2025-09-27,
D51475,Harbor - Consulting,C10133,Harbor Labs Ltd,307600.0,INR,Qualification,25,LinkedIn,Priya Nair,2026-09-06,2026-10-27,
D51476,Quantum - Expansion,C10458,Quantum Health Pvt Ltd,811300.0,INR,Closed Won,100,Website,Sneha Iyer,2026-03-27,2026-07-22,
D51477,Meridian - Analytics setup,C10504,Meridian Health Group,233300.0,INR,Closed Won,100,Events,Rohit Kulkarni,2025-04-11,2025-06-26,
D51478,Aurora - Expansion,C10512,Aurora Labs Solutions,311500.0,INR,Closed Lost,0,Events,Farhan Shaikh,2026-04-17,2026-06-20,No response
D51479,Harbor - Analytics setup,C10078,Harbor Tech Group,120000.0,INR,Closed Won,100,Website,Ayesha Khan,2025-03-04,2025-05-17,
D51480,Coral - Consulting,C10905,Coral Textiles Pvt Ltd,87000.0,INR,Negotiation,75,Events,Rohit Kulkarni,2026-09-02,2026-11-04,
D51481,Orbit - Renewal,C10211,Orbit Foods Pvt Ltd,50900.0,INR,Closed Won,100,LinkedIn,Neha Joshi,2026-02-01,2026-04-14,
D51482,Everest - Pilot,C11115,Everest Pharma Group,553400.0,INR,Closed Won,100,Website,Ayesha Khan,2025-10-20,2025-12-08,
D51483,Peacock - Pilot,C10845,Peacock Pharma Solutions,211200.0,INR,Negotiation,75,Cold Outreach,Ayesha Khan,2025-06-19,2025-09-15,
D51484,Kestrel - Annual plan,C10801,Kestrel Labs Solutions,198900.0,INR,Closed Won,100,Cold Outreach,Rohit Kulkarni,2025-03-12,2025-05-06,
D51485,Sahyadri - Pilot,C10347,Sahyadri Pharma Industries,89000.0,INR,Closed Won,100,Website,Sneha Iyer,2025-01-21,2025-03-11,
D51486,Apex - Pilot,C11131,Apex Retail Group,82500.0,INR,Closed Won,100,Cold Outreach,Priya Nair,2025-12-23,2026-01-29,
D51487,Granite - Expansion,C10117,Granite Logistics LLP,,INR,Closed Won,100,Cold Outreach,Sneha Iyer,2025-03-19,2025-04-09,
D51488,Cedar - Consulting,C10764,Cedar Textiles Solutions,96500.0,INR,Negotiation,75,LinkedIn,Farhan Shaikh,2025-05-31,2025-07-04,
D51489,Meridian - Expansion,C10640,Meridian Labs Pvt Ltd,142000.0,INR,Closed Lost,0,Paid Ads,Sneha Iyer,2025-06-28,2025-09-12,No response
D51490,Sahyadri - Renewal,C11152,Sahyadri Motors Industries,,INR,Closed Won,100,Referral,Vikram Rao,2026-05-05,2026-06-11,
D51491,Zenith - Expansion,C10035,Zenith Analytics LLP,183900.0,INR,Closed Won,100,Cold Outreach,Vikram Rao,2026-04-24,2026-06-27,
D51492,Quantum - Annual plan,C10916,Quantum Learning Pvt Ltd,174400.0,INR,Proposal,50,Events,Farhan Shaikh,2025-04-26,2025-06-13,
D51493,Cedar - Expansion,C10956,Cedar Motors Pvt Ltd,239300.0,INR,Qualification,25,Website,Vikram Rao,2026-02-10,2026-03-20,
D51494,Harbor - Annual plan,C10918,Harbor Ventures Group,77400.0,INR,Closed Won,100,Paid Ads,Farhan Shaikh,2025-01-26,2025-02-15,
D51495,Kestrel - Expansion,C10488,Kestrel Tech LLP,645200.0,INR,Closed Won,100,Referral,Sneha Iyer,2025-12-15,2026-03-22,
D51496,Granite - Analytics setup,C10510,Granite Learning Pvt Ltd,237900.0,INR,Closed Won,100,Events,Sneha Iyer,2025-04-23,2025-06-11,
D51497,Banyan - Expansion,C10953,Banyan Retail Pvt Ltd,80100.0,INR,Qualification,25,Website,Priya Nair,2026-09-29,2026-12-17,
D51498,Lumen - Renewal,C10188,Lumen Logistics Ltd,116400.0,INR,Closed Won,100,Cold Outreach,Vikram Rao,2026-05-21,2026-07-30,
D51499,Orbit - Expansion,C10097,Orbit Labs Group,567700.0,INR,Negotiation,75,LinkedIn,Priya Nair,2026-08-25,2026-10-13,
